date,open,close,high,low,volume,code,ret_0_1_d,ret_0_5_d,ret_0_21_d,ret_0_62_d,ret_0_123_d,ret_0_246_d,ma5,ma21,ma62,ma123,ma246
2012-10-09,12.958,14.362,15.16,12.873,187154.0,300356,,,,,,,,,,,
2012-10-10,13.918,14.513,14.709000000000001,13.5,138917.0,300356,0.01051,,,,,,,,,,
2012-10-11,14.100999999999999,13.095,14.147,13.062000000000001,103327.0,300356,-0.09771,,,,,,13.99,,,,
2012-10-12,12.814,12.845999999999998,13.290999999999999,12.422,70844.0,300356,-0.01901,,,,,,13.704,,,,
2012-10-15,12.84,13.415,13.415,12.735,61911.0,300356,0.04429,,,,,,13.6462,,,,
2012-10-16,13.284,13.088,13.487,12.964,45270.0,300356,-0.02438,-0.08871,,,,,13.3914,,,,
2012-10-17,13.088,13.16,13.460999999999999,13.069,40885.0,300356,0.0055,-0.09323,,,,,13.1208,,,,
2012-10-18,13.186,13.284,13.297,12.937999999999999,46682.0,300356,0.00942,0.01443,,,,,13.1586,,,,
2012-10-19,13.193,13.422,13.780999999999999,13.147,56697.0,300356,0.01039,0.04484,,,,,13.2738,,,,
2012-10-22,13.395,13.107999999999999,13.624,13.015999999999998,58131.0,300356,-0.02339,-0.02288,,,,,13.2124,,,,
2012-10-23,13.082,12.533,13.154000000000002,12.494000000000002,49932.0,300356,-0.04387,-0.04241,,,,,13.1014,13.34782,,,
2012-10-24,12.33,12.383,12.474,12.219000000000001,28108.0,300356,-0.01197,-0.05904,,,,,12.946,13.26742,,,
2012-10-25,12.448,12.062000000000001,12.572000000000001,12.036,26360.0,300356,-0.02592,-0.09199,,,,,12.7016,13.17469,,,
2012-10-26,11.964,12.089,12.285,11.899000000000001,23896.0,300356,0.00224,-0.09931,,,,,12.435,13.09714,,,
2012-10-29,12.082,12.285,12.311,11.814,23339.0,300356,0.01621,-0.06279,,,,,12.2704,13.043,,,
2012-10-30,12.193,11.958,12.285,11.925,20956.0,300356,-0.02662,-0.04588,,,,,12.1554,12.97519,,,
2012-10-31,11.950999999999999,12.245,12.265,11.932,19805.0,300356,0.024,-0.01114,,,,,12.1278,12.93224,,,
2012-11-01,12.206,12.324000000000002,12.409,12.173,24332.0,300356,0.00645,0.02172,,,,,12.1802,12.89844,,,
2012-11-02,12.376,12.277999999999999,12.460999999999999,12.270999999999999,20510.0,300356,-0.00373,0.01563,,,,,12.218,12.86579,,,
2012-11-05,12.206,11.912,12.252,11.827,22783.0,300356,-0.02981,-0.03036,,,,,12.1434,12.8181,,,
2012-11-06,11.814,12.134,12.140999999999998,11.808,19625.0,300356,0.01864,0.01472,,,,,12.1786,12.78552,,,
2012-11-07,12.089,11.945,12.128,11.892000000000001,12398.0,300356,-0.01558,-0.0245,-0.16829,,,,12.1186,12.67043,,,
2012-11-08,11.762,11.285,11.800999999999998,11.285,26185.0,300356,-0.05525,-0.08431,-0.22242,,,,11.9108,12.51671,,,
2012-11-09,11.298,11.265,11.533,11.2,16841.0,300356,-0.00177,-0.08251,-0.13975,,,,11.7082,12.42957,,,
2012-11-12,11.383,11.468,11.565999999999999,11.331,14322.0,300356,0.01802,-0.03727,-0.10727,,,,11.6194,12.36395,,,
2012-11-13,11.468,11.272,11.52,11.089,15023.0,300356,-0.01709,-0.07104,-0.15975,,,,11.447,12.2619,,,
2012-11-14,11.298,11.612,11.677,11.174000000000001,27011.0,300356,0.03016,-0.02788,-0.11278,,,,11.3804,12.19162,,,
2012-11-15,11.552999999999999,11.265,11.552999999999999,11.225999999999999,16843.0,300356,-0.02988,-0.00177,-0.144,,,,11.3764,12.10138,,,
2012-11-16,11.272,11.546,11.683,11.174000000000001,24465.0,300356,0.02494,0.02494,-0.13083,,,,11.4326,12.01862,,,
2012-11-19,11.442,11.592,11.651,11.245999999999999,17707.0,300356,0.00398,0.01081,-0.13634,,,,11.4574,11.93148,,,
2012-11-20,11.597999999999999,11.468,11.780999999999999,11.442,19728.0,300356,-0.0107,0.01739,-0.12511,,,,11.4966,11.85338,12.36174,,
2012-11-21,11.52,11.696,11.755,11.435,20761.0,300356,0.01988,0.00723,-0.06678,,,,11.5134,11.81352,12.34094,,
2012-11-22,11.67,11.892000000000001,12.115,11.572000000000001,38307.0,300356,0.01676,0.05566,-0.03965,,,,11.6388,11.79014,12.32733,,
2012-11-23,11.86,11.821,12.069,11.780999999999999,21645.0,300356,-0.00597,0.02382,-0.01998,,,,11.6938,11.77867,12.31244,,
2012-11-26,11.808,11.324000000000002,11.892000000000001,11.252,21351.0,300356,-0.04204,-0.02312,-0.06328,,,,11.6402,11.74224,12.2842,,
2012-11-27,11.304,10.514000000000001,11.304,10.488,22817.0,300356,-0.07153,-0.08319,-0.14416,,,,11.4494,11.6579,12.23503,,
2012-11-28,10.455,10.377,10.546,10.272,11009.0,300356,-0.01303,-0.11277,-0.13221,,,,11.1856,11.58262,12.18481,,
2012-11-29,10.422,9.892999999999999,10.552999999999999,9.847000000000001,14096.0,300356,-0.04664,-0.1681,-0.19208,,,,10.7858,11.47062,12.1245,,
2012-11-30,9.932,10.011000000000001,10.056000000000001,9.808,10433.0,300356,0.01193,-0.15312,-0.18768,,,,10.4238,11.36048,12.07031,,
2012-12-03,10.03,9.552999999999999,10.03,9.54,13262.0,300356,-0.04575,-0.15639,-0.22194,,,,10.0696,11.23071,12.00738,,
2012-12-04,9.475,9.749,9.782,9.324,10995.0,300356,0.02052,-0.07276,-0.18158,,,,9.9166,11.12771,11.95229,,
2012-12-05,9.717,10.082,10.305,9.619,25187.0,300356,0.03416,-0.02843,-0.16911,,,,9.8576,11.03,11.90776,,
2012-12-06,10.03,10.05,10.18,9.88,13871.0,300356,-0.00317,0.01587,-0.15864,,,,9.889,10.93976,11.86456,,
2012-12-07,9.978,10.324000000000002,10.35,9.932,19067.0,300356,0.02726,0.03127,-0.08516,,,,9.9516,10.894,11.82955,,
2012-12-10,10.429,10.52,10.54,10.272,19154.0,300356,0.01898,0.10122,-0.06613,,,,10.145,10.85852,11.80044,,
2012-12-11,10.488,10.311,10.488,10.311,16194.0,300356,-0.01987,0.05765,-0.10089,,,,10.2574,10.80343,11.76807,,
2012-12-12,10.324000000000002,10.644,10.729000000000001,10.279000000000002,24382.0,300356,0.0323,0.05574,-0.05571,,,,10.3698,10.77352,11.74415,,
2012-12-13,10.585999999999999,10.357000000000001,10.585999999999999,10.311,15956.0,300356,-0.02696,0.03055,-0.10808,,,,10.4312,10.71376,11.71525,,
2012-12-14,10.292,10.782,10.88,10.292,25459.0,300356,0.04104,0.04436,-0.04288,,,,10.5228,10.69076,11.6962,,
2012-12-17,10.782,10.847000000000001,11.05,10.716,24423.0,300356,0.00603,0.03108,-0.06054,,,,10.5882,10.65748,11.67922,,
2012-12-18,10.834000000000001,10.834000000000001,11.004000000000001,10.677,17968.0,300356,-0.0012,0.05072,-0.06539,,,,10.6928,10.62138,11.66265,,
2012-12-19,10.84,11.03,11.213,10.800999999999998,22510.0,300356,0.01809,0.03626,-0.03819,,,,10.77,10.60052,11.65048,,
2012-12-20,10.984000000000002,11.977,12.134,10.925,66591.0,300356,0.08586,0.15642,0.02403,,,,11.094,10.6139,11.65664,,
2012-12-21,11.984000000000002,12.546,12.937999999999999,11.847000000000001,75817.0,300356,0.04751,0.16361,0.05499,,,,11.4468,10.64505,11.67311,,
2012-12-24,12.552,13.8,13.8,12.448,68870.0,300356,0.09995,0.27224,0.16741,,,,12.0374,10.73929,11.71178,,
2012-12-25,14.062000000000001,15.16,15.179,14.062000000000001,86402.0,300356,0.09855,0.3993,0.33875,,,,12.9026,10.92195,11.77336,,
2012-12-26,14.807,15.787,16.465999999999998,14.761,82177.0,300356,0.04136,0.43128,0.50152,,,,13.854,11.17305,11.84377,,
2012-12-27,15.591,16.31,16.989,15.29,80772.0,300356,0.03313,0.36178,0.57175,,,,14.7206,11.45557,11.92078,,
2012-12-28,16.114,16.127,16.845,15.689,68095.0,300356,-0.01122,0.28543,0.63014,,,,15.4368,11.75243,11.99207,,
2012-12-31,15.812999999999999,15.356,16.074,15.225,58436.0,300356,-0.04781,0.11275,0.53391,,,,15.748,12.00695,12.04813,,
2013-01-04,15.421,15.918,16.133,15.264000000000001,63711.0,300356,0.0366,0.05,0.66628,,,,15.8996,12.31005,12.11157,,
2013-01-07,15.552,15.911,16.114,15.16,55951.0,300356,-0.00044,0.00785,0.63206,,,,15.9244,12.60348,12.17285,12.17285,
2013-01-08,15.63,15.748,16.387999999999998,15.499,57317.0,300356,-0.01024,-0.03446,0.56199,0.0965,,,15.812,12.87329,12.19521,12.2296,
2013-01-09,15.218,15.029000000000002,15.258,14.63,55830.0,300356,-0.04566,-0.06808,0.49542,0.03555,,,15.5924,13.11038,12.20353,12.27334,
2013-01-10,14.905,15.238,15.454,14.898,34154.0,300356,0.01391,-0.00768,0.47598,0.16365,,,15.5688,13.34438,12.2381,12.31895,
2013-01-11,15.812999999999999,16.761,16.761,15.754000000000001,106432.0,300356,0.09995,0.05296,0.59325,0.30476,,,15.7374,13.64157,12.30124,12.38626,
2013-01-14,16.414,16.937,17.153,15.845999999999998,89861.0,300356,0.0105,0.06448,0.64261,0.26254,,,15.9426,13.9571,12.35805,12.45418,
2013-01-15,16.695,16.525,16.878,16.355,45957.0,300356,-0.02433,0.04934,0.55252,0.26261,,,16.098,14.23714,12.41348,12.51404,
2013-01-16,16.303,15.82,16.434,15.46,38266.0,300356,-0.04266,0.05263,0.52747,0.20213,,,16.2562,14.49729,12.45639,12.56196,
2013-01-17,15.571,15.472999999999999,16.166,15.356,28653.0,300356,-0.02193,0.01542,0.43508,0.16478,,,16.3032,14.72067,12.49169,12.60354,
2013-01-18,15.663,15.702,15.852,15.485999999999999,21110.0,300356,0.0148,-0.06318,0.44759,0.16987,,,16.0914,14.95186,12.52847,12.64718,
2013-01-21,15.709000000000001,15.95,15.989,15.395,23002.0,300356,0.01579,-0.05827,0.47222,0.21681,,,15.894,15.19548,12.57431,12.69306,
2013-01-22,15.944,14.637,15.944,14.539000000000001,40467.0,300356,-0.08232,-0.11425,0.32702,0.16788,,,15.5164,15.36724,12.60824,12.71968,
2013-01-23,14.427999999999999,14.845999999999998,14.872,14.362,15801.0,300356,0.01428,-0.06157,0.23954,0.1989,,,15.3216,15.50386,12.64797,12.74842,
2013-01-24,14.866,14.323,15.015999999999998,14.127,22395.0,300356,-0.03523,-0.07432,0.14164,0.18745,,,15.0916,15.58848,12.68444,12.76941,
2013-01-25,14.389000000000001,14.493,14.761,14.376,13431.0,300356,0.01187,-0.077,0.05022,0.19886,,,14.8498,15.62148,12.72321,12.79209,
2013-01-28,14.376,14.780999999999999,14.944,14.376,16811.0,300356,0.01987,-0.07329,-0.025,0.20317,,,14.616,15.60343,12.76347,12.81792,
2013-01-29,14.964,15.14,15.258,14.728,22772.0,300356,0.02429,0.03436,-0.04098,0.2661,,,14.7166,15.57262,12.81479,12.84769,
2013-01-30,14.995999999999999,14.65,15.152999999999999,14.493,18671.0,300356,-0.03236,-0.0132,-0.10178,0.19641,,,14.6774,15.49357,12.85358,12.87051,
2013-01-31,14.617,14.323,14.761,14.165999999999999,15212.0,300356,-0.02232,0.0,-0.11186,0.1622,,,14.6774,15.40767,12.88582,12.88866,
2013-02-01,14.245,14.454,14.610999999999999,14.245,11797.0,300356,0.00915,-0.00269,-0.05874,0.17723,,,14.6696,15.36471,12.92092,12.90799,
2013-02-04,14.572000000000001,14.152999999999999,14.63,13.885,15539.0,300356,-0.02082,-0.04249,-0.11088,0.18813,,,14.544,15.28067,12.95706,12.92317,
2013-02-05,14.055,14.709000000000001,14.82,13.997,20656.0,300356,0.03928,-0.02847,-0.07555,0.21221,,,14.4578,15.22343,12.9986,12.94469,
2013-02-06,14.702,14.767999999999999,14.8,14.552,13245.0,300356,0.00401,0.00805,-0.06223,0.23633,,,14.4814,15.17676,13.04413,12.96639,
2013-02-07,14.675999999999998,14.892000000000001,15.009,14.675999999999998,14292.0,300356,0.0084,0.03973,-0.00912,0.31963,,,14.5952,15.17024,13.10231,12.98905,
2013-02-08,14.950999999999999,15.264000000000001,15.343,14.898,17938.0,300356,0.02498,0.05604,0.00171,0.35499,,,14.7572,15.17148,13.16681,13.0155,
2013-02-18,15.264000000000001,15.152999999999999,15.532,15.042,13875.0,300356,-0.00727,0.07066,-0.09594,0.32133,,,14.9572,15.0949,13.22624,13.04007,
2013-02-19,15.088,14.382,15.225,14.317,23515.0,300356,-0.05088,-0.02223,-0.15085,0.2759,,,14.8918,14.97324,13.2764,13.05532,
2013-02-20,14.474,14.637,14.696,14.395,12780.0,300356,0.01773,-0.00887,-0.11425,0.26051,,,14.8656,14.88333,13.32519,13.07309,
2013-02-21,14.539000000000001,14.31,14.539000000000001,14.165999999999999,14322.0,300356,-0.02234,-0.03908,-0.09545,0.27031,,,14.7492,14.81143,13.37431,13.08683,
2013-02-22,14.31,14.434000000000001,14.675999999999998,14.245,9602.0,300356,0.00867,-0.05438,-0.06715,0.25013,,,14.5832,14.76195,13.42089,13.10164,
2013-02-25,14.505999999999998,14.591,14.683,14.376,8806.0,300356,0.01088,-0.03709,-0.07076,0.25871,,,14.4708,14.70905,13.46926,13.11783,
2013-02-26,14.505999999999998,14.578,14.879000000000001,14.356,17163.0,300356,-0.00089,0.01363,-0.08602,0.27119,,,14.51,14.64371,13.51942,13.13353,
2013-02-27,14.722000000000001,14.284,14.755,14.179,13594.0,300356,-0.02017,-0.02412,-0.02412,0.22127,,,14.4394,14.6269,13.56116,13.14577,
2013-02-28,14.258,14.591,14.597999999999999,13.997,17994.0,300356,0.02149,0.01964,-0.01718,0.22696,,,14.4956,14.61476,13.60469,13.16098,
2013-03-01,14.774000000000001,15.898,16.003,14.774000000000001,52235.0,300356,0.08958,0.10143,0.10996,0.34489,,,14.7884,14.68976,13.67045,13.18949,
2013-03-04,15.748,15.302999999999999,15.748,15.114,32581.0,300356,-0.03743,0.0488,0.05589,0.35138,,,14.9308,14.72833,13.73463,13.21128,
2013-03-05,15.335999999999999,15.715,15.787,15.225,19984.0,300356,0.02692,0.07799,0.06319,0.49467,,,15.1582,14.77281,13.81852,13.23683,
2013-03-06,15.767000000000001,15.944,15.97,15.552,26256.0,300356,0.01457,0.11621,0.0531,0.53647,,,15.4902,14.8111,13.90831,13.26417,
2013-03-07,15.859000000000002,15.655999999999999,16.323,15.447000000000001,25144.0,300356,-0.01806,0.07299,0.06867,0.58253,,,15.7032,14.859,14.00126,13.28809,
2013-03-08,15.675999999999998,15.434000000000001,15.911,15.434000000000001,12626.0,300356,-0.01418,-0.02919,0.07757,0.5417,,,15.6104,14.9119,14.08873,13.30934,
2013-03-11,15.434000000000001,15.232000000000001,15.499,15.165999999999999,9127.0,300356,-0.01309,-0.00464,0.05383,0.59447,,,15.5962,14.94895,14.18032,13.32819,
2013-03-12,15.068,14.173,15.421,13.885,22837.0,300356,-0.06952,-0.09812,0.00141,0.45379,,,15.2878,14.9499,14.25168,13.33639,
2013-03-13,14.049000000000001,14.152999999999999,14.33,13.853,10701.0,300356,-0.00141,-0.11233,-0.0378,0.40379,,,14.9296,14.92343,14.31734,13.34424,
2013-03-14,14.088,14.31,14.408,14.088,9474.0,300356,0.01109,-0.08597,-0.03101,0.42388,,,14.6604,14.90162,14.38605,13.35344,
2013-03-15,14.487,15.133,15.258,14.297,20618.0,300356,0.05751,-0.0195,0.01618,0.46581,,,14.6002,14.9131,14.46361,13.37023,
2013-03-18,15.349,15.989,16.303,15.343,46169.0,300356,0.05657,0.0497,0.0475,0.51987,,,14.7516,14.94762,14.55182,13.3947,
2013-03-19,15.911,15.989,16.199,15.427999999999999,31155.0,300356,0.0,0.12813,0.05517,0.55067,,,15.1148,14.98743,14.6434,13.41872,
2013-03-20,15.009,14.885,15.022,14.389000000000001,67529.0,300356,-0.06905,0.05172,0.03497,0.39844,,,15.2612,15.01138,14.71181,13.43217,
2013-03-21,14.572000000000001,14.519,14.63,14.362,45150.0,300356,-0.02459,0.01461,-0.00806,0.40185,,,15.303,15.00576,14.77894,13.44205,
2013-03-22,14.389000000000001,14.447000000000001,14.624,14.389000000000001,21814.0,300356,-0.00496,-0.04533,0.00957,0.33992,,,15.1658,15.01229,14.83805,13.45111,
2013-03-25,14.505999999999998,14.127,14.532,14.075,22306.0,300356,-0.02215,-0.11646,-0.02127,0.30239,,,14.7934,14.99767,14.89095,13.45714,
2013-03-26,14.134,14.48,14.48,14.055,20630.0,300356,0.02499,-0.09438,-0.00761,0.33653,,,14.4916,14.99238,14.94976,13.46619,
2013-03-27,14.434000000000001,14.362,14.5,14.232000000000001,13646.0,300356,-0.00815,-0.03514,-0.01482,0.30209,,,14.387,14.9821,15.0035,13.47405,
2013-03-28,14.297,13.33,14.297,13.33,26834.0,300356,-0.07186,-0.08189,-0.06679,0.11297,,,14.1492,14.93667,15.02532,13.4728,
2013-03-29,13.323,13.193,13.448,13.186,9243.0,300356,-0.01028,-0.0868,-0.09581,0.05157,,,13.8984,14.8701,15.03576,13.47039,
2013-04-01,13.382,13.539000000000001,13.67,13.265,9429.0,300356,0.02623,-0.04162,-0.14838,-0.01891,,,13.7808,14.75776,15.03155,13.47097,
2013-04-02,13.546,13.100999999999999,13.65,13.01,10435.0,300356,-0.03235,-0.09523,-0.14389,-0.13582,,,13.505,14.6529,14.99834,13.46784,
2013-04-03,13.120999999999999,12.579,13.232000000000001,12.474,11163.0,300356,-0.03984,-0.12415,-0.19955,-0.20321,,,13.1484,14.50357,14.9466,13.46037,
2013-04-08,12.513,12.748,12.788,12.270999999999999,8012.0,300356,0.01344,-0.04366,-0.20045,-0.21839,,,13.032,14.35138,14.88915,13.45443,
2013-04-09,12.735,12.866,12.873,12.709000000000001,8055.0,300356,0.00926,-0.02479,-0.17821,-0.20221,,,12.9666,14.21852,14.83655,13.44957,
2013-04-10,12.925,12.572000000000001,12.925,12.415,7167.0,300356,-0.02285,-0.07142,-0.18543,-0.1813,,,12.7732,14.08224,14.79165,13.44238,
2013-04-11,12.657,12.507,12.683,12.481,5177.0,300356,-0.00517,-0.04534,-0.1789,-0.21429,,,12.6544,13.95248,14.73663,13.43477,13.43477
2013-04-12,12.539000000000001,12.409,12.644,12.389000000000001,5021.0,300356,-0.00784,-0.01351,-0.12446,-0.2201,-0.13598,,12.6204,13.86848,14.68015,13.41889,13.4265
2013-04-15,12.290999999999999,11.937999999999999,12.395999999999999,11.925,8160.0,300356,-0.03796,-0.06354,-0.1565,-0.24194,-0.17743,,12.4584,13.763,14.61869,13.39796,13.41459
2013-04-16,11.780999999999999,12.075,12.120999999999999,11.780999999999999,5333.0,300356,0.01148,-0.06148,-0.15618,-0.19655,-0.07789,,12.3002,13.65657,14.57105,13.38967,13.40396
2013-04-17,12.082,12.252,12.270999999999999,12.062000000000001,6117.0,300356,0.01466,-0.02545,-0.19038,-0.19596,-0.04624,,12.2362,13.51938,14.52289,13.38484,13.39489
2013-04-18,12.245,12.415,12.435,12.102,6785.0,300356,0.0133,-0.00736,-0.22353,-0.25929,-0.07454,,12.2178,13.34919,14.45279,13.37671,13.38723
2013-04-19,12.546,13.107999999999999,13.16,12.448,23788.0,300356,0.05582,0.05633,-0.18019,-0.22607,0.00153,,12.3576,13.212,14.39103,13.37687,13.38507
2013-04-22,13.134,13.107999999999999,13.212,12.827,14742.0,300356,0.0,0.09801,-0.11938,-0.20678,-0.00395,,12.5916,13.12738,14.33592,13.37645,13.38294
2013-04-23,12.997,12.467,13.069,12.448,11468.0,300356,-0.0489,0.03246,-0.14133,-0.21195,-0.0615,,12.67,13.02967,14.28184,13.3698,13.37595
2013-04-24,12.546,12.762,12.86,12.448,8101.0,300356,0.02366,0.04163,-0.11663,-0.17521,-0.04917,,12.772,12.94943,14.23811,13.36444,13.3713
2013-04-25,12.683,12.533,12.794,12.494000000000002,8967.0,300356,-0.01794,0.0095,-0.11283,-0.20182,-0.04387,,12.7956,12.87352,14.187,13.35976,13.36499
2013-04-26,12.474,11.970999999999998,12.552,11.958,8519.0,300356,-0.04484,-0.08674,-0.17327,-0.24947,-0.04484,,12.5682,12.75405,14.12282,13.3552,13.35459
2013-05-02,11.958,12.239,12.383,11.892000000000001,4772.0,300356,0.02239,-0.0663,-0.14782,-0.16383,-0.01163,,12.3944,12.65295,14.08415,13.35402,13.34633
2013-05-03,12.245,12.565999999999999,12.610999999999999,12.245,7343.0,300356,0.02672,0.00794,-0.05731,-0.15358,0.04178,,12.4142,12.61657,14.04737,13.35812,13.34059
2013-05-06,12.605,12.845999999999998,12.905,12.605,9160.0,300356,0.02228,0.00658,-0.0263,-0.10312,0.06262,,12.431,12.60005,14.02355,13.36428,13.33698
2013-05-07,12.853,12.762,12.925,12.657,7316.0,300356,-0.00654,0.01827,-0.05739,-0.11944,0.03883,,12.4768,12.56305,13.99563,13.36815,13.33281
2013-05-08,12.866,13.127,13.154000000000002,12.677,13817.0,300356,0.0286,0.09657,0.00198,-0.1119,0.09776,,12.708,12.56429,13.96895,13.37766,13.33133
2013-05-09,13.082,13.675999999999998,13.780999999999999,13.003,28724.0,300356,0.04182,0.11741,0.08721,-0.0967,0.11686,,12.9954,12.61652,13.94534,13.38929,13.33379
2013-05-10,13.533,13.585,13.716,13.167,18972.0,300356,-0.00665,0.08109,0.06566,-0.0727,0.10232,,13.1992,12.65638,13.92816,13.39954,13.33557
2013-05-13,13.427999999999999,13.5,13.572000000000001,13.270999999999999,9187.0,300356,-0.00626,0.05091,0.04928,-0.05746,0.09953,,13.33,12.68657,13.91489,13.40948,13.33673
2013-05-14,13.533,13.069,13.624,12.99,10582.0,300356,-0.03193,0.02406,0.03953,-0.09582,0.09713,,13.3914,12.71024,13.89255,13.41889,13.33486
2013-05-15,13.003,13.505999999999998,13.526,13.003,10672.0,300356,0.03344,0.02887,0.07988,-0.04571,0.11307,,13.4672,12.75781,13.88211,13.43004,13.33605
2013-05-16,13.591,13.427999999999999,14.042,13.402000000000001,24399.0,300356,-0.00578,-0.01813,0.08212,-0.08709,0.12415,,13.4176,12.80633,13.86145,13.4421,13.33668
2013-05-17,13.395,13.460999999999999,13.742,13.167,17065.0,300356,0.00246,-0.00913,0.12758,-0.0885,0.19282,,13.3928,12.87886,13.84037,13.45979,13.33753
2013-05-20,13.513,14.081,14.100999999999999,13.513,24890.0,300356,0.04606,0.04304,0.16613,-0.05446,0.24998,,13.509,12.97438,13.82729,13.48268,13.34259
2013-05-21,14.349,14.505999999999998,14.67,14.152999999999999,27952.0,300356,0.03018,0.10995,0.18397,-0.04966,0.26491,,13.7964,13.08171,13.81506,13.50738,13.35045
2013-05-22,14.526,14.16,14.572000000000001,14.100999999999999,16055.0,300356,-0.02385,0.04842,0.14056,-0.06553,0.25621,,13.9272,13.16481,13.79905,13.53086,13.35589
2013-05-23,14.055,14.343,14.604000000000001,14.055,19070.0,300356,0.01292,0.06814,0.09422,-0.00271,0.23519,,14.1102,13.22362,13.79842,13.55307,13.36247
2013-05-24,14.317,14.689,14.767999999999999,14.317,24653.0,300356,0.02412,0.09123,0.12061,0.00355,0.30395,,14.3558,13.2989,13.79926,13.5809,13.37125
2013-05-27,14.62,14.481,14.799000000000001,14.352,20962.0,300356,-0.01416,0.02841,0.16155,0.01195,0.2542,,14.4358,13.39481,13.80202,13.60476,13.37855
2013-05-28,14.481,13.765999999999998,14.481,13.508,26760.0,300356,-0.04938,-0.05101,0.07867,-0.04628,0.18754,,14.2878,13.44262,13.79124,13.62244,13.38108
2013-05-29,13.765999999999998,13.765999999999998,13.984000000000002,13.675999999999998,15612.0,300356,0.0,-0.02782,0.09838,-0.05654,0.20038,,14.209,13.50133,13.77794,13.64112,13.38358
2013-05-30,13.776,14.004000000000001,14.152999999999999,13.776,20620.0,300356,0.01729,-0.02364,0.16983,-0.03937,0.19733,,14.1412,13.59814,13.76868,13.65989,13.38759
2013-05-31,13.925,13.765999999999998,14.044,13.716,15852.0,300356,-0.017,-0.06284,0.12477,-0.03626,0.15758,,13.9566,13.67086,13.76032,13.67512,13.39001
2013-06-03,13.725999999999999,13.13,13.905,13.12,20061.0,300356,-0.0462,-0.09329,0.04488,-0.10013,0.11074,,13.6864,13.69771,13.73676,13.68576,13.38836
2013-06-04,13.11,12.743,13.299000000000001,12.614,17414.0,300356,-0.02947,-0.07431,-0.00802,-0.19845,0.12531,,13.4818,13.69281,13.68587,13.6973,13.38427
2013-06-05,12.713,12.862,12.862,12.673,8436.0,300356,0.00934,-0.06567,0.00784,-0.15951,0.22332,,13.301,13.69757,13.6465,13.71639,13.38099
2013-06-06,12.862,12.495,12.862,12.465,9757.0,300356,-0.02853,-0.10775,-0.04815,-0.2049,0.20411,,12.9992,13.66748,13.59456,13.73361,13.37545
2013-06-07,12.614,12.802,13.011,12.514000000000001,15299.0,300356,0.02457,-0.07003,-0.06391,-0.19706,0.29405,,12.8064,13.62586,13.54389,13.75726,13.37189
2013-06-13,12.235999999999999,12.395,12.594000000000001,12.017999999999999,10078.0,300356,-0.03179,-0.05598,-0.0876,-0.20829,0.23814,,12.6594,13.56919,13.49129,13.77664,13.36586
2013-06-14,12.405,12.793,12.852,12.395,11040.0,300356,0.03211,0.00392,-0.05237,-0.17112,0.33916,,12.6694,13.53552,13.44869,13.80298,13.36234
2013-06-17,12.882,12.922,13.13,12.614,16122.0,300356,0.01008,0.00466,-0.01125,-0.15165,0.32547,,12.6814,13.52852,13.41144,13.82878,13.35966
2013-06-18,12.932,12.960999999999999,13.2,12.614,12434.0,300356,0.00302,0.03729,-0.04035,-0.08551,0.28556,,12.7746,13.50257,13.39189,13.85219,13.35724
2013-07-23,14.262,14.262,14.262,14.262,8574.0,300356,0.10038,0.11404,0.06211,0.0077,0.4191,,13.0666,13.54229,13.39365,13.88643,13.36269
2013-07-24,14.898,15.295,15.444,14.411,101765.0,300356,0.07243,0.23397,0.13625,0.06883,0.4815,,13.6466,13.62962,13.40953,13.92685,13.37426
2013-07-25,14.898,14.064,15.077,13.905,53934.0,300356,-0.08048,0.09935,-0.00121,-0.07064,0.33688,,13.9008,13.62881,13.39229,13.95566,13.37837
2013-07-26,14.064,14.213,14.382,13.786,27233.0,300356,0.01059,0.09991,-0.0202,-0.11108,0.37843,,14.159,13.61486,13.36365,13.98738,13.38331
2013-07-29,14.183,13.607000000000001,14.203,13.557,21676.0,300356,-0.04264,0.04984,-0.03905,-0.14898,0.27837,,14.2882,13.58852,13.32523,14.01147,13.38462
2013-07-30,13.745999999999999,13.020999999999999,13.745999999999999,12.693,22769.0,300356,-0.04307,-0.08701,-0.09217,-0.12523,0.25722,,14.04,13.52557,13.29516,14.03313,13.3825
2013-07-31,13.061,13.061,13.15,12.822000000000001,15257.0,300356,0.00307,-0.14606,-0.11083,-0.10042,0.21137,,13.5932,13.44805,13.27165,14.05166,13.38063
2013-08-01,13.020999999999999,13.895,14.152999999999999,12.932,30410.0,300356,0.06385,-0.01202,-0.04047,-0.03821,0.281,,13.5594,13.42014,13.26274,14.07644,13.3836
2013-08-02,13.885,13.786,14.431,13.755999999999998,33598.0,300356,-0.00784,-0.03004,0.00145,-0.02414,0.27248,,13.474,13.4211,13.25724,14.10044,13.38591
2013-08-05,13.955,14.253,14.382,13.786,28858.0,300356,0.03387,0.04748,0.03538,-0.01568,0.2922,,13.6032,13.44429,13.25358,14.12664,13.39087
2013-08-06,14.253,14.142999999999999,14.282,13.865,24564.0,300356,-0.00772,0.08617,0.00993,-0.01525,0.18085,,13.8276,13.4509,13.25005,14.14425,13.39514
2013-08-07,14.054,13.517999999999999,14.133,13.508,25239.0,300356,-0.04419,0.03499,-0.01802,0.0141,0.07747,,13.919,13.4391,13.25308,14.15215,13.39584
2013-08-08,13.498,13.706,13.825,13.339,14302.0,300356,0.01391,-0.0136,0.04387,0.03888,-0.00681,,13.8812,13.46652,13.26135,14.15139,13.39758
2013-08-09,13.657,13.498,13.845,13.21,17738.0,300356,-0.01518,-0.02089,0.05925,-0.00303,-0.10963,,13.8236,13.50248,13.26069,14.13788,13.39814
2013-08-12,13.458,13.408,13.587,13.13,16186.0,300356,-0.00667,-0.05929,0.04245,0.02343,-0.15069,,13.6546,13.52848,13.26565,14.11854,13.39819
2013-08-13,13.388,13.885,13.885,13.269,22310.0,300356,0.03558,-0.01824,0.11124,0.10382,-0.14868,,13.603,13.59467,13.28671,14.09882,13.40088
2013-08-14,14.004000000000001,14.044,14.262,13.885,35566.0,300356,0.01145,0.03891,0.09702,0.10166,-0.12916,,13.7082,13.65381,13.30761,14.08189,13.40442
2013-08-15,13.905,13.557,14.044,13.537,18906.0,300356,-0.03468,-0.01087,0.09375,0.05371,-0.11715,,13.6784,13.70914,13.31876,14.06726,13.40525
2013-08-16,13.309000000000001,13.17,13.796,13.11,17643.0,300356,-0.02855,-0.0243,0.02947,0.04757,-0.17263,,13.6128,13.7271,13.3284,14.04492,13.40397
2013-08-19,12.912,13.437999999999999,13.437999999999999,12.912,12595.0,300356,0.02035,0.00224,0.03993,0.07444,-0.15543,,13.6188,13.75167,13.34342,14.02481,13.40416
2013-08-20,13.379000000000001,13.547,13.617,13.299000000000001,12068.0,300356,0.00811,-0.02434,0.04521,0.09171,-0.13976,,13.5512,13.77957,13.36177,14.00692,13.40492
2013-08-21,13.537,13.706,13.706,13.309000000000001,12454.0,300356,0.01174,-0.02407,-0.03898,0.1481,-0.08803,,13.4836,13.7531,13.39029,13.99616,13.40653
2013-08-22,13.637,13.965,14.183,13.607000000000001,38311.0,300356,0.0189,0.0301,-0.08696,0.15652,-0.08354,,13.5652,13.68976,13.42077,13.98581,13.40951
2013-08-23,13.855,13.905,14.094000000000001,13.418,26290.0,300356,-0.0043,0.05581,-0.01131,0.13492,-0.1704,,13.7122,13.68219,13.44744,13.96259,13.41213
2013-08-26,13.935,14.302,14.342,13.905,33310.0,300356,0.02855,0.0643,0.00626,0.15199,-0.15558,,13.885,13.68643,13.47787,13.94117,13.41681
2013-08-27,14.262,14.123,14.282,13.965,23056.0,300356,-0.01252,0.04252,0.03792,0.07743,-0.14536,,14.0002,13.711,13.49424,13.92164,13.42051
2013-08-28,14.142999999999999,13.984000000000002,14.699000000000002,13.974,47123.0,300356,-0.00984,0.02028,0.07396,0.06683,-0.11606,,14.0558,13.75686,13.50837,13.90672,13.42344
2013-08-29,13.905,13.577,13.905,13.468,26006.0,300356,-0.0291,-0.02778,0.03951,0.08904,-0.12254,,13.9782,13.78143,13.52627,13.8913,13.42424
2013-08-30,13.567,13.030999999999999,13.696,12.942,23531.0,300356,-0.04022,-0.06286,-0.06218,0.02108,-0.17011,,13.8034,13.74029,13.53061,13.86959,13.42221
2013-09-02,13.2,13.249,13.359000000000002,12.960999999999999,9395.0,300356,0.01673,-0.07363,-0.03895,0.05713,-0.16934,,13.5928,13.71471,13.54216,13.84763,13.42132
2013-09-03,13.398,13.437999999999999,13.458,13.16,10527.0,300356,0.01427,-0.0485,-0.05718,0.12255,-0.08192,,13.4558,13.6759,13.56582,13.83788,13.42141
2013-09-04,13.437999999999999,13.21,13.478,13.16,11440.0,300356,-0.01697,-0.05535,-0.06597,0.07934,-0.1102,,13.301,13.63148,13.58148,13.82458,13.42034
2013-09-05,13.259,13.349,13.468,13.18,12696.0,300356,0.01052,-0.01679,-0.0125,0.06231,-0.068,,13.2554,13.62343,13.59411,13.81666,13.41997
2013-09-06,13.349,13.339,13.458,13.18,10875.0,300356,-0.00075,0.02364,-0.02678,0.03838,-0.07962,,13.317,13.60595,13.60206,13.80728,13.41957
2013-09-09,13.369000000000002,13.369000000000002,13.398,13.21,11718.0,300356,0.00225,0.00906,-0.00956,0.04756,-0.09553,,13.341,13.59981,13.61185,13.7958,13.41932
2013-09-10,13.379000000000001,13.309000000000001,13.448,13.2,12725.0,300356,-0.00449,-0.0096,-0.00738,0.01386,-0.12094,,13.3152,13.5951,13.61479,13.78091,13.41877
2013-09-11,13.329,12.802,13.329,12.743,21501.0,300356,-0.03809,-0.03089,-0.078,-0.06391,-0.12614,,13.2336,13.54352,13.60069,13.76589,13.41571
2013-09-12,12.773,12.902000000000001,13.061,12.763,7922.0,300356,0.00781,-0.03349,-0.08132,-0.05028,-0.09921,,13.1442,13.48914,13.58968,13.75433,13.41318
2013-09-13,12.902000000000001,13.020999999999999,13.091,12.822000000000001,6987.0,300356,0.00922,-0.02384,-0.03954,-0.03548,-0.09914,,13.0806,13.46362,13.58195,13.74268,13.41126
2013-09-16,13.030999999999999,13.091,13.17,12.960999999999999,9545.0,300356,0.00538,-0.02079,-0.006,0.00168,-0.07504,,13.025,13.45986,13.58231,13.73405,13.4097
2013-09-17,13.1,12.574000000000002,13.1,12.514000000000001,13469.0,300356,-0.03949,-0.05523,-0.0643,-0.06901,-0.14515,,12.878,13.41871,13.56727,13.71669,13.40564
2013-09-18,12.584000000000001,12.514000000000001,12.693,12.315999999999999,11633.0,300356,-0.00477,-0.0225,-0.07625,-0.06807,-0.15263,,12.8204,13.36952,13.55253,13.69837,13.40133
2013-09-23,12.534,12.822000000000001,12.902000000000001,12.465,12509.0,300356,0.02461,-0.0062,-0.0645,-0.04747,-0.139,,12.8044,13.32743,13.54223,13.68154,13.39855
2013-09-24,12.822000000000001,12.960999999999999,13.001,12.822000000000001,12924.0,300356,0.01084,-0.00461,-0.07189,-0.07954,-0.15088,,12.7924,13.27962,13.52416,13.66281,13.39645
2013-09-25,12.812000000000001,12.773,12.970999999999998,12.773,8698.0,300356,-0.01451,-0.02429,-0.08141,-0.11947,-0.15706,,12.7288,13.22571,13.49621,13.64346,13.39349
2013-09-26,12.763,12.534,12.862,12.524000000000001,8790.0,300356,-0.01871,-0.00318,-0.12362,-0.11483,-0.12849,,12.7208,13.14152,13.46998,13.62844,13.38941
2013-09-27,12.425,12.345999999999998,12.652999999999999,12.216,9064.0,300356,-0.015,-0.01342,-0.12582,-0.13923,-0.15652,,12.6872,13.0569,13.43777,13.60981,13.38449
2013-09-30,12.345999999999998,12.485,12.564,12.265999999999998,7787.0,300356,0.01126,-0.02628,-0.10719,-0.15004,-0.12753,,12.6198,12.98552,13.40223,13.59498,13.38027
2013-10-08,12.495,12.822000000000001,12.852,12.485,12558.0,300356,0.02699,-0.01072,-0.05561,-0.11456,-0.11168,,12.592,12.94957,13.37547,13.58187,13.37766
2013-10-09,12.614,13.17,13.249,12.614,19733.0,300356,0.02714,0.03108,0.01067,-0.0433,-0.09739,,12.6714,12.95619,13.36585,13.57032,13.37669
2013-10-10,13.19,12.942,13.289000000000001,12.812000000000001,14350.0,300356,-0.01731,0.03255,-0.02317,-0.05986,-0.11222,,12.753,12.94157,13.35256,13.55702,13.37468
2013-10-11,12.960999999999999,13.040999999999999,13.11,12.862,11129.0,300356,0.00765,0.05629,-0.02954,-0.06877,-0.08702,,12.892,12.92267,13.33703,13.54691,13.37314
2013-10-14,13.020999999999999,13.071,13.1,12.812000000000001,11660.0,300356,0.0023,0.04694,-0.01052,-0.05049,-0.10417,,13.0092,12.91605,13.32582,13.53455,13.37176
2013-10-15,13.081,12.644,13.081,12.634,26622.0,300356,-0.03267,-0.01388,-0.05281,-0.03701,-0.20468,,12.9736,12.88248,13.31798,13.5081,13.36843
2013-10-16,12.594000000000001,12.245999999999999,12.614,12.117,13488.0,300356,-0.03148,-0.07016,-0.08194,-0.039,-0.19976,,12.7888,12.83043,13.30997,13.48324,13.36333
2013-10-17,12.306,12.306,12.624,12.245999999999999,10113.0,300356,0.0049,-0.04914,-0.07951,-0.04323,-0.21693,,12.6616,12.77981,13.301,13.45553,13.35855
2013-10-18,12.315999999999999,12.614,12.644,12.315999999999999,9408.0,300356,0.02503,-0.03274,-0.05222,0.00952,-0.20886,,12.5762,12.74671,13.30292,13.42846,13.35519
2013-10-21,12.693,12.932,12.960999999999999,12.455,23426.0,300356,0.02521,-0.01063,0.01015,0.01015,-0.17399,,12.5484,12.7529,13.30502,13.40631,13.3533
2013-10-22,12.912,12.991,13.15,12.822000000000001,30969.0,300356,0.00456,0.02744,0.0069,0.04808,-0.15829,,12.6178,12.75714,13.31463,13.38645,13.35168
2013-10-23,13.011,12.405,13.091,12.315999999999999,24846.0,300356,-0.04511,0.01298,-0.04731,-0.03033,-0.1856,,12.6496,12.72781,13.30837,13.36346,13.34747
2013-10-24,12.335999999999999,12.902000000000001,12.981,12.296,26460.0,300356,0.04006,0.04843,-0.01444,-0.00155,-0.08968,,12.7688,12.71881,13.30805,13.35313,13.3455
2013-10-25,12.852,11.958,13.081,11.919,89232.0,300356,-0.07317,-0.05201,-0.04899,-0.07739,-0.15509,,12.6376,12.68948,13.29187,13.33528,13.33939
2013-10-28,11.968,11.302999999999999,12.038,11.222999999999999,34886.0,300356,-0.05478,-0.12597,-0.09677,-0.20747,-0.21013,,12.3118,12.63181,13.24415,13.31084,13.33046
2013-10-29,11.293,11.104000000000001,11.591,10.786,23048.0,300356,-0.01761,-0.14525,-0.13399,-0.27401,-0.26624,,11.9344,12.55,13.17655,13.27808,13.32073
2013-10-30,11.035,11.372,11.372,10.975,11077.0,300356,0.02414,-0.08327,-0.1226,-0.19141,-0.28876,,11.7278,12.47433,13.13313,13.24054,13.31226
2013-10-31,11.333,11.203,11.333,11.124,11637.0,300356,-0.01486,-0.13169,-0.12292,-0.21178,-0.29933,,11.388,12.39957,13.08458,13.20163,13.30313
2013-11-01,11.203,11.372,11.462,11.064,10693.0,300356,0.01509,-0.049,-0.09271,-0.16425,-0.23601,,11.2708,12.34424,13.04853,13.17307,13.29481
2013-11-04,11.362,11.72,11.839,11.362,18091.0,300356,0.0306,0.03689,-0.0507,-0.09992,-0.19278,,11.3542,12.31443,13.02755,13.15032,13.28805
2013-11-05,11.64,11.74,11.799000000000001,11.520999999999999,6710.0,300356,0.00171,0.05728,-0.05967,-0.10114,-0.18737,,11.4814,12.27895,13.00624,13.12831,13.28143
2013-11-06,11.65,11.869000000000002,12.147,11.64,18442.0,300356,0.01099,0.0437,-0.07433,-0.14581,-0.15984,,11.5808,12.23357,12.97356,13.10995,13.27542
2013-11-07,11.819,11.937999999999999,12.097000000000001,11.819,15868.0,300356,0.00581,0.06561,-0.09355,-0.13405,-0.17555,,11.7278,12.1749,12.94376,13.08928,13.26975
2013-11-08,12.107000000000001,11.927999999999999,12.107000000000001,11.869000000000002,10299.0,300356,-0.00084,0.04889,-0.07835,-0.16312,-0.16948,,11.839,12.12662,12.90626,13.0695,13.26409
2013-11-11,11.998,11.968,12.038,11.849,9432.0,300356,0.00335,0.02116,-0.08228,-0.15379,-0.10218,,11.8886,12.07552,12.87118,13.05842,13.25865
2013-11-12,11.919,11.927999999999999,11.978,11.819,19684.0,300356,-0.00334,0.01601,-0.08745,-0.11762,-0.09588,,11.9262,12.0211,12.84553,13.04814,13.25308
2013-11-13,11.937999999999999,11.899000000000001,12.087,11.869000000000002,9714.0,300356,-0.00243,0.00253,-0.05892,-0.13184,-0.12113,,11.9322,11.98562,12.81639,13.0348,13.24744
2013-11-14,11.839,12.286,12.505,11.73,18921.0,300356,0.03252,0.02915,0.00327,-0.08979,-0.06221,,12.0018,11.98752,12.79684,13.02818,13.24345
2013-11-15,12.286,12.514000000000001,12.732999999999999,12.286,23180.0,300356,0.01856,0.04913,0.0169,-0.06668,-0.00517,,12.119,11.99743,12.78242,13.02765,13.24043
2013-11-18,12.673,12.644,12.743,12.514000000000001,19947.0,300356,0.01039,0.05648,0.00238,-0.08938,-0.00816,,12.2542,11.99886,12.7624,13.0268,13.23798
2013-11-19,12.634,12.722999999999999,13.001,12.514000000000001,18070.0,300356,0.00625,0.06665,-0.01616,-0.09406,-0.01111,,12.4132,11.9889,12.7411,13.02564,13.23587
2013-11-20,12.812000000000001,12.753,12.882,12.574000000000002,12866.0,300356,0.00236,0.07177,-0.01832,-0.05931,0.0144,,12.584,11.97757,12.72813,13.02711,13.2339
2013-11-21,12.703,12.485,12.703,12.425,10929.0,300356,-0.02101,0.0162,0.00645,-0.05201,-0.00176,,12.6238,11.98138,12.71708,13.02693,13.23085
2013-11-22,12.475,12.663,12.902000000000001,12.475,12645.0,300356,0.01426,0.01191,-0.01852,-0.05767,0.02047,-0.1183,12.6536,11.97,12.70458,13.029,13.22395
2013-11-25,12.663,12.802,12.802,12.465,14303.0,300356,0.01098,0.0125,0.07058,-0.05499,0.07237,-0.11789,12.6852,12.01019,12.69256,13.03602,13.21699
2013-11-26,12.783,13.17,13.19,12.584000000000001,35797.0,300356,0.02875,0.03513,0.16518,-0.03911,0.09068,0.00573,12.7746,12.0991,12.68392,13.04493,13.2173
2013-11-27,13.091,13.765999999999998,14.213,12.991,59195.0,300356,0.04525,0.07943,0.23973,-0.01425,0.12357,0.07162,12.9772,12.22586,12.68071,13.05724,13.22104
2013-11-28,13.755999999999998,13.735999999999999,13.895,13.587,35721.0,300356,-0.00218,0.1002,0.20788,-0.01215,0.1064,0.02393,13.2274,12.33843,12.67798,13.06798,13.22234
2013-11-29,13.647,14.014000000000001,14.142999999999999,13.647,34252.0,300356,0.02024,0.10669,0.25091,-0.02014,0.06912,0.07075,13.4976,12.47229,12.67334,13.07534,13.22611
2013-12-02,12.912,12.942,13.269,12.773,56193.0,300356,-0.07649,0.01094,0.13806,-0.08362,-0.01266,-0.01657,13.5256,12.54705,12.65429,13.07399,13.22522
2013-12-03,12.932,12.732999999999999,12.932,12.038,19092.0,300356,-0.01615,-0.03318,0.08643,-0.08946,0.02134,-0.04148,13.4382,12.59529,12.63411,13.07615,13.22298
2013-12-04,12.693,12.652999999999999,13.011,12.514000000000001,17983.0,300356,-0.00628,-0.08085,0.07777,-0.06806,-0.00854,-0.05729,13.2156,12.63876,12.61921,13.07527,13.21985
2013-12-05,12.564,12.445,12.614,12.335999999999999,22121.0,300356,-0.01644,-0.09399,0.04853,-0.04497,-0.00702,-0.05058,12.9574,12.66619,12.60976,13.07455,13.21716
2013-12-06,12.405,12.465,12.614,12.385,15566.0,300356,0.00161,-0.11053,0.04414,-0.05917,0.04127,-0.00543,12.6476,12.69129,12.59711,13.07857,13.21688
2013-12-09,12.584000000000001,12.693,12.703,12.415,13713.0,300356,0.01829,-0.01924,0.06413,-0.05544,0.03709,0.02503,12.5978,12.72771,12.5851,13.08226,13.21814
2013-12-10,12.693,12.942,13.14,12.634,21607.0,300356,0.01962,0.01641,0.08138,-0.02029,0.02992,0.07296,12.6396,12.7741,12.58077,13.08532,13.22172
2013-12-11,13.359000000000002,14.213,14.232999999999999,13.21,169362.0,300356,0.09821,0.12329,0.19157,0.06472,0.10641,0.1757,12.9516,12.8829,12.59471,13.09643,13.23035
2013-12-12,13.458,13.755999999999998,14.024000000000001,13.319,109523.0,300356,-0.03215,0.10534,0.15606,0.03126,0.07789,0.11974,13.2138,12.97133,12.60144,13.10451,13.23633
2013-12-13,13.508,13.388,13.657,13.339,53576.0,300356,-0.02675,0.07405,0.0897,0.00142,0.01988,0.11959,13.3984,13.02381,12.60174,13.10663,13.24215
2013-12-16,13.239,14.402000000000001,14.729000000000001,13.23,126900.0,300356,0.07574,0.13464,0.15087,0.08212,0.05309,0.17615,13.7402,13.11371,12.61937,13.11254,13.25091
2013-12-17,14.163,15.017000000000001,15.405,13.905,139282.0,300356,0.0427,0.16033,0.18768,0.17302,0.10541,0.21852,14.1552,13.22671,12.6551,13.12418,13.26186
2013-12-18,14.948,14.352,14.948,14.183,77071.0,300356,-0.04428,0.00978,0.12804,0.11239,0.06311,0.16892,14.183,13.30429,12.67848,13.13111,13.27029
2013-12-19,14.421,13.855,14.759,13.745999999999999,78338.0,300356,-0.03463,0.0072,0.08641,0.06405,0.06014,0.16311,14.2028,13.35676,12.69194,13.1375,13.27819
2013-12-20,13.855,14.114,14.402000000000001,13.567,63053.0,300356,0.01869,0.05423,0.13048,0.07815,0.04502,0.16318,14.348,13.43433,12.70844,13.14244,13.28624
2013-12-23,13.925,13.309000000000001,13.994000000000002,13.15,53284.0,300356,-0.05704,-0.07589,0.05101,0.05845,-0.00886,0.11419,14.1294,13.4651,12.72029,13.14147,13.29178
2013-12-24,13.11,13.448,13.647,13.11,42383.0,300356,0.01044,-0.10448,0.05046,0.07464,-0.00097,0.19167,13.8156,13.49586,12.73535,13.14137,13.30058
2013-12-25,13.359000000000002,14.183,14.342,13.22,57921.0,300356,0.05465,-0.01178,0.07692,0.10615,0.00724,0.25903,13.7818,13.5441,12.75731,13.1422,13.31244
2013-12-26,14.074000000000002,14.62,15.196,13.865,108743.0,300356,0.03081,0.05521,0.06204,0.128,0.00786,0.27485,13.9348,13.58476,12.78406,13.14312,13.32525
2013-12-27,14.411,14.69,15.077,14.272,85602.0,300356,0.00479,0.04081,0.06945,0.15008,0.03743,0.30323,14.05,13.63019,12.81498,13.14743,13.33915
2013-12-30,14.759,15.175999999999998,15.365,14.450999999999999,83373.0,300356,0.03308,0.14028,0.08292,0.21079,0.05808,0.30692,14.4234,13.68552,12.8576,13.1542,13.35363
2013-12-31,14.908,14.352,15.057,14.232999999999999,65910.0,300356,-0.0543,0.06722,0.10895,0.16248,-0.02294,0.27403,14.6042,13.75267,12.88995,13.15146,13.36618
2014-01-02,14.322000000000001,14.888,14.997,14.322000000000001,59885.0,300356,0.03735,0.04971,0.16925,0.19247,0.02811,0.28945,14.7452,13.85529,12.92871,13.15477,13.37977
2014-01-03,14.888,15.405,15.652999999999999,14.69,99836.0,300356,0.03473,0.05369,0.2175,0.20145,0.11906,0.32893,14.9022,13.98633,12.97037,13.1681,13.39527
2014-01-06,15.276,14.63,15.444,14.530999999999999,93416.0,300356,-0.05031,-0.00408,0.17557,0.11086,0.06276,0.27572,14.8902,14.09038,12.99392,13.17512,13.40812
2014-01-07,14.440999999999999,14.829,15.037,14.431,65312.0,300356,0.0136,-0.02287,0.18965,0.1458,0.05891,0.26787,14.8208,14.20295,13.02435,13.18183,13.42086
2014-01-08,14.888,14.997,15.663,14.58,184071.0,300356,0.01133,0.04494,0.18152,0.14999,0.08942,0.2611,14.9498,14.31267,13.0559,13.19184,13.43348
2014-01-09,14.6,13.498,14.6,13.498,175584.0,300356,-0.09995,-0.09336,0.04296,0.03267,0.02803,0.14187,14.6718,14.33914,13.06279,13.19483,13.4403
2014-01-10,13.408,13.418,13.716,13.12,57778.0,300356,-0.00593,-0.12898,-0.05593,0.06121,0.05297,0.18492,14.2744,14.30129,13.07527,13.20032,13.44881
2014-01-13,13.349,13.547,13.696,13.329,36195.0,300356,0.00961,-0.07403,-0.01519,0.10624,0.05326,0.28847,14.0578,14.29133,13.09626,13.20589,13.46114
2014-01-14,13.617,13.994000000000002,14.054,13.408,55603.0,300356,0.033,-0.05631,0.04526,0.13717,0.11997,0.34856,13.8908,14.32019,13.12348,13.21807,13.47584
2014-01-15,13.994000000000002,14.034,14.183,13.765999999999998,52656.0,300356,0.00286,-0.06421,-0.02555,0.11257,0.09623,0.41858,13.6982,14.30267,13.14639,13.22809,13.49267
2014-01-16,14.094000000000001,14.004000000000001,14.402000000000001,13.945,63529.0,300356,-0.00214,0.03749,-0.06746,0.0829,0.12981,0.39886,13.7994,14.25443,13.16368,13.24117,13.50891
2014-01-17,13.905,13.984000000000002,14.183,13.675999999999998,41950.0,300356,-0.00143,0.04218,-0.02564,0.07644,0.0931,0.46383,13.9126,14.2369,13.17969,13.25085,13.52692
2014-01-20,13.915,13.408,14.054,13.319,36436.0,300356,-0.04119,-0.01026,-0.03226,0.08085,0.03761,0.37532,13.8848,14.21562,13.19587,13.2548,13.54179
2014-01-21,13.398,13.875,13.885,13.398,39685.0,300356,0.03483,-0.0085,-0.01693,0.07541,0.07052,0.37622,13.861,14.20424,13.21156,13.26224,13.55721
2014-01-22,13.855,14.501,14.759,13.735999999999999,94719.0,300356,0.04512,0.03328,0.08956,0.21266,0.01676,0.44289,13.9544,14.261,13.25258,13.26418,13.5753
2014-01-23,14.402000000000001,14.709000000000001,14.997,14.262,99780.0,300356,0.01434,0.05034,0.09377,0.30134,-0.03831,0.42474,14.0954,14.32105,13.30752,13.25941,13.59313
2014-01-24,14.511,15.165999999999999,15.663,14.460999999999999,120821.0,300356,0.03107,0.08453,0.06931,0.36581,0.07836,0.44163,14.3318,14.36786,13.37303,13.26837,13.61202
2014-01-27,15.186,14.968,15.534,14.948,93699.0,300356,-0.01306,0.11635,0.0238,0.31622,0.05312,0.45165,14.6438,14.38443,13.43103,13.27451,13.63095
2014-01-28,14.709000000000001,15.514000000000001,15.514000000000001,14.382,121256.0,300356,0.03648,0.11813,0.05609,0.38481,0.14015,0.45753,14.9716,14.42367,13.50056,13.29002,13.65074
2014-01-29,15.444,16.11,16.438,15.255999999999998,124541.0,300356,0.03842,0.11096,0.06154,0.41664,0.23723,0.55547,15.2934,14.46814,13.57698,13.31513,13.67413
2014-01-30,15.960999999999999,16.289,16.378,15.802,73217.0,300356,0.01111,0.10742,0.13496,0.38985,0.24715,0.51076,15.6094,14.56038,13.65068,13.34137,13.69652
2014-02-07,15.921,16.666,16.715999999999998,15.693,79079.0,300356,0.02314,0.09891,0.11943,0.41959,0.19942,0.53646,15.9094,14.64505,13.73013,13.3639,13.72017
2014-02-10,16.517,16.795,17.102999999999998,16.299,83842.0,300356,0.00774,0.12206,0.09023,0.41503,0.21826,0.55021,16.2748,14.71124,13.80958,13.38837,13.7444
2014-02-11,16.686,16.517,16.785,15.842,79587.0,300356,-0.01655,0.06465,0.12898,0.38357,0.15884,0.49746,16.4754,14.8011,13.88344,13.40677,13.76671
2014-02-12,16.467,16.686,16.746,16.08,60320.0,300356,0.01023,0.03575,0.12523,0.39889,0.17981,0.39317,16.5906,14.88952,13.96018,13.42745,13.78585
2014-02-13,16.527,15.890999999999998,16.656,15.890999999999998,64596.0,300356,-0.04764,-0.02443,0.05961,0.32779,0.17554,0.26662,16.511,14.9321,14.02345,13.44674,13.79945
2014-02-14,15.852,16.666,16.845,15.593,77923.0,300356,0.04877,0.0,0.2347,0.39722,0.21596,0.20768,16.511,15.08295,14.09987,13.4708,13.8111
2014-02-17,16.616,17.163,17.649,16.616,73053.0,300356,0.02982,0.02191,0.2791,0.44239,0.27152,0.13212,16.5846,15.26129,14.18477,13.5006,13.81924
2014-02-18,17.083,17.639,18.076,16.914,72380.0,300356,0.02773,0.06793,0.30206,0.4357,0.31556,0.11731,16.809,15.45614,14.27111,13.535,13.82677
2014-02-19,17.430999999999997,17.312,17.798,17.143,49266.0,300356,-0.01854,0.03752,0.2371,0.38341,0.24681,0.06143,16.9342,15.61414,14.3485,13.56286,13.83084
2014-02-20,17.828,17.014,18.871,16.765,67891.0,300356,-0.01721,0.07067,0.21234,0.34562,0.21148,0.055,17.1588,15.75605,14.41898,13.58701,13.83445
2014-02-21,16.785,17.202,17.749000000000002,16.527,41436.0,300356,0.01105,0.03216,0.22836,0.35204,0.26886,0.12021,17.266,15.90833,14.49123,13.61664,13.84195
2014-02-24,17.192,17.282,17.381,16.765,32992.0,300356,0.00465,0.00693,0.23584,0.35513,0.31222,0.08569,17.2898,16.06538,14.56427,13.65007,13.8475
2014-02-25,17.143,16.865,18.474,16.387999999999998,95273.0,300356,-0.02413,-0.04388,0.25783,0.35082,0.25502,0.05996,17.135,16.23,14.63492,13.67793,13.85137
2014-02-26,16.398,17.143,17.183,15.603,46077.0,300356,0.01648,-0.00976,0.23553,0.35379,0.26545,0.08858,17.1012,16.38562,14.70718,13.70717,13.85704
2014-02-27,17.093,16.934,18.076,16.636,59046.0,300356,-0.01219,-0.0047,0.16778,0.32276,0.23552,0.12675,17.0852,16.50148,14.77382,13.73341,13.86479
2014-02-28,16.815,16.845,17.083,15.901,48056.0,300356,-0.00526,-0.02075,0.14522,0.27904,0.20623,0.10546,17.0138,16.60319,14.8331,13.75683,13.87132
2014-03-03,16.398,16.914,16.944000000000003,16.189,44204.0,300356,0.0041,-0.02129,0.11526,0.22868,0.2164,0.00913,16.9402,16.68643,14.88387,13.78129,13.87194
2014-03-04,16.686,17.937,18.037,16.686,81994.0,300356,0.06048,0.06356,0.19836,0.30584,0.25416,0.05904,17.1546,16.82781,14.95163,13.81085,13.87601
2014-03-05,17.788,17.908,18.265,17.54,50307.0,300356,-0.00162,0.04462,0.15431,0.27786,0.268,0.08369,17.3076,16.94181,15.01444,13.84162,13.88163
2014-03-06,17.868,18.593,18.861,17.391,54480.0,300356,0.03825,0.09797,0.15413,0.43664,0.32959,0.17528,17.6394,17.06005,15.10558,13.87909,13.8929
2014-03-07,18.414,19.815,20.45,18.414,105993.0,300356,0.06572,0.17631,0.21647,0.55619,0.45945,0.28062,18.2334,17.22795,15.21981,13.9298,13.91055
2014-03-10,19.963,19.725,20.53,19.268,104349.0,300356,-0.00454,0.16619,0.18355,0.55892,0.5137,0.25621,18.7956,17.37362,15.33387,13.98423,13.92691
2014-03-11,19.268,19.646,19.725,18.374000000000002,63200.0,300356,-0.00401,0.09528,0.16975,0.57863,0.48283,0.23172,19.1374,17.50938,15.45002,14.03624,13.94193
2014-03-12,19.368,19.298,19.765,18.662,55250.0,300356,-0.01771,0.07762,0.16837,0.54817,0.43608,0.31844,19.4154,17.64181,15.56023,14.08388,13.96088
2014-03-13,19.119,20.222,20.41,19.119,54635.0,300356,0.04788,0.08761,0.21191,0.59316,0.53081,0.36212,19.7412,17.81019,15.68166,14.14089,13.98273
2014-03-14,20.073,20.063,20.132,19.368,40515.0,300356,-0.00786,0.01252,0.26254,0.55022,0.50296,0.40075,19.7908,18.00886,15.79652,14.19547,14.00607
2014-03-17,19.914,20.659000000000002,20.659000000000002,19.487000000000002,52491.0,300356,0.02971,0.04735,0.23959,0.45353,0.54877,0.42545,19.9776,18.199,15.90048,14.25498,14.03113
2014-03-18,20.728,20.53,20.838,20.172,46604.0,300356,-0.00624,0.045,0.19618,0.49244,0.53564,0.38895,20.1544,18.35933,16.00974,14.3132,14.0545
2014-03-19,20.361,20.639,20.857,19.963,39810.0,300356,0.00531,0.06949,0.17008,0.5416,0.55076,0.36321,20.4226,18.50219,16.12669,14.3728,14.07685
2014-03-20,20.41,19.497,20.828000000000003,19.497,63567.0,300356,-0.05533,-0.03585,0.12621,0.35377,0.52297,0.33085,20.2776,18.60624,16.20887,14.42723,14.09656
2014-03-21,19.139,19.417,19.715,18.613,40093.0,300356,-0.0041,-0.0322,0.14124,0.293,0.50496,0.35565,20.1484,18.72067,16.27984,14.4802,14.11726
2014-04-29,17.679000000000002,17.48,17.887999999999998,17.48,41251.0,300356,-0.09976,-0.15388,0.01616,0.21795,0.34245,0.20935,19.5126,18.7339,16.33029,14.51645,14.12957
2014-04-30,17.719,18.623,18.772000000000002,17.391,29206.0,300356,0.06539,-0.09289,0.0776,0.34414,0.42258,0.31583,19.1312,18.79776,16.40719,14.56142,14.14774
2014-05-05,18.275,18.503,19.238,18.255,37747.0,300356,-0.00644,-0.10349,0.09712,0.31097,0.47153,0.25794,18.704,18.87576,16.47798,14.60963,14.16316
2014-05-06,18.732,18.623,19.317999999999998,18.494,33387.0,300356,0.00649,-0.04483,0.08633,0.39928,0.48817,0.26104,18.5292,18.94624,16.56369,14.65929,14.17883
2014-05-07,18.762,18.374000000000002,18.840999999999998,18.345,22423.0,300356,-0.01337,-0.05372,0.08504,0.3663,0.43301,0.23382,18.3206,19.01481,16.64315,14.70443,14.19298
2014-05-08,18.325,18.404,18.672,18.076,12974.0,300356,0.00163,0.05286,0.09255,0.29761,0.41995,0.20571,18.5054,19.08905,16.71123,14.74868,14.20575
2014-05-09,18.474,17.987000000000002,18.523,17.828,15166.0,300356,-0.02266,-0.03415,0.06344,0.2303,0.4082,0.18703,18.3782,19.14014,16.76553,14.79107,14.21727
2014-05-12,18.225,17.898,18.374000000000002,17.58,18404.0,300356,-0.00495,-0.0327,-0.00217,0.21838,0.42796,0.24447,18.2572,19.13829,16.81727,14.83468,14.23156
2014-05-13,17.987000000000002,18.712,18.742,17.739,29640.0,300356,0.04548,0.00478,0.0449,0.233,0.51563,0.2784,18.275,19.17657,16.87431,14.88644,14.24813
2014-05-14,18.712,18.464000000000002,18.712,18.444000000000003,11773.0,300356,-0.01325,0.0049,-0.00694,0.28651,0.47889,0.29029,18.293,19.17043,16.94063,14.93505,14.26501
2014-05-15,18.633,17.798,18.633,17.778,21102.0,300356,-0.03607,-0.03293,-0.10179,0.19546,0.38808,0.23306,18.1718,19.07438,16.98756,14.9755,14.27869
2014-05-16,17.848,17.024,17.878,16.865,24816.0,300356,-0.04349,-0.05354,-0.13693,0.1051,0.29263,0.16675,17.9792,18.94576,17.01368,15.00684,14.28858
2014-08-20,18.721,18.721,18.721,18.721,413.0,300356,0.09968,0.04598,-0.04708,0.27963,0.44653,0.2842,18.1438,18.90171,17.07966,15.05382,14.30542
2014-08-21,20.589000000000002,20.589000000000002,20.589000000000002,20.589000000000002,687.0,300356,0.09978,0.10031,0.0669,0.38843,0.57879,0.4414,18.5192,18.96319,17.17256,15.11519,14.33105
2014-08-22,22.647,22.647,22.647,22.178,219401.0,300356,0.09996,0.22655,0.11992,0.5101,0.73261,0.55212,19.3558,19.07867,17.29595,15.19304,14.3638
2014-08-25,22.976999999999997,24.915,24.915,22.956999999999997,237192.0,300356,0.10015,0.39988,0.24184,0.84583,0.9705,0.56718,20.7792,19.30971,17.4801,15.2928,14.40045
2014-08-26,24.276,24.346,24.625,23.706,144942.0,300356,-0.02284,0.4301,0.17847,0.81443,0.98808,0.59093,22.2436,19.48529,17.65635,15.39118,14.43721
2014-08-27,25.075,26.274,26.763,24.715,161957.0,300356,0.07919,0.40345,0.27979,0.93947,1.13506,0.67191,23.7542,19.75881,17.86163,15.50474,14.48013
2014-08-28,25.105,24.975,25.874000000000002,24.875,88261.0,300356,-0.04944,0.21303,0.21009,0.78469,0.97994,0.56642,24.6314,19.96529,18.03874,15.60524,14.51685
2014-08-29,24.605,25.085,26.164,24.605,58010.0,300356,0.0044,0.10765,0.28661,0.78744,0.93976,0.60226,25.119,20.23138,18.21698,15.70404,14.55517
2014-09-01,24.885,25.854,25.854,24.416,65910.0,300356,0.03066,0.03769,0.33151,0.84619,0.99015,0.67513,25.3068,20.5379,18.40811,15.80862,14.59753
2014-09-02,25.974,25.674,26.773000000000003,25.415,86940.0,300356,-0.00696,0.05455,0.46876,0.83596,1.06965,0.68553,25.5724,20.9281,18.59666,15.9165,14.63998
2014-09-03,25.475,26.374000000000002,26.553,25.475,66733.0,300356,0.02726,0.00381,0.41621,0.96703,1.04418,0.86086,25.5924,21.29719,18.80579,16.02602,14.68958
2014-09-04,26.274,26.703000000000003,27.123,25.774,60659.0,300356,0.01247,0.06919,0.44317,0.92454,1.23307,0.88674,25.938,21.68767,19.01269,16.1459,14.74059
2014-09-05,26.703000000000003,26.314,27.473000000000003,25.874000000000002,58700.0,300356,-0.01457,0.04899,0.41298,0.81463,1.32805,0.83885,26.1838,22.0539,19.20323,16.26794,14.78939
2014-09-09,25.984,25.445,25.984,24.775,72018.0,300356,-0.03302,-0.01582,0.38484,0.72989,1.29152,0.68142,26.102,22.39062,19.37639,16.38454,14.83131
2014-09-10,25.275,25.874000000000002,25.924,25.155,40641.0,300356,0.01686,0.00779,0.40589,0.70605,1.27524,0.61824,26.142,22.74633,19.5491,16.50244,14.87149
2014-09-11,26.074,26.004,26.823,25.734,73266.0,300356,0.00502,-0.01403,0.44571,0.73731,1.32116,0.62637,26.068,23.1281,19.7271,16.62277,14.9122
2014-09-12,26.004,26.244,26.563000000000002,25.485,34677.0,300356,0.00923,-0.01719,0.46631,0.69163,1.30777,0.76312,25.9762,23.52552,19.90016,16.74368,14.95838
2014-09-15,26.154,27.453000000000003,27.971999999999998,26.124000000000002,70677.0,300356,0.04607,0.04328,0.46713,0.7041,1.34241,0.89083,26.204,23.94176,20.08311,16.87159,15.01096
2014-09-16,27.173000000000002,25.754,27.513,25.574,48854.0,300356,-0.06189,0.01214,0.39482,0.58107,1.1937,0.78265,26.2658,24.2889,20.23577,16.98553,15.05692
2014-09-17,25.964000000000002,25.874000000000002,26.134,25.375,21585.0,300356,0.00466,0.0,0.45376,0.5525,1.17996,0.83153,26.2658,24.67348,20.38429,17.09939,15.10467
2014-09-18,25.854,26.553,26.603,25.574,23345.0,300356,0.02624,0.02111,0.55974,0.58101,1.22424,0.83377,26.3756,25.12724,20.54168,17.21821,15.15375
2014-09-19,26.823,26.883000000000003,27.253,26.284000000000002,34375.0,300356,0.01243,0.02435,0.43598,0.6276,1.25377,0.87181,26.5034,25.5159,20.70887,17.3398,15.20465
2014-09-22,26.673000000000002,26.214000000000002,26.813000000000002,25.784000000000002,34338.0,300356,-0.02489,-0.04513,0.2732,0.57102,1.19034,0.96654,26.2556,25.78376,20.86255,17.45562,15.25702
2014-09-23,26.204,26.623,26.623,25.475,23301.0,300356,0.0156,0.03374,0.17556,0.67535,1.23198,1.01796,26.4294,25.9731,21.03565,17.57509,15.31161
2014-09-24,26.573,26.474,26.783,26.254,23562.0,300356,-0.0056,0.02319,0.06257,0.5885,1.22489,0.95539,26.5494,26.04733,21.19384,17.69359,15.3642
2014-09-25,26.723000000000003,25.874000000000002,26.753,25.774,27158.0,300356,-0.02266,-0.02557,0.06276,0.50755,1.10597,0.97496,26.4136,26.1201,21.33434,17.80406,15.41612
2014-09-26,25.674,26.044,26.074,25.125,26942.0,300356,0.00657,-0.03121,-0.00875,0.4765,1.08119,1.07043,26.2458,26.10914,21.4699,17.91406,15.47085
2014-09-29,25.974,25.894000000000002,26.264,25.674,18844.0,300356,-0.00576,-0.01221,0.0368,0.49573,1.04793,1.03122,26.1818,26.1529,21.60832,18.02178,15.52429
2014-09-30,25.904,26.164,26.623,25.894000000000002,25827.0,300356,0.01043,-0.01724,0.04301,0.53779,1.05643,1.03358,26.09,26.20429,21.7559,18.13106,15.57835
2014-10-08,26.024,27.732,28.351999999999997,25.894000000000002,58688.0,300356,0.05993,0.04752,0.07264,0.61214,1.17455,1.20585,26.3416,26.29371,21.92574,18.25284,15.63998
2014-10-09,27.811999999999998,27.373,28.201999999999998,26.603,36192.0,300356,-0.01295,0.05793,0.06618,0.5839,1.19247,1.18861,26.6414,26.37462,22.0885,18.37388,15.70041
2014-10-10,27.173000000000002,27.043000000000003,27.453000000000003,26.773000000000003,14082.0,300356,-0.01206,0.03836,0.02537,0.6035,1.13559,1.17931,26.8412,26.40648,22.25266,18.49079,15.75989
2014-10-13,27.053,26.713,27.113000000000003,26.154,19460.0,300356,-0.0122,0.03163,0.00037,0.55825,1.08663,1.23764,27.005,26.40695,22.40702,18.60389,15.81996
2014-10-14,26.873,26.474,26.993000000000002,26.244,14261.0,300356,-0.00895,0.01185,0.00608,0.56336,1.01017,1.19246,27.067,26.41457,22.56089,18.71205,15.87849
2014-10-15,26.514,24.945,26.514,24.805,50987.0,300356,-0.05775,-0.1005,-0.01965,0.48085,0.81207,1.03599,26.5096,26.39076,22.69153,18.80293,15.93009
2014-10-16,24.775,24.066,25.425,23.855999999999998,35281.0,300356,-0.03524,-0.12081,-0.06988,0.42284,0.75204,0.93846,25.8482,26.30467,22.80689,18.88692,15.97745
2014-10-17,23.976,24.006,24.246,23.576,21460.0,300356,-0.00249,-0.1123,-0.07683,0.33835,0.713,0.8314,25.2408,26.20952,22.90477,18.96815,16.02175
2014-10-20,24.066,24.026,24.655,23.936,25854.0,300356,0.00083,-0.10059,-0.08451,0.34164,0.85644,0.83293,24.7034,26.1039,23.00345,19.05827,16.06613
2014-10-21,24.026,23.965999999999998,24.136,23.386999999999997,24729.0,300356,-0.0025,-0.09473,-0.12702,0.28898,0.8822,0.92236,24.2018,25.93786,23.09011,19.14959,16.11287
2014-10-22,24.035999999999998,23.506999999999998,24.125999999999998,23.377,18528.0,300356,-0.01915,-0.05765,-0.08725,0.18632,0.85782,0.84195,23.9142,25.83086,23.14966,19.23784,16.15655
2014-10-23,23.476999999999997,22.458000000000002,23.566,22.438000000000002,20137.0,300356,-0.04463,-0.06682,-0.13202,0.13856,0.80458,0.79191,23.5926,25.66819,23.19374,19.31924,16.1969
2014-10-24,22.378,22.697,23.057,22.238000000000003,12928.0,300356,0.01064,-0.05453,-0.14522,0.1553,0.82086,0.896,23.3308,25.48457,23.24295,19.40243,16.2405
2014-10-27,22.656999999999996,23.177,23.397,22.308000000000003,14264.0,300356,0.02115,-0.03534,-0.13786,0.20101,0.82597,0.8937,23.161,25.3081,23.30552,19.48767,16.28496
2014-10-28,23.427,24.046,24.076,23.276999999999997,18545.0,300356,0.03749,0.00334,-0.0827,0.1891,0.85798,0.91358,23.177,25.20486,23.36719,19.57794,16.33163
2014-10-29,24.206,24.076,24.925,24.046,27614.0,300356,0.00125,0.02421,-0.09567,0.20002,0.69394,0.8742,23.2908,25.08357,23.43192,19.65813,16.37728
2014-10-30,24.256,23.676,24.366,23.337,41944.0,300356,-0.01661,0.05423,-0.10569,0.14604,0.72114,0.8552,23.5344,24.95033,23.48058,19.73878,16.42165
2014-10-31,23.676,22.987,23.756,22.927,20371.0,300356,-0.0291,0.01278,-0.11158,0.11968,0.71699,0.75112,23.5924,24.81286,23.52021,19.81682,16.46173
2014-11-03,22.976999999999997,23.237,23.506999999999998,22.976999999999997,10416.0,300356,0.01088,0.00259,-0.10778,0.12588,0.61346,0.69911,23.6044,24.67919,23.56211,19.88865,16.50059
2014-11-04,23.287,23.576,23.605999999999998,23.287,17050.0,300356,0.01459,-0.01955,-0.08952,0.20921,0.56995,0.73544,23.5104,24.56881,23.6279,19.95824,16.54121
2014-11-05,23.576,24.645,24.725,23.476999999999997,39340.0,300356,0.04534,0.02363,-0.05806,0.26925,0.71718,0.82556,23.6242,24.49648,23.71223,20.04192,16.58651
2014-11-06,24.476,25.974,26.054000000000002,24.366,55629.0,300356,0.05393,0.09706,-0.06339,0.48593,0.8747,0.98745,24.0838,24.41276,23.84923,20.14045,16.63897
2014-11-07,26.064,25.475,26.234,25.375,36650.0,300356,-0.01921,0.10824,-0.06934,0.36793,0.80495,0.8862,24.5814,24.32238,23.95974,20.23281,16.68763
2014-11-10,25.475,25.574,25.974,25.385,24737.0,300356,0.00389,0.10057,-0.05432,0.38215,0.92156,0.90453,25.0488,24.25243,24.07379,20.33253,16.737
2014-11-11,25.574,25.325,25.774,24.375999999999998,33428.0,300356,-0.00974,0.07419,-0.05196,0.35988,0.88318,0.88136,25.3986,24.18633,24.18189,20.42909,16.78523
2014-11-12,25.325,25.694000000000003,26.074,25.275,22937.0,300356,0.01457,0.04256,-0.02946,0.39839,0.81161,0.82473,25.6084,24.14919,24.29995,20.52267,16.83243
2014-11-13,25.704,26.723000000000003,26.723000000000003,24.975,46095.0,300356,0.04005,0.02884,0.07128,0.45202,0.82784,0.8422,25.7582,24.23386,24.43413,20.62107,16.8821
2014-11-14,26.653000000000002,26.613000000000003,27.263,26.294,29952.0,300356,-0.00412,0.04467,0.10583,0.47957,0.81164,0.87945,25.9858,24.35514,24.57326,20.71801,16.93272
2014-11-17,26.553,26.364,27.113000000000003,26.004,23513.0,300356,-0.00936,0.03089,0.09823,0.47301,0.73722,0.83811,26.1438,24.46743,24.70981,20.80897,16.98159
2014-11-18,25.954,26.064,26.773000000000003,25.954,16495.0,300356,-0.01138,0.02918,0.08482,0.3929,0.81605,0.77439,26.2916,24.56448,24.82839,20.90419,17.02783
2014-11-19,25.974,27.303,27.473000000000003,25.874000000000002,44066.0,300356,0.04754,0.06262,0.13924,0.47872,0.83389,0.88544,26.6134,24.72338,24.97095,21.00512,17.07995
2014-11-20,26.903000000000002,26.973000000000003,27.273000000000003,26.683000000000003,25881.0,300356,-0.01209,0.00936,0.14745,0.51551,0.75093,0.95939,26.6634,24.88843,25.11894,21.09917,17.13363
2014-11-21,26.803,27.053,27.203000000000003,26.773000000000003,21503.0,300356,0.00297,0.01653,0.2046,0.58911,0.84915,0.9652,26.7514,25.10724,25.28069,21.20017,17.18765
2014-11-24,27.273000000000003,27.982,28.930999999999997,27.073,41094.0,300356,0.03434,0.06137,0.23285,0.49469,0.88698,0.99814,27.075,25.3589,25.43006,21.30711,17.24447
2014-11-25,27.862,30.25,30.33,27.862,61229.0,300356,0.08105,0.1606,0.30517,0.46923,1.01707,1.19744,27.9122,25.69571,25.58589,21.43111,17.31148
2014-11-26,29.93,31.139,31.758000000000003,29.91,52727.0,300356,0.02939,0.1405,0.29498,0.37497,1.30693,1.37159,28.6794,26.03348,25.72285,21.57454,17.38468
2014-12-04,33.766,34.166,34.256,31.798000000000002,134976.0,300356,0.09721,0.26667,0.41909,0.3713,1.54628,1.68116,30.118,26.51395,25.87206,21.74322,17.47177
2014-12-05,33.117,32.418,33.946,30.749000000000002,81917.0,300356,-0.05116,0.19831,0.36923,0.33155,1.393,1.52045,31.191,26.93024,26.00226,21.89664,17.55126
2014-12-08,30.989,29.180999999999997,32.068000000000005,29.180999999999997,100692.0,300356,-0.09985,0.04285,0.26946,0.11064,1.08525,1.33541,31.4308,27.22519,26.04915,22.02011,17.61909
2014-12-09,27.651999999999997,26.264,28.072,26.264,88145.0,300356,-0.09996,-0.13177,0.13027,0.05161,0.87146,1.05155,30.6336,27.36933,26.06994,22.11954,17.67382
2014-12-10,26.244,26.973000000000003,27.531999999999996,24.875,63790.0,300356,0.027,-0.13379,0.14409,0.07526,0.92609,1.17612,29.8004,27.5311,26.10039,22.22498,17.73308
2014-12-11,26.963,27.761999999999997,28.272,26.543000000000003,38878.0,300356,0.02925,-0.18744,0.12648,0.0738,0.98527,1.17009,28.5196,27.67952,26.13116,22.337,17.79393
2014-12-12,27.811999999999998,30.539,30.539,27.811999999999998,44978.0,300356,0.10003,-0.05796,0.17575,0.18949,1.27767,1.36333,28.1438,27.8969,26.20963,22.47628,17.86554
2014-12-15,30.969,30.569000000000003,31.828000000000003,30.47,60081.0,300356,0.00098,0.04757,0.19996,0.15906,1.20317,1.35854,28.4214,28.13948,26.27729,22.612,17.93712
2014-12-16,30.599,31.169,31.968000000000004,30.599,62001.0,300356,0.01963,0.18676,0.21878,0.16725,1.14944,1.18546,29.4024,28.4059,26.34932,22.74751,18.00585
2014-12-17,31.009,28.781,31.009,28.631,50020.0,300356,-0.07661,0.06703,0.13647,0.09375,0.95669,0.88173,29.764,28.57048,26.38911,22.86192,18.06067
2014-12-18,28.971,28.761,30.13,28.691,50418.0,300356,-0.00069,0.03598,0.11937,0.13032,0.89641,1.04501,29.9638,28.71652,26.4426,22.97245,18.12041
2014-12-19,28.761,26.593000000000004,29.101,25.884,67595.0,300356,-0.07538,-0.12921,-0.00486,0.02779,0.77666,0.87103,29.1746,28.71033,26.45419,23.06696,18.17074
2014-12-22,26.374000000000002,24.076,26.374000000000002,23.936,49890.0,300356,-0.09465,-0.2124,-0.09533,-0.07414,0.55189,0.76938,27.876,28.58952,26.4231,23.13657,18.21329
2014-12-23,22.248,23.406999999999996,24.575,22.248,21364.0,300356,-0.02779,-0.24903,-0.11216,-0.1081,0.45295,0.79763,26.3236,28.44871,26.37734,23.19589,18.25551
2014-12-24,23.177,24.326,24.326,23.177,24950.0,300356,0.03926,-0.15479,-0.06668,-0.1139,0.4934,0.86249,25.4326,28.36595,26.3269,23.26124,18.3013
2014-12-25,24.366,23.625999999999998,24.375999999999998,23.276999999999997,46122.0,300356,-0.02878,-0.17854,-0.13467,-0.08263,0.41762,0.70032,24.4056,28.19086,26.29258,23.31782,18.34086
2014-12-26,23.576,23.576,23.796,22.717,44518.0,300356,-0.00212,-0.11345,-0.12594,-0.08882,0.40375,0.71014,23.8022,28.0291,26.25552,23.37295,18.38066
2014-12-29,23.476999999999997,22.128,23.476999999999997,21.339000000000002,36037.0,300356,-0.06142,-0.08091,-0.18205,-0.16665,0.33971,0.55252,23.4126,27.79457,26.18415,23.41857,18.41267
2014-12-30,21.998,21.758000000000003,22.846999999999998,21.179000000000002,46209.0,300356,-0.01672,-0.07045,-0.22243,-0.19064,0.30397,0.53843,23.0828,27.49819,26.10148,23.4598,18.44363
2014-12-31,21.758000000000003,22.258000000000003,22.278000000000002,21.329,22730.0,300356,0.02298,-0.08501,-0.2642,-0.15091,0.40067,0.64655,22.6692,27.11762,26.03768,23.51157,18.47915
2015-01-05,22.278000000000002,21.578000000000003,22.278000000000002,20.839000000000002,19236.0,300356,-0.03055,-0.08668,-0.30704,-0.1895,0.29473,0.57435,22.2596,26.66233,25.95631,23.5515,18.51115
2015-01-06,21.459,22.976999999999997,23.456999999999997,21.229,33733.0,300356,0.06483,-0.02541,-0.32749,-0.13209,0.33875,0.70225,22.1398,26.12952,25.8999,23.59877,18.54969
2015-01-07,23.156999999999996,23.287,23.566,22.428,24149.0,300356,0.01349,0.05238,-0.28166,-0.09998,0.3202,0.7368,22.3716,25.69471,25.85818,23.64469,18.58985
2015-01-08,23.217,23.976,24.575,22.976999999999997,35406.0,300356,0.02959,0.10194,-0.17837,-0.0794,0.38494,0.72676,22.8152,25.44686,25.82482,23.69887,18.63087
2015-01-09,23.956,23.986,25.075,23.686,44474.0,300356,0.00042,0.07764,-0.08673,-0.07369,0.40978,0.70792,23.1608,25.33838,25.79405,23.75555,18.67128
2015-01-12,23.986,24.875,25.544,23.487,33208.0,300356,0.03706,0.15279,-0.07778,-0.04927,0.44605,0.83485,23.8202,25.23848,25.77326,23.81793,18.71729
2015-01-13,24.975,26.823,27.203000000000003,24.975,41250.0,300356,0.07831,0.16738,-0.03382,-0.03278,0.55208,1.03667,24.5894,25.19376,25.7586,23.8955,18.77279
2015-01-14,26.843000000000004,26.773000000000003,27.023000000000003,25.794,31582.0,300356,-0.00186,0.1497,-0.12332,-0.02192,0.58749,0.99234,25.2866,25.01443,25.74892,23.97606,18.827
2015-01-15,26.593000000000004,26.374000000000002,28.171999999999997,26.104,38707.0,300356,-0.0149,0.10002,-0.13723,-0.02474,0.53847,0.94685,25.7662,24.81467,25.73813,24.05111,18.87914
2015-01-16,26.474,28.041999999999998,28.631,25.994,34669.0,300356,0.06324,0.1691,-0.10032,0.04975,0.65596,1.04597,26.5774,24.66576,25.75956,24.14141,18.93741
2015-01-19,27.273000000000003,28.432,29.57,26.144000000000002,55652.0,300356,0.01391,0.14299,-0.01213,0.07396,0.68786,1.03595,27.2888,24.64914,25.79115,24.23562,18.99622
2015-01-20,28.631,29.211,29.371,27.971999999999998,39031.0,300356,0.0274,0.08903,0.01565,0.17102,0.72703,1.10076,27.7664,24.67057,25.85995,24.33559,19.05844
2015-01-21,29.250999999999998,27.982,29.86,27.173000000000002,67908.0,300356,-0.04207,0.04516,0.05223,0.16272,0.56002,0.95651,28.0082,24.73671,25.92311,24.41726,19.11405
2015-01-22,27.721999999999998,27.822,28.471999999999998,27.273000000000003,43433.0,300356,-0.00572,0.0549,0.15559,0.15896,0.55361,0.96998,28.2978,24.9151,25.98466,24.49786,19.16974
2015-01-23,27.671999999999997,27.781999999999996,28.660999999999998,27.493000000000002,38792.0,300356,-0.00144,-0.00927,0.18691,0.15633,0.49422,0.9867,28.2458,25.12343,26.04524,24.57257,19.22583
2015-01-26,27.962,29.521,29.65,27.531999999999996,34278.0,300356,0.06259,0.0383,0.21356,0.23179,0.48983,1.17434,28.4636,25.37081,26.13484,24.65148,19.29064
2015-01-27,29.320999999999998,29.73,30.569000000000003,28.771,34908.0,300356,0.00708,0.01777,0.25836,0.26473,0.50722,1.28148,28.5674,25.66148,26.23521,24.73282,19.35852
2015-01-28,29.97,29.57,29.97,29.371,14379.0,300356,-0.00538,0.05675,0.25424,0.31668,0.50514,1.23187,28.885,25.9469,26.34992,24.8135,19.42487
2015-01-29,29.441,28.651,29.441,28.471999999999998,13918.0,300356,-0.03108,0.0298,0.29478,0.26233,0.48466,1.13209,29.0508,26.25752,26.44595,24.88954,19.48671
2015-01-30,28.671,25.974,28.861,25.784000000000002,32937.0,300356,-0.09343,-0.06508,0.19377,0.12068,0.28444,0.96624,28.6892,26.45829,26.49106,24.93631,19.5386
2015-02-02,25.724,26.274,27.572,25.385,32667.0,300356,0.01155,-0.10999,0.18043,0.09266,0.30957,0.96824,28.0398,26.64952,26.527,24.9868,19.59114
2015-02-03,26.524,28.221999999999998,28.432,26.514,50476.0,300356,0.07414,-0.05072,0.30791,0.1722,0.36609,1.11575,27.7382,26.9659,26.59387,25.04829,19.65164
2015-02-04,28.272,29.131,30.37,28.221999999999998,42031.0,300356,0.03221,-0.01485,0.26783,0.2304,0.41895,1.179,27.6504,27.25895,26.68185,25.11822,19.71571
2015-02-05,28.820999999999998,31.269000000000002,32.048,28.820999999999998,68677.0,300356,0.07339,0.09138,0.34277,0.36029,0.51504,1.34946,28.174,27.63905,26.81544,25.20464,19.78872
2015-02-06,31.469,30.02,32.836999999999996,30.02,28521.0,300356,-0.03994,0.15577,0.25209,0.29191,0.53972,1.34495,28.9832,27.92686,26.92484,25.2902,19.85871
2015-02-09,29.97,32.268,33.027,29.97,66329.0,300356,0.07488,0.22813,0.34528,0.36868,0.66184,1.50101,30.182,28.32124,27.06503,25.39467,19.93743
2015-02-10,31.469,33.437,33.766,31.179000000000002,33645.0,300356,0.03623,0.18478,0.3442,0.35675,0.91287,1.56793,31.225,28.72895,27.20684,25.52441,20.02043
2015-02-11,34.066,34.416,34.785,32.567,38629.0,300356,0.02928,0.18142,0.28308,0.32502,0.84804,1.62898,32.282,29.09052,27.343,25.6528,20.10711
2015-02-12,33.966,34.366,34.965,32.887,41449.0,300356,-0.00145,0.09904,0.28361,0.34901,0.85732,1.7331,32.9014,29.4521,27.4864,25.78177,20.1957
2015-02-13,34.336,33.966,34.745,33.306999999999995,22684.0,300356,-0.01164,0.13145,0.28786,0.32815,0.82387,1.71424,33.6906,29.81362,27.62176,25.90651,20.2829
2015-02-16,33.966,33.866,34.715,33.576,17658.0,300356,-0.00294,0.04952,0.20769,0.33726,0.84315,1.64124,34.0102,30.09095,27.75952,26.03246,20.36845
2015-02-17,34.066,36.553000000000004,36.963,34.066,34963.0,300356,0.07934,0.09319,0.28563,0.42263,0.98614,1.82023,34.6334,30.47767,27.93466,26.18002,20.46435
2015-02-25,36.474000000000004,34.366,37.243,33.217,27533.0,300356,-0.05983,-0.00145,0.17647,0.28601,0.9106,1.69052,34.6234,30.72314,28.05794,26.31318,20.55213
2015-02-26,34.466,34.905,36.933,33.247,29463.0,300356,0.01568,0.01568,0.24741,0.31158,0.95022,1.78483,34.7312,31.05281,28.19168,26.45145,20.64307
2015-02-27,34.516,34.496,34.895,33.287,49520.0,300356,-0.01172,0.0156,0.23988,0.30845,0.84352,1.7941,34.8372,31.37062,28.32284,26.57977,20.73311
2015-03-02,33.966,35.844,36.464,33.626,23704.0,300356,0.03908,0.05841,0.29019,0.37523,0.94129,1.87097,35.2328,31.75452,28.48058,26.72107,20.82806
2015-03-03,35.964,34.665,36.264,34.176,17781.0,300356,-0.03289,-0.05165,0.17425,0.26964,0.94769,1.70356,34.8552,31.99948,28.59932,26.8582,20.91685
2015-03-04,34.655,34.655,35.055,34.016,17631.0,300356,-0.00029,0.00841,0.16566,0.2848,1.03566,1.63136,34.913,32.234,28.72323,27.00154,21.00419
2015-03-05,34.366,34.366,34.915,33.626,27542.0,300356,-0.00834,-0.01544,0.16219,0.27032,0.83569,1.65539,34.8052,32.46238,28.84118,27.12874,21.09128
2015-03-06,34.545,33.525999999999996,34.545,32.817,31504.0,300356,-0.02444,-0.02812,0.17015,0.19813,0.62835,1.57082,34.6112,32.69452,28.9306,27.23392,21.17455
2015-03-09,33.786,34.935,35.265,33.775999999999996,33332.0,300356,0.04203,-0.02536,0.345,0.15488,0.54259,1.67271,34.4294,33.12124,29.00616,27.33382,21.26343
2015-03-10,34.945,37.463,38.012,34.945,46296.0,300356,0.07236,0.08072,0.42586,0.20309,0.50363,1.96291,34.989,33.65405,29.10816,27.43584,21.36432
2015-03-11,37.513000000000005,41.199,41.208999999999996,37.513000000000005,68331.0,300356,0.09973,0.18883,0.45982,0.20585,0.69223,2.36428,36.2978,34.272,29.2216,27.57285,21.48202
2015-03-12,41.18899999999999,40.1,41.199,38.461999999999996,38891.0,300356,-0.02668,0.16685,0.37654,0.23697,0.52622,2.25857,37.4446,34.79433,29.3455,27.68526,21.595
2015-03-13,39.96,39.86,41.858000000000004,38.111999999999995,55456.0,300356,-0.00599,0.18893,0.27474,0.36596,0.596,2.15998,38.7114,35.20343,29.51774,27.80628,21.70576
2015-03-16,39.95,40.709,40.839,39.071,57078.0,300356,0.0213,0.16528,0.35606,0.54999,0.62284,2.14793,39.8662,35.71243,29.75073,27.9333,21.81867
2015-03-17,40.759,43.056999999999995,43.706,39.86,45019.0,300356,0.05768,0.14932,0.33436,0.5963,0.66539,2.31437,40.985,36.22619,30.01015,28.07316,21.94089
2015-03-18,43.157,43.736000000000004,45.155,42.847,35396.0,300356,0.01577,0.06158,0.30801,0.57539,0.70351,2.52568,41.4924,36.71662,30.26779,28.22001,22.06825
2015-03-19,43.297,47.003,48.052,42.138000000000005,36382.0,300356,0.0747,0.17214,0.36573,0.53911,0.78217,2.64308,42.873,37.316,30.53334,28.38772,22.20687
2015-03-20,46.833,50.07,50.928999999999995,46.123999999999995,42494.0,300356,0.06525,0.25615,0.45696,0.63793,0.87507,3.18716,44.915,38.06381,30.84787,28.5777,22.3618
2015-03-23,49.92,50.949,52.148,48.751000000000005,34143.0,300356,0.01756,0.25154,0.5,0.6346,0.93619,3.50756,46.963,38.87252,31.1669,28.77798,22.52296
2015-03-24,50.45,51.269,51.768,46.753,44144.0,300356,0.00628,0.19072,0.51388,0.78135,1.01489,3.61716,48.6054,39.70124,31.52961,28.98793,22.68624
2015-03-25,50.5,49.151,50.949,48.751000000000005,40527.0,300356,-0.04131,0.12381,0.34465,0.70895,0.89963,3.32211,49.6884,40.30114,31.85848,29.17718,22.83981
2015-03-26,48.251999999999995,44.236000000000004,48.251999999999995,44.236000000000004,54470.0,300356,-0.1,-0.05887,0.2872,0.66345,0.70112,2.94859,49.135,40.77114,32.14305,29.32541,22.97409
2015-03-27,44.815,47.552,48.641000000000005,42.967,47714.71,300356,0.07496,-0.05029,0.36233,0.97508,0.81192,3.1815,48.6314,41.37338,32.52169,29.49864,23.12116
2015-03-30,48.501999999999995,46.004,48.512,45.405,33595.0,300356,-0.03255,-0.09706,0.3336,0.96539,0.67574,2.92526,47.6424,41.92138,32.88616,29.64946,23.26053
2015-03-31,45.754,48.651,49.75,42.957,42272.0,300356,0.05754,-0.05106,0.3573,0.99996,0.88907,3.14404,47.1188,42.53124,33.2785,29.83562,23.41057
2015-04-01,48.651,49.66,51.148999999999994,48.352,25879.0,300356,0.02074,0.01036,0.43257,1.10192,0.9193,3.18401,47.2206,43.24529,33.6984,30.029,23.5642
2015-04-02,49.75,53.726000000000006,54.18600000000001,48.951,31814.0,300356,0.08188,0.21453,0.55031,1.27884,1.02335,3.50042,49.1186,44.15343,34.18469,30.24992,23.73407
2015-04-03,52.946999999999996,56.593,57.942,52.388000000000005,30818.0,300356,0.05336,0.19013,0.64677,1.55753,1.10516,3.74455,50.9268,45.21186,34.74058,30.49146,23.91563
2015-04-07,55.88399999999999,54.745,56.513000000000005,54.396,24938.0,300356,-0.03265,0.19001,0.63291,1.51609,1.08839,3.57428,52.675,46.22229,35.27263,30.72342,24.08952
2015-04-08,54.386,52.338,54.745,49.271,27555.0,300356,-0.04397,0.07578,0.49815,1.35142,0.96589,3.38783,53.4124,47.051,35.75779,30.93249,24.25379
2015-04-09,51.758,53.167,53.167,47.423,26619.0,300356,0.01584,0.07062,0.41919,1.46394,1.00827,3.46819,54.1138,47.79881,36.26729,31.1495,24.42154
2015-04-10,50.849,52.667,53.446999999999996,49.95,21672.0,300356,-0.0094,-0.01971,0.27836,1.29216,1.03552,3.28675,53.902,48.3449,36.74616,31.36733,24.5857
2015-04-13,52.707,51.768,54.18600000000001,49.361000000000004,44604.0,300356,-0.01707,-0.08526,0.29097,1.22304,0.98771,3.13681,52.937,48.90052,37.20553,31.57647,24.74526
2015-04-14,51.059,49.131,52.448,48.452,31617.0,300356,-0.05094,-0.10255,0.23259,1.04917,0.89739,2.88572,51.8142,49.342,37.61126,31.76539,24.89359
2015-04-15,49.251000000000005,47.762,50.24,44.955,22381.0,300356,-0.02786,-0.08743,0.17325,0.99124,0.82549,2.75399,50.899,49.67786,37.99474,31.94098,25.03602
2015-04-16,45.95399999999999,46.953,49.451,43.956,15787.0,300356,-0.01694,-0.11688,0.09048,0.88756,0.6931,2.68172,49.6562,49.86338,38.35084,32.09725,25.17504
2015-04-17,46.953,44.136,48.202,43.666000000000004,45251.0,300356,-0.06,-0.16198,0.00915,0.64545,0.61239,2.53512,47.95,49.88243,38.63008,32.23354,25.30371
2015-04-20,44.18600000000001,43.956,46.443999999999996,42.957,22467.0,300356,-0.00408,-0.1509,-0.06483,0.6418,0.62541,2.47122,46.3876,49.73733,38.90723,32.37104,25.43091
2015-04-21,43.956,48.352,48.352,43.956,31900.0,300356,0.10001,-0.01586,-0.03431,0.83332,0.81006,2.77691,46.2318,49.65552,39.26171,32.54697,25.57543
2015-04-22,49.251000000000005,50.5,51.948,48.332,31638.0,300356,0.04442,0.05733,-0.00881,0.80087,0.90753,2.83447,46.7794,49.63414,39.62394,32.7423,25.72717
2015-04-23,50.25,51.019,51.948,49.95,26449.0,300356,0.01028,0.0866,-0.00488,0.79442,1.04526,2.70616,47.5926,49.62224,39.98824,32.95428,25.87861
2015-04-24,48.961000000000006,50.08,50.898999999999994,47.503,32334.0,300356,-0.0184,0.13467,0.0189,0.71442,1.08094,2.64589,48.7814,49.66648,40.32484,33.16578,26.02635
2015-04-27,49.96,51.898,54.506,49.53,45346.0,300356,0.0363,0.18068,0.17321,0.85469,1.16188,2.7033,50.3698,50.03133,40.71058,33.39254,26.18035
2015-04-28,51.938,53.61600000000001,55.325,50.849,33653.0,300356,0.0331,0.10887,0.12752,0.92711,1.23158,3.14279,51.4226,50.3201,41.12661,33.63311,26.34569
2015-04-29,53.61600000000001,58.981,58.981,52.168,33738.0,300356,0.10006,0.16794,0.28208,1.12299,1.46103,3.63214,53.1188,50.93805,41.62982,33.91779,26.53369
2015-04-30,61.32899999999999,62.058,64.875,59.94,43557.0,300356,0.05217,0.21637,0.27558,1.10216,1.63998,3.90461,55.3266,51.57648,42.15461,34.23121,26.73452
2015-05-04,60.93899999999999,60.19,64.835,57.942,17692.0,300356,-0.0301,0.20188,0.21204,1.02455,1.68011,3.83648,57.3486,52.0779,42.6459,34.53798,26.92861
2015-05-05,62.188,55.744,62.208,55.495,19830.0,300356,-0.07387,0.07411,0.03756,0.88515,1.45601,3.47204,58.1178,52.174,43.06806,34.80665,27.10454
2015-05-06,55.744,56.943000000000005,60.919,55.744,19281.0,300356,0.02151,0.06205,0.00618,0.98747,1.45688,3.48617,58.7832,52.19067,43.52439,35.08117,27.28442
2015-05-07,57.153,57.702,57.842,53.446999999999996,25557.0,300356,0.01333,-0.02168,0.05401,1.22153,1.39965,3.45851,58.5274,52.33148,44.03613,35.3548,27.46637
2015-05-08,57.702,62.228,62.438,57.641999999999996,27637.0,300356,0.07844,0.00274,0.18896,1.36843,1.58465,3.37825,58.5614,52.80243,44.61603,35.66498,27.66155
2015-05-11,63.227,64.935,67.892,60.799,32408.0,300356,0.0435,0.07883,0.22134,1.30086,1.74265,3.72049,59.5104,53.36281,45.20818,36.00041,27.8696
2015-05-12,65.235,63.996,65.934,61.43899999999999,45530.0,300356,-0.01446,0.14803,0.21511,1.19683,1.78401,3.7801,61.1608,53.90229,45.77052,36.33382,28.07532
2015-05-13,63.976000000000006,66.983,70.4,62.038000000000004,31674.0,300356,0.04667,0.17632,0.29391,1.14215,1.8826,3.65095,63.1688,54.62681,46.34655,36.68948,28.28907
2015-05-14,66.613,64.436,69.93,62.438,19825.0,300356,-0.03802,0.1167,0.31151,1.14644,1.73312,3.29087,64.5156,55.35562,46.90165,37.02167,28.48996
2015-05-15,62.937,68.931,70.43,61.538000000000004,24798.0,300356,0.06976,0.10772,0.44322,1.1362,1.79696,3.80288,65.8562,56.36367,47.49298,37.38172,28.71182
2015-05-18,67.712,75.824,75.824,67.712,34553.0,300356,0.1,0.16769,0.61489,1.26767,1.91923,4.47268,68.034,57.73848,48.17665,37.78701,28.96373
2015-05-19,76.024,81.229,83.37700000000001,73.077,20140.0,300356,0.07128,0.26928,0.84043,1.36021,2.18858,4.75521,71.4806,59.50481,48.93169,38.24029,29.23655
2015-05-20,81.37899999999999,82.398,87.413,78.961,19866.0,300356,0.01439,0.23013,0.87456,1.39766,2.22194,5.19115,74.5636,61.33538,49.7064,38.70228,29.5174
2015-05-21,82.40799999999999,89.91,90.639,80.07,27222.0,300356,0.09117,0.39534,0.85949,1.64706,2.55025,5.68575,79.6584,63.31433,50.60873,39.22736,29.82822
2015-05-22,89.91,83.616,92.98700000000001,83.57600000000001,32685.0,300356,-0.07,0.21304,0.65576,1.46902,2.2543,4.89551,82.5954,64.89129,51.41115,39.69827,30.11047
2015-05-25,77.922,77.542,81.918,77.532,36511.0,300356,-0.07264,0.02266,0.51987,1.12136,1.9017,4.30383,82.939,66.15429,52.07226,40.11143,30.36625
2015-05-26,77.80199999999999,83.06700000000001,83.427,77.782,32394.0,300356,0.07125,0.02263,0.65869,1.41713,2.12129,4.65466,83.3066,67.7251,52.85776,40.57041,30.64421
2015-05-27,83.06700000000001,79.12100000000001,83.21700000000001,77.922,27196.0,300356,-0.0475,-0.03977,0.52455,1.26675,2.0011,4.21356,82.6512,69.02143,53.57092,40.99933,30.90415
2015-05-28,79.12100000000001,71.209,80.4,71.209,29954.0,300356,-0.1,-0.208,0.32813,1.06427,1.73208,3.96161,78.911,69.85919,54.16306,41.36636,31.13527
2015-05-29,71.389,74.745,76.873,67.043,21714.0,300356,0.04966,-0.10609,0.26727,1.08529,1.73761,4.02049,77.1368,70.60986,54.7905,41.75207,31.37859
2015-06-01,74.935,76.923,77.423,74.925,22931.0,300356,0.02914,-0.00798,0.23953,1.21904,1.85185,3.99338,77.013,71.31771,55.47208,42.15816,31.62867
2015-06-02,76.923,81.279,82.21799999999999,76.773,21531.0,300356,0.05663,-0.02152,0.35037,1.34538,2.00444,4.55564,76.6554,72.32195,56.22408,42.59902,31.8996
2015-06-03,81.928,81.339,82.01799999999999,75.92399999999999,23476.0,300356,0.00074,0.02803,0.45915,1.36685,1.90683,4.48513,77.099,73.54076,56.98171,43.03282,32.16996
2015-06-04,80.21,79.9,84.495,75.72399999999999,47886.0,300356,-0.01769,0.12205,0.40316,1.38322,1.64132,4.32773,78.8372,74.63395,57.72968,43.43648,32.4338
2015-06-05,81.119,81.369,82.01799999999999,78.931,26875.0,300356,0.01839,0.08862,0.41016,1.32915,1.61309,5.02823,80.162,75.76095,58.47861,43.84485,32.7097
2015-06-08,81.219,80.689,81.40899999999999,76.42399999999999,26278.0,300356,-0.00836,0.04896,0.29667,1.15383,1.36168,5.01349,80.9152,76.64005,59.17581,44.22309,32.98315
2015-06-09,80.919,78.422,81.09899999999999,75.704,27645.0,300356,-0.0281,-0.03515,0.2077,0.90349,1.41909,4.78888,80.3438,77.28229,59.77618,44.59711,33.24687
2015-06-10,77.32300000000001,78.222,78.41199999999999,74.925,25920.0,300356,-0.00255,-0.03832,0.2223,0.95067,1.68058,4.58968,79.7204,77.95971,60.39105,44.99581,33.50796
2015-06-11,77.922,78.59100000000001,79.171,76.074,23758.0,300356,0.00472,-0.01638,0.1733,0.97168,1.99235,4.60004,79.4586,78.51248,61.01574,45.42124,33.77039
2015-06-12,78.59100000000001,86.454,86.454,77.373,34143.0,300356,0.10005,0.06249,0.3417,1.12371,2.20521,5.17352,80.4756,79.56095,61.75356,45.90482,34.0649
2015-06-15,89.91,83.936,91.109,83.177,32501.0,300356,-0.02913,0.04024,0.21768,0.94942,2.02341,5.00229,81.125,80.27548,62.4129,46.36152,34.34926
2015-06-16,81.518,75.624,83.117,75.544,34095.0,300356,-0.09903,-0.03568,-0.00264,0.7291,1.47631,4.64021,80.5654,80.26595,62.92723,46.72807,34.60217
2015-06-17,75.92399999999999,73.127,77.722,68.062,60155.0,300356,-0.03302,-0.06514,-0.09974,0.55579,1.39219,4.27041,79.5464,79.88014,63.34858,47.07407,34.84303
2015-06-18,72.92699999999999,69.78,73.107,67.932,35871.0,300356,-0.04577,-0.11211,-0.15313,0.39365,1.23876,3.81208,77.7842,79.27929,63.66648,47.38798,35.06774
2015-06-19,68.831,63.966,68.941,62.806999999999995,40766.0,300356,-0.08332,-0.26012,-0.28856,0.25549,1.22251,3.34877,73.2866,78.04386,63.87644,47.67403,35.26798
2015-06-23,63.966,63.836000000000006,64.935,57.942,23150.0,300356,-0.00203,-0.23947,-0.23656,0.24512,1.21953,3.20915,69.2666,77.10195,64.07913,47.9592,35.46582
2015-06-24,66.134,61.638000000000005,66.434,58.641000000000005,29905.0,300356,-0.03443,-0.18494,-0.2051,0.25405,1.31783,3.11799,66.4694,76.34462,64.28053,48.24411,35.65554
2015-06-25,61.938,62.438,63.93600000000001,60.93899999999999,39584.0,300356,0.01298,-0.14617,-0.24834,0.41147,1.59337,3.02462,64.3316,75.36229,64.57411,48.556,35.84628
2015-06-26,60.476000000000006,56.188,63.545,56.188,39860.0,300356,-0.1001,-0.19478,-0.28985,0.18161,1.40048,2.48777,61.6132,74.27024,64.7134,48.82251,36.0092
2015-06-29,59.426,50.57,59.426,50.57,54043.0,300356,-0.09999,-0.20942,-0.28984,0.09925,1.07885,2.10455,58.934,73.28743,64.78705,49.03588,36.14856
2015-06-30,46.401,50.58,55.478,45.512,46626.0,300356,0.0002,-0.20766,-0.3233,0.03965,1.14086,2.03492,56.2828,72.13671,64.81816,49.25502,36.28642
2015-07-01,50.38,45.522,53.479,45.522,38729.0,300356,-0.1,-0.26146,-0.40821,-0.08333,0.93086,1.71045,53.0596,70.64143,64.75142,49.43344,36.4032
2015-07-02,45.522,40.974,47.31100000000001,40.974,54540.0,300356,-0.09991,-0.34377,-0.49588,-0.23735,0.85168,1.48072,48.7668,68.72214,64.54574,49.58666,36.50261
2015-07-03,37.185,36.875,41.483000000000004,36.875,69307.0,300356,-0.10004,-0.34372,-0.54665,-0.34842,0.69478,1.20994,44.9042,66.60481,64.22771,49.70956,36.58468
2015-07-06,39.484,33.187,39.484,33.187,64635.0,300356,-0.10001,-0.34374,-0.58464,-0.39379,0.49101,1.08841,41.4276,64.38038,63.88,49.79841,36.65499
2015-07-20,36.505,36.505,36.505,36.505,285.0,300356,0.09998,-0.27827,-0.55136,-0.30251,0.69177,1.19039,38.6126,62.244,63.62463,49.91977,36.73564
2015-07-21,40.154,40.154,40.154,40.154,17716.0,300356,0.09996,-0.11792,-0.50236,-0.24476,0.74757,1.33957,37.539,60.31376,63.41474,50.05942,36.8291
2015-07-22,43.861999999999995,44.172,44.172,42.863,80521.0,300356,0.10006,0.07805,-0.43674,-0.1613,0.89685,1.50422,38.1786,58.68281,63.27773,50.22922,36.93696
2015-07-23,47.781000000000006,48.591,48.591,46.032,121430.0,300356,0.10004,0.31772,-0.37881,-0.06137,1.02665,1.80678,40.5218,57.27181,63.22648,50.42934,37.06411
2015-07-24,49.98,53.449,53.449,48.86,100885.0,300356,0.09998,0.61054,-0.31991,0.08789,1.22834,2.14147,44.5742,56.07457,63.29613,50.66888,37.21222
2015-07-27,52.979,48.101000000000006,55.808,48.101000000000006,92323.0,300356,-0.10006,0.31766,-0.44362,0.0071,0.93371,1.79624,46.8934,54.24824,63.3016,50.85771,37.33782
2015-07-28,43.293,43.293,48.761,43.293,93270.0,300356,-0.09996,0.07817,-0.48421,-0.07795,0.61403,1.50509,47.5212,52.31286,63.24256,50.99161,37.44356
2015-07-29,43.383,45.681999999999995,45.982,38.994,89246.0,300356,0.05518,0.03418,-0.39593,0.03503,0.70627,1.70869,47.8232,50.88705,63.2675,51.14534,37.5607
2015-07-30,45.982,42.093,48.181000000000004,41.983000000000004,64436.0,300356,-0.07856,-0.13373,-0.42438,-0.04238,0.596,1.4554,46.5236,49.40924,63.23745,51.27314,37.66212
2015-07-31,42.093,38.485,43.333,38.135,36812.0,300356,-0.08571,-0.27997,-0.44848,-0.20407,0.37241,1.27265,43.5308,47.919,63.07831,51.35804,37.74973
2015-08-03,37.485,34.635999999999996,37.485,34.635999999999996,52295.0,300356,-0.10001,-0.27993,-0.45852,-0.31414,0.2182,1.05616,40.8378,46.52233,62.82244,51.40848,37.82205
2015-08-04,34.986,38.105,38.105,34.736,71685.0,300356,0.10016,-0.11983,-0.40308,-0.25312,0.30447,1.25287,39.8002,45.29705,62.61415,51.48079,37.90819
2015-08-05,38.954,38.785,40.854,37.885,40511.0,300356,0.01785,-0.15098,-0.37076,-0.22554,0.38607,1.16229,38.4208,44.20881,62.43197,51.56862,37.99294
2015-08-06,37.295,38.994,39.784,35.986,27963.0,300356,0.00539,-0.07362,-0.37548,-0.24864,0.40155,1.17746,37.801,43.09243,62.22384,51.65945,38.07865
2015-08-07,39.184,42.893,42.893,39.184,34115.0,300356,0.09999,0.11454,-0.23662,-0.2,0.54391,1.30694,38.6826,42.45933,62.05089,51.7823,38.17743
2015-08-10,44.382,47.181000000000004,47.181000000000004,43.743,51901.0,300356,0.09997,0.3622,-0.06702,-0.20006,0.59822,1.38107,41.1916,42.29795,61.86056,51.92588,38.28868
2015-08-11,47.981,45.492,48.481,44.861999999999995,36957.0,300356,-0.0358,0.19386,-0.10059,-0.26694,0.53017,1.30631,42.669,42.05567,61.59337,52.05402,38.39342
2015-08-12,45.641999999999996,43.183,45.641999999999996,43.133,28389.0,300356,-0.05076,0.11339,-0.05138,-0.28256,0.46037,1.19806,43.5486,41.94429,61.31906,52.1647,38.4891
2015-08-13,43.183,46.381,46.451,42.283,33495.0,300356,0.07406,0.18944,0.13196,-0.16796,0.61883,1.40341,45.026,42.20176,61.16805,52.30885,38.5992
2015-08-14,47.981,44.982,48.56100000000001,44.431999999999995,34659.0,300356,-0.03016,0.0487,0.21985,-0.21005,0.73181,1.22441,45.4438,42.58781,60.97513,52.46338,38.69985
2015-08-17,45.181999999999995,44.472,45.312,43.403,17981.0,300356,-0.01134,-0.05742,0.34004,-0.22928,0.69262,1.21662,44.902,43.12519,60.76174,52.61133,38.79907
2015-08-18,43.961999999999996,40.024,44.582,40.024,42467.0,300356,-0.10002,-0.1202,0.0964,-0.35682,0.41818,0.93736,43.8084,43.29276,60.40361,52.70728,38.87779
2015-08-19,36.975,40.983999999999995,42.183,36.025999999999996,63706.0,300356,0.02399,-0.05092,0.02067,-0.36885,0.40689,0.9963,43.3686,43.33229,60.01731,52.80365,38.96093
2015-08-20,39.784,38.065,39.954,37.465,32714.0,300356,-0.07122,-0.1793,-0.13826,-0.4052,0.21734,0.84432,41.7054,43.04148,59.59906,52.8589,39.03177
2015-08-21,36.885,35.076,37.815,34.986,25303.0,300356,-0.07852,-0.22022,-0.27814,-0.47634,0.16842,0.79905,39.7242,42.3979,59.08444,52.90001,39.0951
2015-08-24,32.547,31.566999999999997,32.547,31.566999999999997,19932.0,300356,-0.10004,-0.29018,-0.4094,-0.5101,-0.02172,0.62574,37.1432,41.3559,58.55429,52.89431,39.14449
2015-08-25,28.409000000000002,28.409000000000002,29.168000000000003,28.409000000000002,24830.0,300356,-0.10004,-0.2902,-0.40939,-0.58786,-0.15037,0.62523,34.8202,40.41819,57.90071,52.85343,39.18892
2015-08-26,28.439,25.57,28.839000000000002,25.57,41115.0,300356,-0.09993,-0.3761,-0.40937,-0.66277,-0.25703,0.37303,31.7374,39.57424,57.09016,52.78151,39.21716
2015-08-27,26.19,24.97,27.479,23.011,73745.0,300356,-0.02346,-0.34402,-0.4534,-0.6926,-0.27341,0.34951,29.1184,38.58795,56.18276,52.70512,39.24345
2015-08-28,25.31,27.469,27.469,23.791,86020.0,300356,0.10008,-0.21687,-0.34742,-0.66663,-0.19128,0.475,27.597,37.89157,55.29681,52.6523,39.27941
2015-08-31,26.989,24.72,27.689,24.72,70402.0,300356,-0.10008,-0.2169,-0.35767,-0.72506,-0.27006,0.34538,26.2276,37.2361,54.24535,52.57794,39.3052
2015-09-01,23.89,22.250999999999998,23.89,22.250999999999998,44489.0,300356,-0.09988,-0.21676,-0.35758,-0.73389,-0.39127,0.20903,24.996,36.64633,53.2556,52.46167,39.32084
2015-09-02,20.192,20.502,23.771,20.022000000000002,60097.0,300356,-0.0786,-0.1982,-0.46196,-0.7356,-0.40342,0.13982,23.9824,35.8081,52.3356,52.34895,39.33107
2015-09-07,20.982,22.441,22.551,20.982,71325.0,300356,0.09458,-0.10128,-0.4214,-0.72984,-0.35708,0.25383,23.4766,35.02981,51.35776,52.24762,39.34953
2015-09-08,21.801,24.69,24.69,21.641,67648.0,300356,0.10022,-0.10117,-0.36683,-0.68795,-0.28426,0.31947,22.9208,34.34867,50.47984,52.16789,39.37383
2015-09-09,24.99,26.599,26.959,24.99,66559.0,300356,0.07732,0.07601,-0.37988,-0.62647,-0.25792,0.44059,23.2966,33.57276,49.76032,52.09273,39.4069
2015-09-10,25.7,25.77,26.969,25.37,35207.0,300356,-0.03117,0.15815,-0.45381,-0.65523,-0.2566,0.44792,24.0004,32.55319,48.9704,52.02041,39.43931
2015-09-11,25.98,26.479,27.089000000000002,25.53,45131.0,300356,0.02751,0.29153,-0.41794,-0.65577,-0.23593,0.55539,25.1958,31.64781,48.15679,51.95394,39.47774
2015-09-14,26.789,23.831,26.789,23.831,42549.0,300356,-0.1,0.06194,-0.44814,-0.7068,-0.30655,0.27296,25.4738,30.72629,47.23021,51.86829,39.49852
2015-09-15,21.961,21.451,22.861,21.451,41724.0,300356,-0.09987,-0.13119,-0.5375,-0.73628,-0.36017,0.04187,24.826,29.53914,46.26427,51.77012,39.50202
2015-09-16,21.531,23.601,23.601,21.451,43895.0,300356,0.10023,-0.11271,-0.47532,-0.70462,-0.32443,0.04212,24.2264,28.521,45.35623,51.67798,39.5059
2015-09-17,23.97,23.301,25.54,23.191,45663.0,300356,-0.01271,-0.09581,-0.47605,-0.71364,-0.37803,-0.06478,23.7326,27.51286,44.41965,51.56284,39.49934
2015-09-18,23.570999999999998,25.61,25.61,23.480999999999998,48012.0,300356,0.09909,-0.03282,-0.36013,-0.68261,-0.37838,0.05192,23.5588,26.82648,43.53127,51.4361,39.50448
2015-09-21,25.09,27.839000000000002,28.039,24.61,69459.0,300356,0.08704,0.16818,-0.32073,-0.64501,-0.30576,0.05956,24.3604,26.20052,42.71542,51.33641,39.51084
2015-09-22,27.889,27.119,28.319000000000003,26.29,55652.0,300356,-0.02586,0.26423,-0.28756,-0.65331,-0.31964,0.08585,25.494,25.67929,41.89118,51.23283,39.51955
2015-09-23,26.689,27.079,27.889,25.99,51678.0,300356,-0.00147,0.14737,-0.22799,-0.65544,-0.33482,0.07949,26.1896,25.29848,41.06034,51.12202,39.52766
2015-09-24,27.019000000000002,27.849,28.629,26.989,50226.0,300356,0.02844,0.19518,-0.11778,-0.67787,-0.35321,0.07716,27.0992,25.12143,40.1151,50.99837,39.53577
2015-09-25,27.199,25.37,27.709,25.08,44311.0,300356,-0.08902,-0.00937,-0.10697,-0.69775,-0.41993,-0.01184,27.0512,24.97671,39.17048,50.84906,39.53453
2015-09-28,25.47,26.969,27.259,25.01,37046.0,300356,0.06303,-0.03125,0.05471,-0.64338,-0.42623,0.02256,26.8772,25.04333,38.38573,50.68618,39.53695
2015-09-29,26.32,27.279,27.449,25.64,51229.0,300356,0.01149,0.0059,0.09247,-0.62696,-0.45518,0.02157,26.9092,25.15329,37.64624,50.50089,39.53929
2015-09-30,27.389,26.739,27.569000000000003,25.81,41087.0,300356,-0.0198,-0.01256,-0.02658,-0.61681,-0.47518,0.01615,26.8412,25.11852,36.95203,50.30406,39.54102
2015-10-08,27.759,28.749000000000002,28.938000000000002,27.019000000000002,56383.0,300356,0.07517,0.03232,0.16299,-0.55056,-0.43925,0.12985,27.0212,25.31038,36.38402,50.12097,39.55445
2015-10-09,28.549,28.699,28.888,27.949,48104.0,300356,-0.00174,0.13122,0.28978,-0.55043,-0.41611,0.10918,27.687,25.61743,35.81729,49.95469,39.56593
2015-10-12,29.108,31.088,31.557,28.689,63431.0,300356,0.08324,0.15273,0.51634,-0.49564,-0.29722,0.19551,28.5108,26.12152,35.32455,49.8478,39.5866
2015-10-13,30.868000000000002,31.697,32.437,30.378,38102.0,300356,0.01959,0.16196,0.41246,-0.49234,-0.33342,0.20778,29.3944,26.56229,34.82873,49.71889,39.60877
2015-10-14,31.886999999999997,30.508000000000003,31.976999999999997,30.328000000000003,46721.0,300356,-0.03751,0.14096,0.23564,-0.45704,-0.33684,0.11128,30.1482,26.83933,34.41453,49.59291,39.62119
2015-10-15,29.978,32.137,32.177,29.678,42450.0,300356,0.0534,0.11785,0.2082,-0.3645,-0.33944,0.24784,30.8258,27.10305,34.11723,49.45865,39.64713
2015-10-16,32.486999999999995,33.027,33.306999999999995,31.467,48231.0,300356,0.02769,0.15081,0.28161,-0.34703,-0.33494,0.27646,31.6914,27.44862,33.83411,49.32342,39.67621
2015-10-19,33.047,31.587,33.047,30.888,40844.0,300356,-0.0436,0.01605,0.19291,-0.30612,-0.41207,0.18958,31.7912,27.69186,33.60935,49.14343,39.69667
2015-10-20,31.647,32.937,33.207,31.268,51485.0,300356,0.04274,0.03912,0.38211,-0.19615,-0.418,0.2252,32.0392,28.12548,33.47973,48.95111,39.72128
2015-10-21,33.486999999999995,29.988000000000003,34.416,29.648000000000003,75963.0,300356,-0.08953,-0.01704,0.39798,-0.18677,-0.45222,0.14397,31.9352,28.532,33.36865,48.74983,39.73663
2015-10-22,29.698,32.126999999999995,32.586999999999996,29.688000000000002,46304.0,300356,0.07133,-0.00031,0.36126,-0.03194,-0.38616,0.20674,31.9332,28.938,33.35155,48.58551,39.759
2015-10-23,32.287,35.336,35.336,32.287,81930.0,300356,0.09988,0.06991,0.5165,-0.03202,-0.33538,0.33474,32.395,29.5111,33.33269,48.44054,39.79502
2015-10-26,36.775,34.486,36.775,33.787,56005.0,300356,-0.02405,0.09178,0.34658,-0.14116,-0.34521,0.33284,32.9748,29.93376,33.24127,48.29273,39.83003
2015-10-27,33.976,35.516,36.485,31.987,51793.0,300356,0.02987,0.0783,0.27576,-0.19596,-0.31394,0.36369,33.4906,30.29933,33.10166,48.1606,39.86854
2015-10-28,34.686,33.617,35.385999999999996,33.376999999999995,37940.0,300356,-0.05347,0.12102,0.23961,-0.30816,-0.31577,0.29825,34.2164,30.60876,32.86015,48.03447,39.89993
2015-10-29,34.186,33.347,34.436,31.987,34851.0,300356,-0.00803,0.03797,0.23147,-0.3761,-0.30181,0.27454,34.4604,30.90724,32.53592,47.91728,39.92913
2015-10-30,33.187,33.577,34.536,32.327,41932.0,300356,0.0069,-0.04978,0.20568,-0.30195,-0.28488,0.21077,34.1086,31.18,32.30166,47.80853,39.95289
2015-11-02,32.867,33.577,35.546,31.997,46383.0,300356,0.0,-0.02636,0.32349,-0.22442,-0.23924,0.22665,33.9268,31.57081,32.14495,47.72268,39.97811
2015-11-03,33.766999999999996,34.226,34.986,32.946999999999996,42797.0,300356,0.01933,-0.03632,0.26909,-0.25078,-0.22136,0.26561,33.6688,31.91638,31.96018,47.64358,40.00731
2015-11-04,34.786,37.645,37.645,34.586,65472.0,300356,0.09989,0.11982,0.38,-0.10567,-0.22144,0.40924,34.4744,32.41,31.88844,47.55653,40.05175
2015-11-05,38.275,36.935,38.485,36.685,55086.0,300356,-0.01886,0.1076,0.38132,-0.04028,-0.26861,0.39514,35.192,32.89552,31.86344,47.44624,40.09427
2015-11-06,36.655,38.545,38.845,36.655,37463.0,300356,0.04359,0.14796,0.34074,0.11286,-0.2445,0.5452,36.1856,33.362,31.92648,47.34483,40.14956
2015-11-09,40.184,41.933,42.403,39.024,71726.0,300356,0.0879,0.24886,0.46113,0.10046,-0.16268,0.74242,37.8568,33.99219,31.98823,47.27859,40.22219
2015-11-10,41.723,41.284,42.353,40.364000000000004,41440.0,300356,-0.01548,0.20622,0.32797,0.06443,-0.20452,0.71974,39.2684,34.47771,32.02853,47.1923,40.29242
2015-11-11,41.083999999999996,42.713,42.943000000000005,40.484,38173.0,300356,0.03461,0.13463,0.34754,0.09537,-0.20335,0.77778,40.282,35.00229,32.08852,47.10366,40.36839
2015-11-12,42.983000000000004,42.783,43.283,40.983999999999995,45730.0,300356,0.00164,0.15833,0.40235,-0.00256,-0.27463,0.78515,41.4516,35.58681,32.08674,46.97197,40.44488
2015-11-13,41.763000000000005,42.293,43.783,40.314,44538.0,300356,-0.01145,0.09724,0.31602,-0.1036,-0.31849,0.79917,42.2012,36.07043,32.0079,46.81128,40.52124
2015-11-16,40.884,44.412,44.832,40.654,42048.0,300356,0.0501,0.05912,0.34472,-0.02374,-0.26214,0.97756,42.697,36.61257,31.99048,46.683,40.61049
2015-11-17,44.782,45.582,46.411,43.583,44452.0,300356,0.02634,0.10411,0.44306,0.05555,-0.1823,1.00828,43.5566,37.279,32.02918,46.60038,40.70352
2015-11-18,45.001999999999995,44.321999999999996,46.262,43.683,33402.0,300356,-0.02764,0.03767,0.34566,-0.04439,-0.22164,0.91233,43.8784,37.82114,31.99597,46.49777,40.78947
2015-11-19,44.312,47.981,48.201,43.343,48778.0,300356,0.08255,0.1215,0.60001,0.06667,-0.16847,0.99538,44.918,38.67795,32.04434,46.41874,40.88677
2015-11-20,47.651,47.961000000000006,49.55,46.381,48241.0,300356,-0.00042,0.13402,0.49286,0.07845,-0.22927,0.99207,46.0516,39.43195,32.10061,46.30275,40.98386
2015-11-23,46.99100000000001,45.882,48.431000000000004,45.821999999999996,24350.0,300356,-0.04335,0.0331,0.29845,0.14636,-0.29342,0.93791,46.3456,39.93414,32.1951,46.14785,41.07413
2015-11-24,45.042,45.522,45.931999999999995,44.282,34044.0,300356,-0.00785,-0.00132,0.32001,0.11073,-0.28867,0.98034,46.3336,40.45967,32.26829,45.99765,41.16574
2015-11-25,45.181999999999995,46.541000000000004,48.181000000000004,45.181999999999995,36144.0,300356,0.02238,0.05007,0.31042,0.22267,-0.30518,1.00288,46.7774,40.98467,32.405,45.83146,41.26047
2015-11-26,45.882,45.751999999999995,47.771,45.622,30693.0,300356,-0.01695,-0.04646,0.36098,0.30437,-0.28996,0.94062,46.3316,41.56252,32.57719,45.67955,41.35061
2015-11-27,45.342,41.184,45.972,41.174,32002.0,300356,-0.09984,-0.1413,0.23501,0.30465,-0.40253,0.67109,44.9762,41.93571,32.73231,45.45397,41.41785
2015-11-30,41.943000000000005,41.593,42.333,37.095,38455.0,300356,0.00993,-0.09348,0.23873,0.46408,-0.45145,0.60133,44.1184,42.31743,32.94495,45.17567,41.48134
2015-12-01,41.093999999999994,39.694,42.543,39.284,26522.0,300356,-0.04566,-0.12803,0.18218,0.55237,-0.51133,0.55816,42.9528,42.60871,33.17276,44.83798,41.53914
2015-12-02,39.924,37.965,39.924,36.096,35481.0,300356,-0.04356,-0.18427,0.10924,0.52042,-0.53925,0.48452,41.2376,42.78676,33.38235,44.47674,41.58951
2015-12-03,38.345,41.553000000000004,41.663000000000004,37.985,35441.0,300356,0.09451,-0.09178,0.10381,0.51272,-0.53784,0.64079,40.3978,42.97286,33.60952,44.08359,41.65548
2015-12-04,40.983999999999995,40.384,41.463,39.504,33912.0,300356,-0.02813,-0.01943,0.09338,0.63366,-0.51703,0.57173,40.2378,43.1371,33.86216,43.73211,41.71519
2015-12-07,40.484,42.783,42.983000000000004,40.294000000000004,40910.0,300356,0.0594,0.02861,0.10995,0.92275,-0.44826,0.60098,40.4758,43.3389,34.19332,43.44952,41.78048
2015-12-08,42.633,43.153,43.383,41.993,36278.0,300356,0.00865,0.08714,0.02909,1.10482,-0.4805,0.6215,41.1676,43.397,34.55866,43.12502,41.84771
2015-12-09,43.153,39.784,43.153,39.654,34607.0,300356,-0.07807,0.04791,-0.03633,0.77283,-0.49718,0.50903,41.5314,43.32557,34.83839,42.8052,41.90226
2015-12-10,39.754,38.635,39.984,38.495,26592.0,300356,-0.02888,-0.07022,-0.09547,0.5648,-0.45744,0.48231,40.9478,43.13138,35.06331,42.54037,41.95337
2015-12-11,38.585,37.385,38.655,37.285,21681.0,300356,-0.03235,-0.07426,-0.12617,0.4055,-0.49983,0.36926,40.348,42.87433,35.23727,42.23663,41.99435
2015-12-14,37.085,38.944,38.964,36.585,24087.0,300356,0.0417,-0.08973,-0.07919,0.51121,-0.49373,0.44381,39.5802,42.71486,35.44976,41.92786,42.04301
2015-12-15,38.785,40.224000000000004,40.574,38.685,20227.0,300356,0.03287,-0.06787,-0.0943,0.51909,-0.50511,0.48686,38.9944,42.51543,35.67145,41.59408,42.09655
2015-12-16,40.484,40.684,41.683,40.224000000000004,20700.0,300356,0.01144,0.02262,-0.10745,0.70719,-0.49982,0.45393,39.1744,42.28219,35.94327,41.26355,42.14819
2015-12-17,41.483000000000004,44.751999999999995,44.751999999999995,40.684,46015.0,300356,0.09999,0.15833,0.0097,1.08624,-0.4399,0.4794,40.3978,42.30267,36.3191,40.9778,42.20714
2015-12-18,44.082,43.982,45.762,43.123000000000005,40045.0,300356,-0.01721,0.17646,-0.08335,0.86357,-0.45947,0.41244,41.7172,42.11224,36.64782,40.67384,42.25935
2015-12-21,44.382,46.911,47.92100000000001,44.352,46957.0,300356,0.0666,0.20458,-0.02189,1.01326,-0.41862,0.37303,43.3106,42.06224,37.02863,40.39922,42.31115
2015-12-22,46.192,49.95,50.46,45.482,54397.0,300356,0.06478,0.2418,0.08866,0.95041,-0.36306,0.54081,45.2558,42.25595,37.42121,40.16774,42.38242
2015-12-23,49.98,50.38,51.369,48.451,54764.0,300356,0.00861,0.23832,0.10672,0.80969,-0.35594,0.72647,47.195,42.48729,37.78477,39.94138,42.4686
2015-12-24,50.78,55.418,55.418,48.98,81643.0,300356,0.1,0.23834,0.19074,1.04351,-0.29486,1.11004,49.3282,42.91,38.24121,39.75298,42.58711
2015-12-25,56.957,56.967,59.476000000000006,54.108000000000004,45853.0,300356,0.02795,0.29523,0.24513,1.10373,-0.34107,1.112,51.9252,43.44405,38.72327,39.51325,42.70904
2015-12-28,57.297,53.468999999999994,57.766999999999996,53.288999999999994,37524.0,300356,-0.0614,0.1398,0.2983,0.91996,-0.36298,0.92598,53.2368,44.02905,39.1365,39.26555,42.81354
2015-12-29,54.278,51.998999999999995,54.278,49.78,43351.0,300356,-0.02749,0.04102,0.25019,1.04963,-0.3124,0.70271,53.6466,44.52457,39.566,39.07348,42.90077
2015-12-30,51.33,57.196999999999996,57.196999999999996,51.08,43801.0,300356,0.09996,0.13531,0.44095,1.12084,-0.21784,0.87108,55.01,45.35805,40.05355,38.94397,43.00902
2015-12-31,57.486999999999995,56.078,58.856,55.278,38128.0,300356,-0.01956,0.01191,0.4771,1.05572,-0.19636,0.79916,55.142,46.22057,40.51805,38.83257,43.11027
2016-01-04,55.978,50.47,55.978,50.47,25887.0,300356,-0.1,-0.11405,0.21459,0.88751,-0.21099,0.75359,53.8426,46.64519,40.90081,38.72285,43.19844
2016-01-05,45.431999999999995,45.422,50.37,45.422,36691.0,300356,-0.10002,-0.1505,0.12475,0.57995,-0.28846,0.57929,52.2332,46.8851,41.16973,38.57314,43.26617
2016-01-06,45.942,46.691,47.131,42.883,37475.0,300356,0.02794,-0.10208,0.09134,0.62692,-0.2425,0.75576,51.1716,47.07119,41.45992,38.45162,43.34787
2016-01-07,45.181999999999995,42.023,45.181999999999995,42.023,7094.0,300356,-0.09998,-0.26529,-0.02619,0.35174,-0.32696,0.74543,48.1368,47.01738,41.63629,38.28564,43.42082
2016-01-08,42.683,38.964,42.683,37.825,52169.0,300356,-0.07279,-0.30518,-0.02061,0.22926,-0.30654,0.66463,44.714,46.97833,41.7535,38.14561,43.48406
2016-01-11,38.155,35.066,38.864000000000004,35.066,34657.0,300356,-0.10004,-0.30521,-0.09238,0.1494,-0.30658,0.4415,41.6332,46.80838,41.82702,38.01956,43.52772
2016-01-12,34.486,32.817,35.205999999999996,31.616999999999997,51617.0,300356,-0.06414,-0.27751,-0.12219,0.02116,-0.35119,0.38902,39.1122,46.59086,41.83798,37.87515,43.56508
2016-01-13,33.317,31.596999999999998,34.486,31.487,41788.0,300356,-0.03718,-0.32327,-0.18866,-0.0433,-0.3059,0.34022,36.0934,46.241,41.81492,37.76193,43.59769
2016-01-14,29.528000000000002,33.417,33.787,29.128,55031.0,300356,0.0576,-0.20479,-0.16923,0.05794,-0.18443,0.51017,34.3722,45.91686,41.84444,37.7005,43.64358
2016-01-15,32.876999999999995,30.978,33.497,30.168000000000003,51630.0,300356,-0.07299,-0.20496,-0.23857,-0.05948,-0.15992,0.42375,32.775,45.45467,41.81284,37.65255,43.68106
2016-01-18,30.008000000000003,34.076,34.076,29.868000000000002,42322.0,300356,0.10001,-0.02823,-0.23856,0.13632,0.02679,0.53096,32.577,44.94629,41.87877,37.65978,43.7291
2016-01-19,35.086,36.765,37.065,34.566,60731.0,300356,0.07891,0.1203,-0.16409,0.14436,0.00712,0.70382,33.3666,44.60262,41.95358,37.66189,43.79083
2016-01-20,35.986,36.545,36.965,35.135999999999996,48963.0,300356,-0.00598,0.1566,-0.22097,0.03421,-0.08988,0.5905,34.3562,44.109,41.97308,37.63255,43.84599
2016-01-21,35.796,32.887,37.465,32.887,55004.0,300356,-0.1001,-0.01586,-0.3416,-0.04637,-0.25548,0.41225,34.2502,43.29648,41.94729,37.5408,43.88501
2016-01-22,32.687,33.327,34.266,31.697,36886.0,300356,0.01338,0.07583,-0.33849,-0.06163,-0.31413,0.39002,34.72,42.48443,41.91198,37.41671,43.92302
2016-01-25,34.396,35.686,35.826,33.497,62822.0,300356,0.07078,0.04725,-0.35606,0.06155,-0.33234,0.48778,35.042,41.54481,41.94535,37.27229,43.97059
2016-01-26,34.866,32.117,35.186,32.117,52959.0,300356,-0.10001,-0.12642,-0.43622,-0.03688,-0.3323,0.29114,34.1124,40.36148,41.92552,37.14234,44.00002
2016-01-27,31.616999999999997,31.188000000000002,32.107,28.918000000000003,46307.0,300356,-0.02893,-0.14659,-0.41671,-0.07115,-0.27961,0.16273,33.041,39.30048,41.88698,37.04393,44.01777
2016-01-28,30.288,28.569000000000003,32.117,28.139,33474.0,300356,-0.08397,-0.1313,-0.45059,-0.14915,-0.37461,0.06708,32.1774,38.18476,41.80621,36.9048,44.02507
2016-01-29,27.989,29.818,30.968000000000004,26.999000000000002,45463.0,300356,0.04372,-0.10529,-0.47868,-0.12879,-0.29162,0.13058,31.4756,36.881,41.73511,36.805,44.03907
2016-02-01,29.788,28.169,29.788,27.059,29209.0,300356,-0.0553,-0.21064,-0.49768,-0.25172,-0.26805,0.00453,29.9722,35.552,41.58227,36.72113,44.03959
2016-02-02,27.879,30.988000000000003,30.988000000000003,26.989,53617.0,300356,0.10007,-0.03515,-0.38601,-0.16101,-0.10532,0.0899,29.7464,34.62429,41.48635,36.69147,44.04998
2016-02-03,30.288,31.427,31.557,29.498,38635.0,300356,0.01417,0.00766,-0.30811,-0.18467,-0.17525,0.07586,29.7942,33.95786,41.37155,36.63718,44.05898
2016-02-04,31.148000000000003,32.687,34.236,31.148000000000003,42047.0,300356,0.04009,0.14414,-0.29993,-0.22049,-0.15723,0.16814,30.6178,33.291,41.22242,36.5876,44.07811
2016-02-05,32.986999999999995,32.126999999999995,33.187,32.126999999999995,26873.0,300356,-0.01713,0.07744,-0.23549,-0.22181,-0.1761,0.15473,31.0796,32.81976,41.07473,36.53177,44.09561
2016-02-15,29.998,31.238000000000003,31.866999999999997,29.938000000000002,39300.0,300356,-0.02767,0.10895,-0.19829,-0.26865,-0.27172,0.1244,31.6934,32.45186,40.88965,36.43702,44.10966
2016-02-16,31.787,34.006,34.366,31.756999999999998,48620.0,300356,0.08861,0.09739,-0.03023,-0.20515,-0.27924,0.15193,32.297,32.40138,40.74808,36.3299,44.12789
2016-02-17,33.876,34.416,34.876,33.427,37706.0,300356,0.01206,0.09511,0.04872,-0.18625,-0.24347,0.15762,32.8948,32.47752,40.62103,36.23985,44.14694
2016-02-18,34.726,35.836,35.966,34.106,70452.0,300356,0.04126,0.09634,0.13416,-0.1931,-0.17014,0.2119,33.5246,32.67938,40.48271,36.18012,44.17241
2016-02-19,36.685,36.076,36.935,34.986,49173.0,300356,0.0067,0.12292,0.07957,-0.20855,-0.22218,0.25915,34.3144,32.806,40.32939,36.09634,44.20259
2016-02-22,36.246,36.425,36.645,35.606,53503.0,300356,0.00967,0.16605,0.17583,-0.17817,-0.19023,0.40236,35.3518,33.06538,40.20202,36.02677,44.24508
2016-02-23,36.205999999999996,35.296,36.475,34.525999999999996,39356.0,300356,-0.031,0.03793,0.0358,-0.26438,-0.20633,0.34338,35.6098,33.12348,39.99742,35.95217,44.28175
2016-02-24,34.936,34.156,36.135999999999996,32.876999999999995,44325.0,300356,-0.0323,-0.00755,-0.07096,-0.28784,-0.14661,0.21026,35.5578,32.99924,39.77476,35.90446,44.30587
2016-02-25,34.006,30.738000000000003,34.126,30.738000000000003,55721.0,300356,-0.10007,-0.14226,-0.1589,-0.33006,-0.25,0.05516,34.5382,32.72271,39.5305,35.82116,44.31241
2016-02-26,31.138,30.788,31.987,28.789,39349.0,300356,0.00163,-0.14658,-0.06382,-0.32367,-0.19117,-0.01538,33.4806,32.62276,39.29285,35.762,44.31045
2016-02-29,29.998,27.709,30.658,27.709,32610.0,300356,-0.10001,-0.23929,-0.16857,-0.40463,-0.21003,-0.07698,31.7374,32.35524,38.98911,35.70211,44.30106
2016-03-01,27.789,28.099,28.679000000000002,25.25,35162.0,300356,0.01407,-0.2039,-0.2126,-0.38584,-0.10986,-0.1292,30.298,31.99395,38.70439,35.67391,44.28411
2016-03-02,27.909000000000002,30.358,30.788,27.889,47797.0,300356,0.08039,-0.1112,-0.05477,-0.26287,0.06861,-0.09208,29.5384,31.91019,38.52977,35.68976,44.27159
2016-03-03,30.368000000000002,30.558000000000003,31.238000000000003,29.798000000000002,33834.0,300356,0.00659,-0.00586,-0.0202,-0.26531,0.19507,-0.1121,29.5024,31.88019,38.35179,35.73031,44.25591
2016-03-04,30.188000000000002,28.709,31.158,28.209,25112.0,300356,-0.06051,-0.06753,0.0049,-0.27674,0.14974,-0.16461,29.0866,31.88686,38.17461,35.76071,44.23291
2016-03-07,28.978,29.588,30.508000000000003,28.978,22549.0,300356,0.03062,0.06781,-0.00771,-0.22065,0.07714,-0.12889,29.4624,31.8759,38.0395,35.77793,44.21512
2016-03-08,29.588,31.976999999999997,32.537,27.899,45985.0,300356,0.08074,0.13801,0.13518,-0.23045,0.29357,-0.05578,30.238,32.05724,37.88505,35.83693,44.20744
2016-03-09,30.688000000000002,31.397,33.486999999999995,30.688000000000002,38904.0,300356,-0.01814,0.03422,0.0132,-0.22254,0.41104,-0.14106,30.4458,32.07671,37.7401,35.91129,44.18648
2016-03-10,31.677,30.488000000000003,31.987,29.988000000000003,22224.0,300356,-0.02895,-0.00229,-0.02988,-0.28738,0.48707,-0.11284,30.4318,32.032,37.54179,35.99248,44.17072
2016-03-11,30.288,29.928,30.348000000000003,29.248,15918.0,300356,-0.01837,0.04246,-0.08441,-0.30647,0.33363,-0.14259,30.6756,31.90062,37.32848,36.05335,44.15048
2016-03-14,30.808000000000003,31.837,32.586999999999996,30.598000000000003,41567.0,300356,0.06379,0.07601,-0.00903,-0.19975,0.28947,-0.07708,31.1254,31.88681,37.20031,36.11146,44.13967
2016-03-15,31.787,31.318,32.586999999999996,31.128,25155.0,300356,-0.0163,-0.02061,0.00256,-0.18939,0.17741,-0.12627,30.9936,31.89062,37.08229,36.14982,44.12128
2016-03-16,32.867,30.358,32.867,29.788,28304.0,300356,-0.03065,-0.03309,-0.10728,-0.18796,0.17804,-0.12425,30.7858,31.7169,36.96895,36.18712,44.10377
2016-03-17,30.588,32.736999999999995,32.986999999999995,30.218000000000004,43612.0,300356,0.07836,0.07377,-0.04879,-0.15938,0.23634,-0.05535,31.2356,31.63695,36.86884,36.238,44.09597
2016-03-18,32.736999999999995,36.016,36.016,32.736999999999995,70680.0,300356,0.10016,0.20342,0.00502,-0.10461,0.51131,0.04801,32.4532,31.64552,36.80097,36.33707,44.10268
2016-03-21,36.236,37.535,37.595,36.236,47738.0,300356,0.04218,0.17897,0.04044,-0.0774,0.7498,0.11958,33.5928,31.715,36.75018,36.46783,44.11898
2016-03-22,36.685,37.125,38.685,36.286,39112.0,300356,-0.01092,0.18542,0.01922,-0.17043,0.57303,0.06269,34.7542,31.74833,36.62716,36.57778,44.12788
2016-03-23,37.205,40.384,40.724000000000004,36.985,51201.0,300356,0.08778,0.33026,0.14415,-0.08181,0.73314,0.07797,36.7594,31.99062,36.56913,36.71667,44.13975
2016-03-24,39.064,42.183,43.353,38.485,73608.0,300356,0.04455,0.28854,0.23501,-0.10079,0.64713,0.02388,38.6486,32.37286,36.49287,36.85141,44.14375
2016-03-25,41.333999999999996,41.023999999999994,42.233000000000004,39.974000000000004,33301.0,300356,-0.02748,0.13905,0.33463,-0.1787,0.47362,0.02304,39.6502,32.86267,36.3489,36.9586,44.14751
2016-03-28,41.493,39.504,42.533,39.184,31577.0,300356,-0.03705,0.05246,0.2831,-0.21588,0.45669,-0.00893,40.044,33.27771,36.17348,37.05929,44.14606
2016-03-29,39.984,39.684,40.384,38.485,37337.0,300356,0.00456,0.06893,0.43217,-0.28391,0.46549,-0.02518,40.5558,33.84795,35.91971,37.16177,44.14189
2016-03-30,40.194,41.983000000000004,42.873000000000005,39.584,41205.0,300356,0.05793,0.03959,0.49411,-0.26303,0.50752,-0.02494,40.8756,34.5091,35.67803,37.27668,44.13753
2016-03-31,41.983000000000004,44.082,44.782,41.793,37818.0,300356,0.05,0.04502,0.45207,-0.17556,0.73756,0.00791,41.2554,35.16262,35.52663,37.42881,44.13893
2016-04-01,44.732,42.673,44.802,41.993,24967.0,300356,-0.03196,0.0402,0.39646,-0.17935,0.5823,-0.09212,41.5852,35.73952,35.37621,37.55649,44.12133
2016-04-05,42.883,43.203,44.122,41.184,42160.0,300356,0.01242,0.09364,0.50486,-0.24466,0.58375,-0.13715,42.325,36.42971,35.1505,37.68595,44.09342
2016-04-06,42.983000000000004,42.243,43.473,41.563,28074.0,300356,-0.02222,0.06448,0.42771,-0.24671,0.57983,-0.17088,42.8368,37.03233,34.92735,37.812,44.05803
2016-04-07,42.963,40.474000000000004,42.963,39.984,27543.0,300356,-0.04188,-0.03594,0.26572,-0.19806,0.40784,-0.21056,42.535,37.43695,34.76613,37.90733,44.01415
2016-04-08,41.284,39.984,41.284,39.134,31582.0,300356,-0.01211,-0.09296,0.2735,-0.11972,0.39322,-0.18651,41.7154,37.84586,34.67842,37.99907,43.97688
2016-04-11,41.023999999999994,40.464,41.783,40.464,31919.0,300356,0.012,-0.05177,0.32721,-0.13337,0.3016,-0.08527,41.2736,38.3209,34.57798,38.0753,43.96155
2016-04-12,40.894,41.483000000000004,42.793,40.484,31291.0,300356,0.02518,-0.03981,0.38609,-0.01285,0.30874,-0.12763,40.9296,38.87114,34.56927,38.15486,43.93688
2016-04-13,41.034,41.853,43.633,41.034,30505.0,300356,0.00892,-0.00923,0.3146,0.07415,0.37187,-0.09023,40.8516,39.3481,34.61587,38.2471,43.92
2016-04-14,41.903,41.294,42.423,39.784,31930.0,300356,-0.01336,0.02026,0.31854,0.17761,0.28494,-0.15122,41.0156,39.82314,34.71632,38.32154,43.8901
2016-04-15,41.284,42.483000000000004,42.483000000000004,40.454,34943.0,300356,0.02879,0.0625,0.3994,0.29454,0.28631,-0.14452,41.5154,40.40052,34.87223,38.39842,43.86092
2016-04-18,42.293,40.983999999999995,42.633,40.414,27445.0,300356,-0.03528,0.01285,0.25192,0.29709,0.2975,-0.23717,41.6194,40.79324,35.02363,38.47482,43.80913
2016-04-19,40.983999999999995,41.423,41.783,40.584,16151.0,300356,0.01071,-0.00145,0.15013,0.23958,0.25764,-0.26805,41.6074,41.05071,35.15276,38.54381,43.74746
2016-04-20,41.31399999999999,37.285,41.813,37.285,32700.0,300356,-0.0999,-0.10914,-0.00666,0.2036,0.24333,-0.31893,40.6938,41.03881,35.25448,38.60314,43.67648
2016-04-21,36.985,37.585,38.964,36.985,23917.0,300356,0.00805,-0.08982,0.01239,0.10298,0.16989,-0.28188,39.952,41.06071,35.31108,38.64751,43.61651
2016-04-22,36.485,38.984,39.234,36.485,24318.0,300356,0.03722,-0.08236,-0.03467,0.06036,0.10324,-0.26676,39.2522,40.99405,35.34687,38.67717,43.55886
2016-04-25,37.735,41.263999999999996,42.283,37.735,39357.0,300356,0.05849,0.00683,-0.02179,0.12913,0.19654,-0.21651,39.3082,40.95029,35.42298,38.73228,43.5125
2016-04-26,41.433,42.613,44.472,41.333999999999996,45104.0,300356,0.03269,0.02873,0.03873,0.29574,0.19983,-0.17685,39.5462,41.02595,35.57985,38.78998,43.47529
2016-04-27,43.183,45.592,45.982,42.283,60942.0,300356,0.06991,0.2228,0.15411,0.36802,0.35622,-0.07203,41.2076,41.31586,35.77768,38.88733,43.4609
2016-04-28,45.181999999999995,44.952,46.781000000000006,44.022,38994.0,300356,-0.01404,0.19601,0.13275,0.25965,0.34801,-0.05883,42.681,41.56671,35.92713,38.98168,43.44948
2016-04-29,45.292,45.242,45.861999999999995,43.543,43487.0,300356,0.00645,0.16053,0.07763,0.40866,0.34741,-0.03644,43.9326,41.7219,36.13882,39.07652,43.44252
2016-05-03,44.742,47.981,48.661,44.082,34606.0,300356,0.06054,0.16278,0.08845,0.53844,0.42898,0.08712,45.276,41.90757,36.40968,39.19363,43.45815
2016-05-04,47.881,46.941,49.48,46.631,23073.0,300356,-0.02168,0.10157,0.10002,0.64307,0.3715,0.06791,46.1416,42.11081,36.706,39.297,43.47029
2016-05-05,47.411,46.881,47.42100000000001,44.982,18610.0,300356,-0.00128,0.02827,0.08513,0.57224,0.24534,-0.03042,46.3994,42.28595,36.98121,39.37209,43.46431
2016-05-06,46.332,45.082,47.081,44.582,25392.0,300356,-0.03837,0.00289,0.06721,0.60041,0.22058,-0.10729,46.4254,42.42114,37.254,39.43833,43.44228
2016-05-09,43.982,43.763000000000005,44.482,41.803000000000004,38612.0,300356,-0.02926,-0.03269,0.08126,0.41226,0.13537,-0.14222,46.1296,42.57776,37.46005,39.48075,43.41279
2016-05-10,42.963,43.473,43.972,42.303000000000004,29254.0,300356,-0.00663,-0.09395,0.08726,0.3833,0.03673,-0.13193,45.228,42.7439,37.65434,39.49327,43.38593
2016-05-11,43.982,40.974,43.982,40.864000000000004,31092.0,300356,-0.05748,-0.12712,0.0126,0.25353,-0.00751,-0.21049,44.0346,42.76819,37.788,39.49075,43.34152
2016-05-12,39.974000000000004,43.183,43.433,38.085,33131.0,300356,0.05391,-0.07888,0.04098,0.34413,0.011,-0.19459,43.295,42.84914,37.96632,39.49457,43.29911
2016-05-13,42.983000000000004,41.083999999999996,43.483000000000004,40.834,27562.0,300356,-0.04861,-0.08868,-0.01837,0.31519,-0.03971,-0.30344,42.4954,42.81252,38.12513,39.48076,43.22636
2016-05-16,41.083999999999996,43.483000000000004,43.483000000000004,39.614000000000004,39392.0,300356,0.05839,-0.0064,0.05301,0.27869,0.02814,-0.29932,42.4394,42.91676,38.27798,39.49043,43.15085
2016-05-17,43.363,45.372,46.971000000000004,42.493,43846.0,300356,0.04344,0.04368,0.068,0.31834,0.02162,-0.24619,42.8192,43.05433,38.45469,39.49824,43.09062
2016-05-18,44.582,42.373000000000005,44.742,40.834,36049.0,300356,-0.0661,0.03414,0.03389,0.18241,-0.0704,-0.23986,43.099,43.12048,38.56013,39.47215,43.03626
2016-05-19,42.233000000000004,44.442,44.972,41.224,31870.0,300356,0.04883,0.02915,0.07288,0.2319,0.00271,-0.21954,43.3508,43.26424,38.69506,39.47312,42.98545
2016-05-20,43.613,44.181999999999995,44.972,42.803000000000004,21144.0,300356,-0.00585,0.07541,0.18498,0.21296,-0.07918,-0.23431,43.9704,43.59267,38.82018,39.44224,42.93049
2016-05-23,44.711999999999996,47.201,47.981,44.482,38154.0,300356,0.06833,0.0855,0.25585,0.33729,-0.01585,-0.24148,44.714,44.05057,39.01219,39.43606,42.8694
2016-05-24,47.751000000000005,46.731,47.761,46.242,21530.0,300356,-0.00996,0.02995,0.19872,0.36816,0.0185,-0.28034,44.9858,44.41948,39.21502,39.44296,42.7954
2016-05-25,47.011,48.441,49.99,47.011,44725.0,300356,0.03659,0.1432,0.17393,0.57593,0.06412,-0.24306,46.1994,44.76124,39.50055,39.46669,42.73217
2016-08-10,44.27,44.27,47.0,43.6,76303.0,300356,-0.0861,-0.00387,0.03888,0.4379,-0.0488,-0.33909,46.165,44.84014,39.718,39.44823,42.63984
2016-08-11,43.94,45.4,48.7,43.86,70549.0,300356,0.02553,0.02757,-0.00421,0.63846,-0.00769,-0.29542,46.4086,44.831,40.00334,39.44537,42.56246
2016-08-12,44.44,45.0,45.6,42.8,53243.0,300356,-0.00881,-0.04663,0.00107,0.60148,0.09266,-0.34717,45.9684,44.83329,40.27594,39.47639,42.46518
2016-08-15,44.5,44.95,46.1,43.5,42797.0,300356,-0.00111,-0.03811,-0.00645,0.48066,0.08071,-0.40718,45.6122,44.81938,40.51129,39.50368,42.33967
2016-08-16,44.7,46.11,46.8,44.2,33550.0,300356,0.02581,-0.04812,-0.03899,0.50893,0.16164,-0.43235,45.146,44.73029,40.76213,39.55585,42.19691
2016-08-17,45.85,47.27,48.0,45.22,35893.0,300356,0.02516,0.06777,0.00701,0.64652,0.24509,-0.42632,45.746,44.74595,41.0615,39.6315,42.05412
2016-08-18,48.0,46.18,48.0,46.1,30156.0,300356,-0.02306,0.01718,-0.01495,0.56077,0.11135,-0.48638,45.902,44.71257,41.32911,39.66911,41.87635
2016-08-19,46.12,45.08,46.48,44.8,18670.0,300356,-0.02382,0.00178,-4e-05,0.40976,0.11628,-0.46087,45.918,44.71248,41.54045,39.70729,41.7197
2016-08-22,44.91,42.27,45.57,41.45,29433.0,300356,-0.06233,-0.05962,-0.03412,0.34631,-0.01199,-0.45488,45.382,44.64138,41.71582,39.70312,41.57632
2016-08-23,42.0,42.57,42.75,40.14,33320.0,300356,0.0071,-0.07677,-0.02077,0.39629,-0.01351,-0.48752,44.674,44.59838,41.91069,39.69838,41.4117
2016-08-24,42.3,42.75,42.98,41.6,24265.0,300356,0.00423,-0.09562,0.04334,0.42843,0.07455,-0.45969,43.77,44.68295,42.1175,39.7225,41.26385
2016-08-25,42.21,41.67,42.6,40.61,18681.0,300356,-0.02526,-0.09766,-0.03504,0.30885,0.07856,-0.41482,42.868,44.6109,42.2761,39.74717,41.14377
2016-08-26,41.5,41.81,42.46,41.5,11812.0,300356,0.00336,-0.07254,0.01767,0.33502,0.11836,-0.44063,42.214,44.64548,42.44532,39.78315,41.00989
2016-08-29,41.3,41.2,41.69,40.6,12043.0,300356,-0.01459,-0.02531,-0.0525,0.35714,0.05793,-0.4644,42.0,44.53676,42.62019,39.80149,40.86467
2016-08-30,41.18,41.28,41.68,40.68,9636.0,300356,0.00194,-0.0303,-0.09019,0.26096,0.02625,-0.49212,41.742,44.3419,42.75798,39.81007,40.70208
2016-08-31,41.29,40.5,41.4,40.13,14356.0,300356,-0.0189,-0.05263,-0.0442,0.1245,-0.00452,-0.50208,41.292,44.25271,42.83031,39.80858,40.53607
2016-09-01,40.5,39.5,41.0,39.5,17778.0,300356,-0.02469,-0.05208,-0.1112,0.05235,-0.11736,-0.50563,40.858,44.01738,42.862,39.76588,40.37184
2016-09-02,39.62,39.17,39.89,38.2,20983.0,300356,-0.00835,-0.06314,-0.11344,0.05508,-0.10941,-0.51861,40.33,43.77871,42.89498,39.72676,40.2003
2016-09-05,39.23,39.16,39.7,39.1,10517.0,300356,-0.00026,-0.04951,-0.17036,-0.03031,-0.16523,-0.51468,39.922,43.39581,42.87524,39.66374,40.03148
2016-09-06,39.8,43.08,43.08,39.38,47245.0,300356,0.1001,0.0436,-0.07813,0.02126,-0.13754,-0.45066,40.282,43.22195,42.88971,39.60789,39.88781
2016-09-07,42.6,41.59,43.96,41.45,38293.0,300356,-0.03459,0.02691,-0.14143,0.0138,-0.17447,-0.46831,40.5,42.89571,42.89884,39.53642,39.7389
2016-09-08,41.1,41.69,42.28,41.1,15098.0,300356,0.0024,0.05544,-0.05828,0.05534,-0.24772,-0.46953,40.938,42.77286,42.9341,39.42481,39.5889
2016-09-09,41.97,40.8,42.0,40.8,14399.0,300356,-0.02135,0.04161,-0.10132,0.02812,-0.2838,-0.52807,41.264,42.55381,42.9521,39.29337,39.40331
2016-09-12,39.41,38.56,39.95,38.4,16221.0,300356,-0.0549,-0.01532,-0.14311,-0.08153,-0.27883,-0.5406,41.144,42.24714,42.89689,39.17216,39.21886
2016-09-13,39.0,37.51,39.38,37.46,24660.0,300356,-0.02723,-0.12929,-0.16552,-0.14909,-0.27864,-0.50399,40.03,41.89286,42.79089,39.05437,39.06392
2016-09-14,37.0,37.5,38.49,36.83,17816.0,300356,-0.00027,-0.09834,-0.18673,-0.12122,-0.34437,-0.48719,39.212,41.48286,42.70745,38.89423,38.9191
2016-09-19,37.52,38.07,38.28,37.52,8633.0,300356,0.0152,-0.08683,-0.19463,-0.11881,-0.32112,-0.45443,38.488,41.04476,42.62466,38.74782,38.7902
2016-09-20,38.28,37.85,38.28,37.03,7409.0,300356,-0.00578,-0.0723,-0.18038,-0.10399,-0.25005,-0.40828,37.898,40.6481,42.55381,38.64522,38.68403
2016-09-21,37.85,37.96,38.16,37.22,7455.0,300356,0.00291,-0.01556,-0.15794,-0.06211,-0.16428,-0.40535,37.778,40.30905,42.51326,38.58455,38.57885
2016-09-22,38.18,37.8,38.5,37.51,7762.0,300356,-0.00421,0.00773,-0.10575,-0.05462,-0.19042,-0.38674,37.836,40.09619,42.47803,38.51227,38.48194
2016-09-23,37.98,37.87,37.98,36.3,11614.0,300356,0.00185,0.00987,-0.11041,-0.06411,-0.09883,-0.39348,37.91,39.87238,42.43619,38.4785,38.38207
2016-09-26,37.99,37.22,37.99,37.06,10672.0,300356,-0.01716,-0.02233,-0.12936,-0.10276,-0.04476,-0.33758,37.74,39.60905,42.36744,38.46433,38.30497
2016-09-27,37.0,37.43,37.5,36.33,11649.0,300356,0.00564,-0.0111,-0.10175,-0.10568,0.06742,-0.25984,37.656,39.40714,42.2961,38.48354,38.25155
2016-09-28,37.3,37.9,37.9,37.15,10236.0,300356,0.01256,-0.00158,-0.09352,-0.08219,0.15489,-0.25069,37.644,39.22095,42.24135,38.52487,38.20001
2016-09-29,37.96,37.85,38.09,37.46,8608.0,300356,-0.00132,0.00132,-0.08131,-0.10906,0.1979,-0.16853,37.654,39.06143,42.16663,38.57571,38.16882
2016-09-30,37.58,38.4,39.55,37.32,14324.0,300356,0.01453,0.014,-0.06977,-0.06305,0.14912,-0.06282,37.76,38.92429,42.12495,38.61622,38.15836
2016-10-10,38.41,40.01,40.2,38.41,11547.0,300356,0.04193,0.07496,-0.0121,-0.03411,0.29156,0.08502,38.318,38.90095,42.10216,38.68965,38.1711
2016-10-11,39.8,39.71,40.2,39.24,11873.0,300356,-0.0075,0.06091,0.00532,0.06504,0.16534,0.19655,38.774,38.91095,42.14127,38.73546,38.19762
2016-10-12,39.52,39.5,39.82,39.07,7869.0,300356,-0.00529,0.04222,0.00842,0.05095,0.07439,0.08204,39.094,38.92667,42.17216,38.75769,38.20979
2016-10-13,39.79,39.05,39.79,38.64,14899.0,300356,-0.01139,0.0317,-0.00281,0.00169,0.06855,-0.02749,39.334,38.92143,42.17323,38.77806,38.2053
2016-10-14,38.7,38.43,38.89,38.0,11190.0,300356,-0.01588,0.00078,-0.10794,-0.06868,0.16855,-0.12999,39.34,38.7,42.12752,38.82312,38.18196
2016-10-17,38.16,37.93,38.89,37.89,8978.0,300356,-0.01301,-0.05199,-0.088,-0.1099,0.13812,-0.2194,38.924,38.52571,42.05198,38.86054,38.13863
2016-10-18,38.36,38.6,38.83,37.71,11301.0,300356,0.01766,-0.02795,-0.07412,-0.15336,0.08166,-0.27782,38.702,38.37857,41.93921,38.88424,38.07826
2016-10-19,38.5,39.33,39.99,38.5,20647.0,300356,0.01891,-0.0043,-0.03603,-0.12507,0.22459,-0.18235,38.668,38.30857,41.84853,38.94288,38.04261
2016-10-20,39.39,39.02,39.58,38.76,11055.0,300356,-0.00788,-0.00077,0.01193,-0.13753,0.25112,-0.0987,38.662,38.33048,41.74818,39.00655,38.02524
2016-10-21,38.97,38.18,39.02,37.88,8493.0,300356,-0.02153,-0.00651,0.01786,-0.20427,0.33641,-0.16422,38.612,38.36238,41.5901,39.08469,37.99474
2016-10-24,38.04,38.54,38.6,37.3,12462.0,300356,0.00943,0.01608,0.02773,-0.17897,0.29251,-0.08441,38.734,38.4119,41.4546,39.1556,37.9803
2016-10-25,38.32,38.05,38.54,37.9,14964.0,300356,-0.01271,-0.01425,-0.00053,-0.18837,0.35078,-0.0113,38.624,38.41095,41.31216,39.23593,37.97853
2016-10-26,37.82,38.01,38.46,37.72,15091.0,300356,-0.00105,-0.03356,0.00423,-0.15687,0.2266,0.09741,38.36,38.41857,41.1981,39.29302,37.99225
2016-10-27,37.96,37.81,38.0,37.65,8413.0,300356,-0.00526,-0.03101,-0.00395,-0.13603,0.20311,-0.00774,38.118,38.41143,41.10208,39.34492,37.99105
2016-10-28,37.98,37.84,38.25,37.81,11142.0,300356,0.00079,-0.00891,0.00106,-0.12957,0.15765,-0.02437,38.05,38.41333,41.01123,39.38681,37.98721
2016-10-31,37.67,38.83,39.25,37.55,19166.0,300356,0.02616,0.00752,0.02535,-0.05233,0.20864,-0.00421,38.108,38.45905,40.97665,39.44131,37.98654
2016-11-01,38.75,39.28,39.56,38.62,24659.0,300356,0.01159,0.03233,0.05535,-0.09038,0.25744,-0.08423,38.354,38.55714,40.91369,39.50669,37.97185
2016-11-02,39.25,39.38,40.18,38.87,22434.0,300356,0.00255,0.03604,0.0521,-0.04148,0.15803,-0.16534,38.628,38.65,40.88621,39.55038,37.94014
2016-11-03,39.29,38.6,39.75,38.5,20864.0,300356,-0.01981,0.02089,0.01847,-0.1123,0.12157,-0.1515,38.786,38.68333,40.80745,39.5844,37.91213
2016-11-04,37.88,37.95,38.83,37.78,18798.0,300356,-0.01684,0.00291,0.00264,-0.16358,0.05899,-0.12118,38.808,38.6881,40.68774,39.60159,37.89085
2016-11-07,38.07,38.13,38.49,37.8,10063.0,300356,0.00474,-0.01803,-0.00703,-0.10013,0.05694,-0.1779,38.668,38.67524,40.61931,39.61828,37.85731
2016-11-08,38.14,38.28,38.42,37.92,11196.0,300356,0.00393,-0.02546,-0.04324,-0.13865,0.05093,-0.14899,38.468,38.59286,40.51992,39.63337,37.83007
2016-11-09,38.2,37.63,38.32,37.2,11453.0,300356,-0.01698,-0.04444,-0.05238,-0.1483,0.06613,-0.15385,38.118,38.49381,40.41424,39.65234,37.80226
2016-11-10,38.0,38.08,38.47,37.88,18239.0,300356,0.01196,-0.01347,-0.03595,-0.19324,0.11488,-0.04857,38.014,38.42619,40.26713,39.68424,37.79435
2016-11-11,37.91,38.48,38.49,37.91,14463.0,300356,0.0105,0.01397,-0.0146,-0.17656,0.25187,-0.0611,38.12,38.39905,40.13405,39.74719,37.78417
2016-11-14,38.48,38.72,39.5,38.48,17803.0,300356,0.00624,0.01547,0.00755,-0.20068,0.25763,0.01721,38.238,38.41286,39.97726,39.81167,37.78684
2016-11-15,38.72,38.78,38.78,38.02,16338.0,300356,0.00155,0.01306,0.02241,-0.12401,0.39955,0.1056,38.338,38.45333,39.88871,39.90168,37.80189
2016-11-16,38.88,39.36,39.98,38.71,28807.0,300356,0.01496,0.04597,0.01969,-0.13304,0.40076,0.24687,38.684,38.48952,39.79129,39.99324,37.83357
2016-11-17,38.94,43.3,43.3,38.75,76268.0,300356,0.1001,0.13708,0.10094,-0.03778,0.42631,0.52416,39.728,38.67857,39.76387,40.09846,37.89411
2016-11-18,43.3,43.54,45.58,42.57,91483.0,300356,0.00554,0.1315,0.11584,-0.03137,0.42483,0.70278,40.74,38.89381,39.74113,40.204,37.96715
2016-11-21,43.01,44.7,44.77,42.16,91693.0,300356,0.02664,0.15444,0.17077,-0.03058,0.557,0.79015,41.936,39.20429,39.71839,40.33401,38.04736
2016-11-22,44.0,44.16,44.99,43.9,64517.0,300356,-0.01208,0.13873,0.14582,-0.06579,0.4925,0.60763,43.012,39.4719,39.66823,40.45248,38.11521
2016-11-23,44.15,44.83,46.06,43.28,88849.0,300356,0.01517,0.13897,0.17819,-0.02923,0.40195,0.81351,44.106,39.79476,39.64645,40.55698,38.19696
2016-11-24,44.2,43.93,44.37,43.29,50779.0,300356,-0.02008,0.01455,0.15575,-0.02551,0.39918,0.97429,44.232,40.07667,39.6279,40.65887,38.28508
2016-11-25,43.43,43.14,43.79,42.2,53599.0,300356,-0.01798,-0.00919,0.14097,0.02058,0.41498,1.10418,44.152,40.33048,39.64194,40.76173,38.37711
2016-11-28,42.72,41.42,43.11,41.28,49968.0,300356,-0.03987,-0.07338,0.09461,-0.02701,0.38399,0.84573,43.496,40.50095,39.62339,40.85516,38.45426
2016-11-29,41.32,41.39,42.18,41.18,37597.0,300356,-0.00072,-0.06273,0.06593,-0.03181,0.30006,0.67639,42.942,40.62286,39.60145,40.93283,38.52214
2016-11-30,41.4,41.8,41.86,40.0,41618.0,300356,0.00991,-0.06759,0.06415,0.00312,0.3347,0.57149,42.336,40.74286,39.60355,41.01805,38.58393
2016-12-01,41.96,40.84,42.0,40.8,36920.0,300356,-0.02297,-0.07034,0.03707,-0.0232,0.34528,0.58479,41.718,40.81238,39.5879,41.10327,38.6452
2016-12-02,40.89,38.62,41.19,38.45,42842.0,300356,-0.05436,-0.10478,0.00052,-0.06262,0.1797,0.45851,40.814,40.81333,39.54629,41.1511,38.69455
2016-12-05,37.82,38.19,39.08,37.51,21117.0,300356,-0.01113,-0.07798,0.00632,-0.07485,0.06036,0.60253,40.168,40.82476,39.49645,41.16877,38.75292
2016-12-06,38.22,38.71,39.64,38.22,27850.0,300356,0.01362,-0.06475,0.01521,-0.0442,0.0313,0.80458,39.632,40.85238,39.46758,41.17833,38.82308
2016-12-07,38.42,39.15,39.3,38.42,16400.0,300356,0.01137,-0.0634,0.02273,-0.00886,0.05455,0.65883,39.102,40.89381,39.46194,41.19479,38.88628
2016-12-08,39.14,38.2,39.15,38.18,16767.0,300356,-0.02427,-0.06464,0.01515,-0.02476,-0.05408,0.63941,38.574,40.92095,39.44629,41.17703,38.94685
2016-12-09,38.11,38.23,38.71,38.1,15508.0,300356,0.00079,-0.0101,0.00394,-0.02375,-0.09371,0.49278,38.496,40.9281,39.43129,41.14489,38.99815
2016-12-12,38.4,34.42,38.4,34.41,37748.0,300356,-0.09966,-0.09872,-0.10551,-0.20102,-0.16098,0.23639,37.742,40.73476,39.29161,41.0912,39.0249
2016-12-13,33.88,34.58,34.73,33.61,26117.0,300356,0.00465,-0.10669,-0.10692,-0.16855,-0.12465,0.27512,36.916,40.53762,39.17855,41.05117,39.05523
2016-12-14,34.63,34.6,35.25,34.4,24089.0,300356,0.00058,-0.11622,-0.10779,-0.17006,-0.12811,0.27774,36.006,40.33857,39.06419,41.00984,39.0858
2016-12-15,34.6,34.67,35.19,34.43,16967.0,300356,0.00202,-0.09241,-0.11916,-0.15025,-0.17419,0.24493,35.3,40.11524,38.96532,40.95038,39.11353
2016-12-16,34.7,34.81,35.04,34.27,18705.0,300356,0.00404,-0.08946,-0.19607,-0.09725,-0.21034,0.37209,34.616,39.71095,38.90484,40.875,39.15191
2016-12-19,34.5,33.79,34.7,33.61,15719.0,300356,-0.0293,-0.0183,-0.22393,-0.09917,-0.20816,0.25292,34.49,39.24667,38.84484,40.80278,39.17963
2016-12-20,33.79,33.91,34.29,33.66,10898.0,300356,0.00355,-0.01938,-0.24139,-0.09573,-0.2151,0.24308,34.356,38.73286,38.78694,40.72723,39.20659
2016-12-21,34.09,34.09,34.49,33.7,14051.0,300356,0.00531,-0.01474,-0.22803,-0.10454,-0.193,0.27492,34.254,38.25333,38.72274,40.66094,39.23647
2016-12-22,34.12,36.18,36.89,33.4,35472.0,300356,0.06131,0.04355,-0.19295,-0.04412,-0.10609,0.25848,34.556,37.84143,38.69581,40.62603,39.26668
2016-12-23,35.51,34.58,35.87,34.5,19216.0,300356,-0.04422,-0.00661,-0.21284,-0.08904,-0.13515,0.20492,34.51,37.39619,38.64129,40.5821,39.29059
2016-12-26,34.36,34.8,34.96,33.51,15299.0,300356,0.00636,0.02989,-0.19332,-0.07937,-0.13998,0.1194,34.712,36.99905,38.5929,40.53605,39.30567
2016-12-27,34.78,34.45,34.95,34.4,10590.0,300356,-0.01006,0.01592,-0.16828,-0.09031,-0.16954,0.08685,34.82,36.66714,38.53774,40.47887,39.31687
2016-12-28,34.37,34.47,34.68,34.21,10247.0,300356,0.00058,0.01115,-0.16719,-0.07389,-0.1764,0.12987,34.896,36.33762,38.49339,40.41885,39.33297
2016-12-29,34.5,34.02,34.98,33.98,21365.0,300356,-0.01305,-0.0597,-0.18612,-0.0911,-0.17615,0.05859,34.464,35.96714,38.43839,40.35971,39.34063
2016-12-30,33.9,34.55,34.9,33.43,28876.0,300356,0.01558,-0.00087,-0.15402,-0.08839,-0.18673,0.04611,34.458,35.66762,38.38435,40.29521,39.34682
2017-01-03,34.21,34.63,34.72,34.11,12825.0,300356,0.00232,-0.00489,-0.10331,-0.08507,-0.15504,0.09634,34.424,35.47762,38.33242,40.24355,39.35919
2017-01-04,34.53,35.07,35.11,34.41,15703.0,300356,0.01271,0.018,-0.0817,-0.08672,-0.15337,0.06476,34.548,35.32905,38.27871,40.1919,39.36786
2017-01-05,35.3,34.64,35.35,34.58,12149.0,300356,-0.01226,0.00493,-0.10514,-0.13422,-0.07094,0.15513,34.582,35.13524,38.1921,40.1704,39.38677
2017-01-06,34.64,33.67,34.77,33.63,18250.0,300356,-0.028,-0.01029,-0.13997,-0.1521,-0.10416,0.04803,34.512,34.87429,38.09468,40.13857,39.39304
2017-01-09,33.69,33.2,33.87,32.19,28080.0,300356,-0.01396,-0.03907,-0.13089,-0.15949,-0.14837,-0.06045,34.242,34.63619,37.99306,40.09154,39.38436
2017-01-10,32.99,33.7,33.96,32.65,14080.0,300356,0.01506,-0.02686,-0.11849,-0.137,-0.18331,-0.02279,34.056,34.42048,37.90677,40.03005,39.38116
2017-01-11,33.59,33.36,33.68,32.88,10688.0,300356,-0.01009,-0.04876,-0.0308,-0.13193,-0.21714,-0.06071,33.714,34.37,37.825,39.95482,39.3724
2017-01-12,33.15,32.6,33.43,32.6,9589.0,300356,-0.02278,-0.05889,-0.05726,-0.14052,-0.28496,-0.03025,33.306,34.27571,37.73903,39.8492,39.36826
2017-01-13,32.4,29.34,32.46,29.34,36603.0,300356,-0.1,-0.1286,-0.15202,-0.2399,-0.3473,-0.12016,32.44,34.02524,37.58968,39.72227,39.35198
