date,open,close,high,low,volume,code,ret_0_1_d,ret_0_5_d,ret_0_21_d,ret_0_62_d,ret_0_123_d,ret_0_246_d,ma5,ma21,ma62,ma123,ma246
1994-03-11,6.273,7.864,8.44,6.159,96435.42,600843,,,,,,,,,,,
1994-03-14,8.315,7.727,8.474,7.642,26719.5,600843,-0.01742,,,,,,,,,,
1994-03-15,7.699,8.212,8.497,7.327999999999999,37334.0,600843,0.06277,,,,,,7.93433,,,,
1994-03-16,8.611,9.535,9.866,8.611,78044.92,600843,0.16111,,,,,,8.3345,,,,
1994-03-17,9.125,8.805,9.125,8.657,16160.57,600843,-0.07656,,,,,,8.4286,,,,
1994-03-18,8.554,8.412,8.925,8.097999999999999,11791.64,600843,-0.04463,0.06968,,,,,8.5382,,,,
1994-03-21,7.984,8.058,8.554,7.984,5529.7,600843,-0.04208,0.04284,,,,,8.6044,,,,
1994-03-22,8.041,8.235,8.269,7.99,4038.8,600843,0.02197,0.0028,,,,,8.609,,,,
1994-03-23,8.263,7.813,8.263,7.727,4022.2,600843,-0.05124,-0.1806,,,,,8.2646,,,,
1994-03-24,7.95,7.568,8.269,7.345,7023.0,600843,-0.03136,-0.14049,,,,,8.0172,,,,
1994-03-25,7.579,7.242999999999999,7.784,7.015,5394.0,600843,-0.04294,-0.13897,,,,,7.7834,8.13382,,,
1994-03-28,7.072,7.015,7.1739999999999995,6.843,5358.9,600843,-0.03148,-0.12944,,,,,7.5748,8.04058,,,
1994-03-29,7.3,7.3,7.505,7.015,5764.5,600843,0.04063,-0.11354,,,,,7.3878,7.98362,,,
1994-03-31,7.015,6.9,7.072,6.843,4545.5,600843,-0.05479,-0.11686,,,,,7.2052,7.90621,,,
1994-04-01,6.957000000000001,7.015,7.129,6.9,3255.5,600843,0.01667,-0.07307,,,,,7.0946,7.8468,,,
1994-04-04,7.072,6.769,7.129,6.757999999999999,3179.13,600843,-0.03507,-0.06544,,,,,6.9998,7.77944,,,
1994-04-05,6.769,6.53,6.843,6.507000000000001,1987.0,600843,-0.03531,-0.06914,,,,,6.9028,7.70594,,,
1994-04-06,6.518,6.416,6.638,6.319,2023.0,600843,-0.01746,-0.1211,,,,,6.726,7.63428,,,
1994-04-07,6.416,6.273,6.53,6.273,2297.0,600843,-0.02229,-0.09087,,,,,6.6006,7.56263,,,
1994-04-08,6.245,6.273,6.381,6.239,1934.26,600843,0.0,-0.10577,,,,,6.4522,7.49815,,,
1994-04-11,6.29,6.159,6.381,6.102,1543.0,600843,-0.01817,-0.09012,,,,,6.3302,7.43438,,,
1994-04-12,6.131,6.216,6.416,5.937,2462.5,600843,0.00925,-0.04809,-0.20956,,,,6.2674,7.3559,,,
1994-04-13,6.444,6.074,6.49,5.9879999999999995,5063.05,600843,-0.02284,-0.0533,-0.21393,,,,6.199,7.27719,,,
1994-04-14,6.096,5.845,6.1129999999999995,5.76,3116.0,600843,-0.0377,-0.06823,-0.28824,,,,6.1134,7.16448,,,
1994-04-15,5.787999999999999,5.646,5.817,5.132999999999999,5316.0,600843,-0.03405,-0.09995,-0.40787,,,,5.988,6.97929,,,
1994-04-18,5.646,6.045,6.102,4.916,11019.1,600843,0.07067,-0.01851,-0.31346,,,,5.9652,6.84786,,,
1994-04-19,6.022,5.937,6.216,5.646,16914.0,600843,-0.01787,-0.04488,-0.29422,,,,5.9094,6.73,,,
1994-04-20,5.702999999999999,5.132999999999999,5.702999999999999,5.132999999999999,7791.5,600843,-0.13542,-0.15492,-0.36299,,,,5.7212,6.59071,,,
1994-04-21,5.0760000000000005,5.646,5.702999999999999,5.047,7967.0,600843,0.09994,-0.03405,-0.31439,,,,5.6814,6.46743,,,
1994-04-22,5.646,5.309,5.874,5.303999999999999,15805.0,600843,-0.05969,-0.05969,-0.32049,,,,5.614,6.34819,,,
1994-04-25,5.332000000000001,5.132999999999999,5.417999999999999,5.0760000000000005,4142.0,600843,-0.03315,-0.15087,-0.32175,,,,5.4316,6.23224,6.87439,,
1994-04-26,5.332000000000001,5.361000000000001,5.361000000000001,4.99,3615.0,600843,0.04442,-0.09702,-0.25984,,,,5.3164,6.14262,6.82709,,
1994-04-27,5.462999999999999,5.6739999999999995,5.6739999999999995,5.388999999999999,7620.0,600843,0.05838,0.1054,-0.19116,,,,5.4246,6.07876,6.79215,,
1994-04-28,5.817,5.132999999999999,5.827999999999999,5.132999999999999,11321.0,600843,-0.09535,-0.09086,-0.29685,,,,5.322,5.97557,6.74335,,
1994-04-29,5.428999999999999,5.275,5.577000000000001,5.247000000000001,8536.5,600843,0.02766,-0.0064,-0.23551,,,,5.3152,5.89819,6.7014,,
1994-05-03,5.388999999999999,5.388999999999999,5.412000000000001,5.138,2268.5,600843,0.02161,0.04987,-0.23179,,,,5.3664,5.82076,6.66494,,
1994-05-04,5.446000000000001,5.502999999999999,5.532,5.349,3243.0,600843,0.02115,0.02649,-0.18703,,,,5.3948,5.76048,6.63354,,
1994-05-05,5.417999999999999,5.155,5.417999999999999,5.087,5770.99,600843,-0.06324,-0.09147,-0.21057,,,,5.291,5.695,6.59463,,
1994-05-06,5.247000000000001,5.047,5.247000000000001,4.961,2575.0,600843,-0.02095,-0.01675,-0.21337,,,,5.2738,5.62981,6.55495,,
1994-05-09,5.138,5.058,5.19,5.019,1442.0,600843,0.00218,-0.04114,-0.19369,,,,5.2304,5.57195,6.51753,,
1994-05-10,5.132999999999999,5.2410000000000005,5.2410000000000005,5.064,1970.0,600843,0.03618,-0.02746,-0.16451,,,,5.2008,5.52281,6.48639,,
1994-05-11,5.275,5.132999999999999,5.343999999999999,5.132999999999999,2996.0,600843,-0.02061,-0.06724,-0.16659,,,,5.1268,5.47395,6.45417,,
1994-05-12,5.019,5.041,5.1610000000000005,4.99,1622.0,600843,-0.01792,-0.02211,-0.18903,,,,5.104,5.418,6.4213,,
1994-05-13,4.99,5.275,5.303999999999999,4.99,2355.0,600843,0.04642,0.04518,-0.13154,,,,5.1496,5.37995,6.39525,,
1994-05-16,5.48,5.372000000000001,5.817,5.292000000000001,21783.4,600843,0.01839,0.06208,-0.08092,,,,5.2124,5.35743,6.37251,,
1994-05-17,5.361000000000001,5.303999999999999,5.497999999999999,5.281000000000001,3202.0,600843,-0.01266,0.01202,-0.06057,,,,5.225,5.34114,6.34928,,
1994-05-18,5.303999999999999,5.19,5.303999999999999,5.178,1472.0,600843,-0.02149,0.0111,-0.14144,,,,5.2364,5.30043,6.32462,,
1994-05-19,5.144,5.372000000000001,5.412000000000001,5.138,2342.2,600843,0.03507,0.06566,-0.09517,,,,5.3026,5.27352,6.30477,,
1994-05-20,5.332000000000001,5.132999999999999,5.349,5.132999999999999,1505.0,600843,-0.04449,-0.02692,0.0,,,,5.2742,5.27352,6.28086,,
1994-05-23,5.303999999999999,5.218,5.321000000000001,5.167000000000001,1778.49,600843,0.01656,-0.02867,-0.07581,,,,5.2434,5.25314,6.2596,,
1994-05-24,5.388999999999999,5.303999999999999,5.406000000000001,5.19,487.34,600843,0.01648,0.0,-0.00094,,,,5.2434,5.2529,6.24086,,
1994-05-25,5.303999999999999,5.2010000000000005,5.303999999999999,5.19,389.0,600843,-0.01942,0.00212,0.01325,,,,5.2456,5.25614,6.22087,,
1994-05-26,5.19,5.132999999999999,5.218,5.104,1392.0,600843,-0.01307,-0.04449,-0.04253,,,,5.1978,5.24529,6.20034,,
1994-05-27,5.064,5.093,5.132999999999999,5.047,949.0,600843,-0.00779,-0.00779,-0.1024,,,,5.1898,5.21762,6.17983,,
1994-05-30,5.047,4.7330000000000005,5.047,4.7330000000000005,2181.0,600843,-0.07069,-0.09295,-0.07793,,,,5.0928,5.19857,6.15353,,
1994-05-31,4.6819999999999995,4.893,4.904,4.6819999999999995,1190.2,600843,0.03381,-0.07749,-0.07242,,,,5.0106,5.18038,6.13102,,
1994-06-01,4.893,4.7219999999999995,4.893,4.6819999999999995,827.5,600843,-0.03495,-0.0921,-0.12377,,,,4.9148,5.14862,6.1063,,
1994-06-02,4.728,4.773,4.779,4.7219999999999995,1149.8,600843,0.0108,-0.07013,-0.13265,,,,4.8428,5.11386,6.08331,,
1994-06-03,4.7330000000000005,4.745,4.853,4.7330000000000005,598.0,600843,-0.00587,-0.06833,-0.07953,,,,4.7732,5.09433,6.06063,,
1994-06-06,4.745,4.676,4.745,4.665,845.5,600843,-0.01454,-0.01204,-0.07351,,,,4.7618,5.07667,6.03755,,
1994-06-07,4.625,4.5680000000000005,4.75,4.5680000000000005,674.0,600843,-0.0231,-0.06642,-0.09688,,,,4.6968,5.05333,6.01346,,
1994-06-08,4.505,4.619,4.648,4.482,1190.16,600843,0.01116,-0.02181,-0.11868,,,,4.6762,5.02371,5.99097,5.99097,
1994-06-09,4.6080000000000005,4.42,4.676,4.397,702.0,600843,-0.04308,-0.07396,-0.13891,-0.43795,,,4.6056,4.98976,5.93542,5.96603,
1994-06-10,4.42,4.334,4.448,4.334,920.0,600843,-0.01946,-0.08662,-0.14025,-0.43911,,,4.5234,4.9561,5.88069,5.94053,
1994-06-13,4.22,4.0489999999999995,4.266,4.0489999999999995,1285.0,600843,-0.06576,-0.13409,-0.23242,-0.50694,,,4.398,4.89771,5.81355,5.91143,
1994-06-14,4.021,4.078,4.186,4.021,1256.0,600843,0.00716,-0.10727,-0.24088,-0.57231,,,4.3,4.8361,5.72553,5.88365,
1994-06-15,4.135,4.106,4.157,4.078,583.0,600843,0.00687,-0.11106,-0.22587,-0.53367,,,4.1974,4.77905,5.64974,5.85712,
1994-06-16,4.163,4.266,4.266,4.072,1509.0,600843,0.03897,-0.03484,-0.17803,-0.49287,,,4.1666,4.73505,5.58287,5.83372,
1994-06-17,4.289,4.482,4.551,4.192,3954.3,600843,0.05063,0.03415,-0.16567,-0.44378,,,4.1962,4.69267,5.52519,5.81413,
1994-06-20,4.448,4.169,4.539,4.163,3917.0,600843,-0.06983,0.02964,-0.1878,-0.49375,,,4.2202,4.64676,5.45961,5.79063,
1994-06-21,4.106,4.163,4.243,4.078,1226.13,600843,-0.00144,0.02084,-0.20218,-0.46717,,,4.2372,4.59652,5.40074,5.7677,
1994-06-22,4.163,4.243,4.317,4.163,685.75,600843,0.01922,0.03337,-0.20004,-0.43935,,,4.2646,4.546,5.34711,5.74653,
1994-06-23,4.226,4.169,4.249,4.135,898.0,600843,-0.01744,-0.02274,-0.19842,-0.42441,,,4.2452,4.49686,5.29753,5.72492,
1994-06-24,4.169,4.078,4.169,4.078,605.0,600843,-0.02183,-0.09014,-0.20553,-0.41867,,,4.1644,4.44662,5.25016,5.70266,
1994-06-27,4.0489999999999995,3.889,4.437,3.752,1688.9,600843,-0.04635,-0.06716,-0.2364,-0.46726,,,4.1084,4.38929,5.19515,5.67848,
1994-06-28,3.832,3.867,3.906,3.832,416.0,600843,-0.00566,-0.0711,-0.18297,-0.43957,,,4.0492,4.34805,5.14623,5.65464,
1994-06-29,3.878,3.821,3.906,3.821,620.0,600843,-0.0119,-0.09946,-0.21909,-0.45531,,,3.9648,4.297,5.09471,5.63083,
1994-06-30,3.832,3.867,3.929,3.781,601.25,600843,0.01204,-0.07244,-0.18107,-0.42872,,,3.9044,4.25629,5.0479,5.60822,
1994-07-01,3.884,3.764,3.884,3.764,689.0,600843,-0.02664,-0.077,-0.2114,-0.42358,,,3.8416,4.20824,5.00329,5.58487,
1994-07-04,3.707,3.764,3.844,3.707,1714.0,600843,0.0,-0.03214,-0.20674,-0.41334,,,3.8166,4.16152,4.96052,5.56211,
1994-07-05,3.8489999999999998,3.8489999999999998,3.8489999999999998,3.775,538.4,600843,0.02258,-0.00465,-0.17686,-0.38642,,,3.813,4.12214,4.92142,5.54096,
1994-07-06,3.844,3.7239999999999998,3.895,3.718,546.0,600843,-0.03248,-0.02539,-0.18476,-0.40634,,,3.7936,4.08195,4.88031,5.5188,
1994-07-07,3.798,3.678,3.798,3.638,700.0,600843,-0.01235,-0.04888,-0.20372,-0.40283,,,3.7558,4.03714,4.84029,5.49663,
1994-07-08,3.804,3.792,3.8489999999999998,3.707,917.0,600843,0.031,0.00744,-0.14208,-0.38996,,,3.7614,4.00724,4.80119,5.47633,
1994-07-11,3.792,3.678,3.792,3.638,813.0,600843,-0.03006,-0.02285,-0.15136,-0.39447,,,3.7442,3.976,4.76255,5.45518,
1994-07-12,3.701,3.678,3.707,3.656,170.0,600843,0.0,-0.04443,-0.09163,-0.37074,,,3.71,3.95833,4.7276,5.43451,
1994-07-13,3.678,3.764,3.764,3.678,516.0,600843,0.02338,0.01074,-0.077,-0.33333,,,3.718,3.94338,4.69724,5.41531,
1994-07-14,3.77,3.713,3.775,3.707,1107.0,600843,-0.01355,0.00952,-0.09571,-0.38577,,,3.725,3.92467,4.65963,5.39597,
1994-07-15,3.678,3.484,3.678,3.4789999999999996,1095.8,600843,-0.06168,-0.08122,-0.18331,-0.41317,,,3.6634,3.88743,4.62006,5.37448,
1994-07-18,3.45,3.33,3.45,3.313,581.0,600843,-0.0442,-0.09462,-0.25703,-0.35126,,,3.5938,3.83257,4.59098,5.35177,
1994-07-19,3.3360000000000003,3.3360000000000003,3.359,3.239,476.0,600843,0.0018,-0.09299,-0.19981,-0.40914,,,3.5254,3.7929,4.55373,5.32962,
1994-07-20,3.3930000000000002,3.2960000000000003,3.3930000000000002,3.239,569.0,600843,-0.01199,-0.12434,-0.20826,-0.37917,,,3.4318,3.75162,4.52126,5.30751,
1994-07-21,3.2110000000000003,3.125,3.216,3.125,999.0,600843,-0.05188,-0.15836,-0.26349,-0.39119,,,3.3142,3.69838,4.48887,5.28404,
1994-07-22,3.108,2.926,3.108,2.9139999999999997,1478.0,600843,-0.06368,-0.16016,-0.29815,-0.45421,,,3.2026,3.63919,4.4496,5.25896,
1994-07-25,2.8,3.023,3.057,2.8,1522.6,600843,0.03315,-0.09219,-0.25871,-0.46722,,,3.1412,3.58895,4.40684,5.23542,
1994-07-26,3.068,3.125,3.1310000000000002,2.977,2403.6,600843,0.03374,-0.06325,-0.19645,-0.39119,,,3.099,3.55257,4.37445,5.21344,
1994-07-27,3.125,2.88,3.182,2.367,4517.4,600843,-0.0784,-0.12621,-0.25524,-0.45403,,,3.0158,3.50557,4.33582,5.18938,
1994-07-28,2.8510000000000004,2.481,2.8739999999999997,2.475,2225.5,600843,-0.13854,-0.20608,-0.35069,-0.53962,,,2.887,3.44176,4.28892,5.16174,
1994-07-29,2.498,2.469,2.5380000000000003,2.401,2355.0,600843,-0.00484,-0.15619,-0.36152,-0.55134,,,2.7956,3.37519,4.23998,5.13455,
1994-08-01,2.8689999999999998,3.5069999999999997,3.6210000000000004,2.7939999999999996,14407.13,600843,0.42041,0.16011,-0.06828,-0.31969,,,2.8924,3.36295,4.2134,5.11827,
1994-08-02,3.4730000000000003,3.576,4.277,3.3930000000000002,25335.83,600843,0.01967,0.14432,-0.04995,-0.29146,,,2.9826,3.354,4.18968,5.103,
1994-08-03,3.45,4.334,4.505,3.45,20993.44,600843,0.21197,0.50486,0.12601,-0.14314,,,3.2734,3.3771,4.178,5.09546,
1994-08-04,4.676,4.562,5.0760000000000005,4.363,26642.42,600843,0.05261,0.83877,0.22503,-0.12956,,,3.6896,3.417,4.16705,5.09028,
1994-08-05,4.8469999999999995,5.309,5.446000000000001,4.7330000000000005,21022.06,600843,0.16374,1.15026,0.44345,0.03429,,,4.2576,3.49467,4.16989,5.09238,
1994-08-08,5.9879999999999995,5.702999999999999,6.165,5.361000000000001,21949.54,600843,0.07421,0.62618,0.50396,0.13132,,,4.6968,3.58567,4.18056,5.0982,
1994-08-09,5.702999999999999,4.904,5.702999999999999,4.745,10260.1,600843,-0.1401,0.37136,0.33333,-0.07033,,,4.9624,3.64405,4.17458,5.09637,
1994-08-10,4.91,5.931,5.959,4.454,18293.7,600843,0.20942,0.36848,0.61256,0.10406,,,5.2818,3.75133,4.1836,5.10417,
1994-08-11,6.045,5.337999999999999,6.159,5.132999999999999,20753.65,600843,-0.09998,0.1701,0.41817,0.00641,,,5.437,3.82629,4.18415,5.10633,
1994-08-12,5.138,5.332000000000001,5.76,5.138,8880.0,600843,-0.00112,0.00433,0.43604,0.02736,,,5.4416,3.90338,4.18644,5.1084,
1994-08-15,5.144,5.0760000000000005,5.303999999999999,4.95,3915.0,600843,-0.04801,-0.10994,0.45695,-0.0551,,,5.3162,3.97919,4.18166,5.10811,
1994-08-16,5.0760000000000005,5.303999999999999,5.468999999999999,5.019,4131.0,600843,0.04492,0.08157,0.59279,0.03331,,,5.3962,4.07319,4.18442,5.10987,
1994-08-17,5.361000000000001,5.468999999999999,5.468999999999999,5.303999999999999,4992.0,600843,0.03111,-0.0779,0.63939,0.0481,,,5.3038,4.17476,4.18847,5.11308,
1994-08-18,5.646,5.709,6.096,5.595,21502.11,600843,0.04388,0.0695,0.7321,0.07636,,,5.378,4.28967,4.195,5.11835,
1994-08-19,5.817,5.475,5.931,5.303999999999999,9591.5,600843,-0.04099,0.02682,0.752,0.05268,,,5.4066,4.40157,4.19942,5.12148,
1994-08-22,5.303999999999999,5.235,5.361000000000001,5.144,4383.0,600843,-0.04384,0.03132,0.78913,0.01987,,,5.4384,4.51152,4.20106,5.12247,
1994-08-23,5.247000000000001,5.697,5.697,5.064,1689.7,600843,0.08825,0.0741,0.88455,0.11859,,,5.517,4.63886,4.21081,5.12742,
1994-08-24,5.5889999999999995,5.5089999999999995,5.811,5.492000000000001,9460.2,600843,-0.033,0.00731,0.76288,0.16396,,,5.525,4.75238,4.22332,5.13068,
1994-08-25,5.532,5.629,5.747999999999999,5.532,7280.5,600843,0.02178,-0.01401,0.95451,0.15042,,,5.509,4.88329,4.23519,5.13491,
1994-08-26,5.702999999999999,5.422999999999999,5.931,5.417999999999999,13175.9,600843,-0.0366,-0.0095,1.18581,0.14845,,,5.4986,5.02338,4.2465,5.13733,
1994-08-29,5.646,5.532,5.646,5.475,4349.0,600843,0.0201,0.05673,1.24058,0.15902,,,5.558,5.16924,4.25874,5.14062,
1994-08-30,5.691,5.817,5.931,5.5889999999999995,11136.6,600843,0.05152,0.02106,0.65868,0.22592,,,5.582,5.27924,4.27603,5.14621,
1994-08-31,5.959,6.416,6.535,5.845,31255.2,600843,0.10297,0.16464,0.79418,0.37211,,,5.7634,5.41448,4.3041,5.15661,
1994-09-01,6.5920000000000005,6.3020000000000005,6.644,6.216,14727.94,600843,-0.01777,0.11956,0.45408,0.3796,,,5.898,5.50819,4.33206,5.16593,5.16593
1994-09-02,6.33,6.843,6.843,6.3020000000000005,11754.2,600843,0.08585,0.26185,0.5,0.48149,-0.12983,,6.182,5.61681,4.36794,5.15763,5.17945
1994-09-05,7.186,8.041,8.109,7.129,29504.41,600843,0.17507,0.45354,0.5146,0.81923,0.04064,,6.6838,5.7469,4.42634,5.16018,5.20234
1994-09-06,8.44,9.923,10.265,7.756,25984.68,600843,0.23405,0.70586,0.73996,1.28957,0.20835,,7.505,5.94786,4.51648,5.17409,5.23981
1994-09-07,9.581,8.725,9.82,8.554,23426.87,600843,-0.12073,0.35988,0.77916,1.15485,-0.08495,,7.9668,6.12981,4.5919,5.1675,5.26725
1994-09-08,9.056000000000001,9.98,10.368,8.896,28427.35,600843,0.14384,0.58362,0.68268,1.44728,0.13345,,8.7024,6.32262,4.6871,5.17706,5.30407
1994-09-09,10.265,9.722999999999999,10.265,9.575,23166.24,600843,-0.02575,0.42087,0.82147,1.368,0.15585,,9.2784,6.53143,4.77769,5.18772,5.33833
1994-09-12,9.809,9.9,9.98,9.296,17449.1,600843,0.0182,0.23119,0.85671,1.32068,0.22859,,9.6502,6.74895,4.86856,5.20269,5.37342
1994-09-13,9.923,9.98,10.008,9.524,15285.1,600843,0.00808,0.00574,0.96612,1.22668,0.2119,,9.6616,6.98248,4.95724,5.21688,5.40858
1994-09-14,9.98,9.296,9.98,9.027999999999999,7848.0,600843,-0.06854,0.06544,0.75264,1.22979,0.18981,,9.7758,7.17257,5.03994,5.22893,5.43803
1994-09-15,9.125,9.022,9.353,8.446,9800.5,600843,-0.02948,-0.09599,0.64966,1.16719,0.19212,,9.5842,7.34176,5.11831,5.24076,5.46498
1994-09-16,9.238999999999999,9.41,9.638,8.725,5887.6,600843,0.04301,-0.03219,0.64827,1.21777,0.29919,,9.5216,7.518,5.20165,5.25837,5.49442
1994-09-19,8.269,8.668,9.296,8.269,4413.9,600843,-0.07885,-0.12444,0.5832,1.07916,0.23564,,9.2752,7.67005,5.27421,5.27181,5.51793
1994-09-20,8.554,8.777000000000001,9.01,8.326,15534.0,600843,0.01257,-0.12054,0.6766,1.15228,0.20233,,9.0346,7.83871,5.35,5.28382,5.54189
1994-09-21,8.999,9.336,9.336,8.896,7581.3,600843,0.06369,0.0043,0.63876,1.40062,0.35304,,9.0426,8.012,5.43785,5.30363,5.56958
1994-09-22,9.238999999999999,8.839,9.404,8.839,11513.0,600843,-0.05323,-0.02028,0.60447,1.28575,0.26001,,9.006,8.17057,5.51805,5.31846,5.59328
1994-09-23,8.839,8.212,8.839,8.212,5954.0,600843,-0.07094,-0.12731,0.45887,1.14918,0.21318,,8.7664,8.29357,5.58887,5.33019,5.61212
1994-09-26,8.092,8.44,8.497,7.973,5556.2,600843,0.02776,-0.0263,0.55633,1.18257,0.2925,,8.7208,8.43724,5.66263,5.34572,5.63231
1994-09-27,8.326,8.326,8.486,8.161,3699.0,600843,-0.01351,-0.05138,0.50506,1.21201,0.29769,,8.6306,8.57029,5.73621,5.36124,5.65142
1994-09-28,8.554,8.839,8.839,8.395,6310.6,600843,0.06161,-0.05323,0.51951,1.3483,0.40905,,8.5312,8.71419,5.81806,5.38211,5.67387
1994-09-29,8.828,8.07,9.01,7.841,9001.0,600843,-0.087,-0.087,0.25779,1.09665,0.28647,,8.3774,8.79295,5.88615,5.39672,5.69062
1994-09-30,7.476,7.207999999999999,7.984,7.186,7196.4,600843,-0.10682,-0.12226,0.14376,0.93555,0.17032,,8.1766,8.8361,5.94234,5.40524,5.70116
1994-10-05,7.2139999999999995,6.444,7.34,6.074,11178.4,600843,-0.10599,-0.23649,-0.05831,0.75204,0.03668,,7.7774,8.8171,5.98695,5.4071,5.70628
1994-10-06,6.729,5.8629999999999995,6.7860000000000005,5.834,13142.66,600843,-0.09016,-0.29582,-0.27086,0.54615,-0.03474,,7.2848,8.71338,6.02035,5.40538,5.70736
1994-10-07,5.702999999999999,7.129,7.528,4.574,18946.26,600843,0.21593,-0.19346,-0.28157,0.93828,0.21967,,6.9428,8.58033,6.07602,5.41582,5.71703
1994-10-10,6.091,6.53,7.015,5.994,27574.96,600843,-0.08402,-0.19083,-0.25158,0.77542,0.15657,,6.6348,8.47581,6.12202,5.42301,5.72252
1994-10-11,6.917999999999999,6.928999999999999,7.1,6.797999999999999,15916.2,600843,0.0611,-0.03871,-0.30571,0.84086,0.14624,,6.579,8.33052,6.17306,5.4302,5.73062
1994-10-12,6.928999999999999,6.877999999999999,7.06,6.815,7524.14,600843,-0.00736,0.06735,-0.29261,0.85241,0.1585,,6.6658,8.19505,6.22411,5.43785,5.73827
1994-10-13,6.843,6.039,6.872000000000001,6.011,7797.95,600843,-0.12198,0.03002,-0.39,0.73335,0.1765,,6.701,8.01119,6.26532,5.44521,5.74026
1994-10-14,5.5889999999999995,6.416,6.558,5.452000000000001,11780.19,600843,0.06243,-0.10001,-0.35711,0.92673,0.13638,,6.5584,7.84148,6.3151,5.45147,5.7447
1994-10-17,5.874,5.817,6.096,5.76,4004.61,600843,-0.09336,-0.10919,-0.37425,0.74371,0.09569,,6.4158,7.67581,6.35511,5.4556,5.74518
1994-10-18,5.8229999999999995,5.845,5.931,5.7139999999999995,2144.83,600843,0.00481,-0.15644,-0.35214,0.77336,0.13871,,6.199,7.52452,6.39623,5.46139,5.74582
1994-10-19,5.9879999999999995,6.216,6.245,5.874,4848.2,600843,0.06347,-0.09625,-0.33943,0.98912,0.15949,,6.0666,7.37243,6.44608,5.46834,5.74886
1994-10-20,6.273,6.986000000000001,6.986000000000001,6.273,13207.87,600843,0.12387,0.15681,-0.19405,1.38756,0.23123,,6.256,7.29233,6.51156,5.47901,5.75679
1994-10-21,6.986000000000001,6.957000000000001,7.287999999999999,6.843,22873.5,600843,-0.00415,0.08432,-0.20736,1.30136,0.35535,,6.3642,7.20567,6.57502,5.49384,5.76443
1994-10-24,7.129,7.699,7.744,7.129,20278.13,600843,0.10666,0.32353,-0.17534,1.46368,0.45953,,6.7406,7.12771,6.64879,5.51354,5.77668
1994-10-25,7.699,7.186,7.705,7.1339999999999995,16281.95,600843,-0.06663,0.22943,-0.18701,1.49514,0.33346,,7.0088,7.049,6.71824,5.52815,5.78554
1994-10-26,6.9,6.672000000000001,7.072,6.501,9201.33,600843,-0.07153,0.07336,-0.18753,1.68924,0.21243,,7.1,6.97567,6.78584,5.53766,5.79108
1994-10-27,6.564,6.7860000000000005,6.803999999999999,6.444,4558.33,600843,0.01709,-0.02863,-0.19597,1.74848,0.31639,,7.06,6.8969,6.85547,5.55092,5.79726
1994-10-28,6.65,6.501,6.757999999999999,6.49,4551.83,600843,-0.042,-0.06555,-0.21919,0.85372,0.28809,,6.9688,6.81,6.90376,5.56274,5.8016
1994-10-31,6.159,6.108,6.267,5.9879999999999995,3747.5,600843,-0.06045,-0.20665,-0.30897,0.70805,0.20759,,6.6506,6.67995,6.9446,5.57128,5.80348
1994-11-01,6.273,6.364,6.416,6.165,3111.8,600843,0.04191,-0.11439,-0.2114,0.46839,0.21427,,6.4862,6.59871,6.97734,5.58041,5.8069
1994-11-02,6.433,6.33,6.433,6.21,1821.0,600843,-0.00534,-0.05126,-0.12181,0.38755,0.2332,,6.4178,6.5569,7.00585,5.59014,5.81007
1994-11-03,6.319,6.928999999999999,6.962999999999999,6.319,9709.0,600843,0.09463,0.02107,0.07526,0.30514,0.37453,,6.4464,6.58,7.03198,5.60549,5.81681
1994-11-04,6.986000000000001,6.33,6.986000000000001,6.273,8081.55,600843,-0.08645,-0.0263,0.07965,0.10994,0.2,,6.4122,6.60224,7.0421,5.61407,5.81989
1994-11-07,6.096,6.421,6.49,6.074,3665.0,600843,0.01438,0.05124,-0.09931,0.30934,0.19527,,6.4748,6.56852,7.06656,5.62259,5.82346
1994-11-08,6.615,6.957000000000001,7.471,6.615,16831.0,600843,0.08348,0.09318,0.06539,0.17299,0.31165,,6.5934,6.58886,7.08311,5.63603,5.83017
1994-11-09,6.729,7.093999999999999,7.157,6.615,10408.88,600843,0.01969,0.1207,0.02381,0.32896,0.36686,,6.7462,6.59671,7.11144,5.65151,5.83761
1994-11-10,7.242999999999999,7.015,7.402,6.843,8710.4,600843,-0.01114,0.01241,0.01992,0.31564,0.30585,,6.7634,6.60324,7.13858,5.66487,5.84449
1994-11-11,7.129,7.271,7.3,6.957000000000001,5098.83,600843,0.03649,0.14866,0.20401,0.43243,0.41652,,6.9516,6.6619,7.17398,5.68225,5.85278
1994-11-14,7.271,7.3,7.402,7.072,5909.55,600843,0.00399,0.13689,0.13778,0.37632,0.399,,7.1274,6.704,7.20618,5.69918,5.86115
1994-11-15,7.072,6.962999999999999,7.186,6.843,6713.0,600843,-0.04616,0.00086,0.19701,0.27318,0.31278,,7.1286,6.75857,7.23027,5.71267,5.86748
1994-11-16,6.962999999999999,6.957000000000001,7.06,6.832000000000001,2000.9,600843,-0.00086,-0.01931,0.19025,0.2186,0.33763,,7.1012,6.81152,7.2504,5.72694,5.87371
1994-11-17,7.015,6.872000000000001,7.015,6.7860000000000005,886.5,600843,-0.01222,-0.02038,0.10553,0.25516,0.33879,,7.0726,6.84276,7.27294,5.74108,5.87938
1994-11-18,6.724,6.872000000000001,6.872000000000001,6.712000000000001,1166.7,600843,0.0,-0.05488,-0.01632,0.3127,0.3493,,6.9928,6.83733,7.29934,5.75554,5.88499
1994-11-21,6.757999999999999,6.861000000000001,6.888999999999999,6.752000000000001,748.0,600843,-0.0016,-0.06014,-0.0138,0.20432,0.44961,,6.905,6.83276,7.31811,5.77285,5.89047
1994-11-22,6.861000000000001,6.763999999999999,7.0089999999999995,6.729,733.2,600843,-0.01414,-0.02858,-0.12144,0.22781,0.38238,,6.8652,6.78824,7.33835,5.78806,5.89535
1994-11-23,6.843,6.684,6.843,6.615,1275.0,600843,-0.01183,-0.03924,-0.06986,0.18742,0.4155,,6.8106,6.76433,7.35537,5.80401,5.89973
1994-11-24,6.604,6.644,6.757999999999999,6.587000000000001,660.0,600843,-0.00598,-0.03318,-0.0042,0.22515,0.392,,6.765,6.763,7.37506,5.81922,5.90385
1994-11-25,6.821000000000001,6.752000000000001,6.922999999999999,6.718,1557.4,600843,0.01626,-0.01746,-0.00501,0.22054,0.42297,,6.741,6.76138,7.39474,5.83554,5.90851
1994-11-28,6.615,6.672000000000001,6.729,6.615,422.5,600843,-0.01185,-0.02755,0.0263,0.14698,0.42686,,6.7032,6.76952,7.40853,5.85176,5.91268
1994-11-29,6.558,6.712000000000001,6.712000000000001,6.45,364.0,600843,0.006,-0.00769,0.09889,0.04613,0.46935,,6.6928,6.79829,7.41331,5.8692,5.91702
1994-11-30,6.724,6.644,6.7860000000000005,6.518,585.0,600843,-0.01013,-0.00598,0.044,0.05427,0.43841,,6.6848,6.81162,7.41882,5.88566,5.92095
1994-12-01,6.672000000000001,6.689,6.707000000000001,6.615,161.0,600843,0.00677,0.00677,0.05671,-0.0225,0.51335,,6.6938,6.82871,7.41634,5.90411,5.92508
1994-12-02,6.6610000000000005,6.6610000000000005,6.729,6.6610000000000005,214.0,600843,-0.00419,-0.01348,-0.03868,-0.17162,0.53692,,6.6756,6.81595,7.39408,5.92302,5.92902
1994-12-05,6.6610000000000005,6.53,6.672000000000001,6.507000000000001,344.8,600843,-0.01967,-0.02128,0.0316,-0.34193,0.61274,,6.6472,6.82548,7.33935,5.9432,5.93221
1994-12-06,6.3870000000000005,6.404,6.501,6.33,661.0,600843,-0.0193,-0.04589,-0.00265,-0.26602,0.57038,,6.5856,6.82467,7.30192,5.96211,5.93471
1994-12-07,6.29,6.3870000000000005,6.53,6.29,269.0,600843,-0.00265,-0.03868,-0.08193,-0.36002,0.55553,,6.5342,6.79752,7.24397,5.98065,5.93709
1994-12-08,6.399,6.273,6.444,6.245,753.0,600843,-0.01785,-0.06219,-0.11573,-0.35483,0.47046,,6.451,6.75843,7.18832,5.99697,5.93885
1994-12-09,6.17,6.216,6.3870000000000005,6.108,817.5,600843,-0.00909,-0.06681,-0.1139,-0.37212,0.38688,,6.362,6.72038,7.1289,6.01107,5.94029
1994-12-12,6.108,5.994,6.159,5.9479999999999995,718.98,600843,-0.03571,-0.08208,-0.17563,-0.3994,0.43775,,6.2548,6.65957,7.06461,6.0259,5.94057
1994-12-13,6.159,6.273,6.3870000000000005,5.9879999999999995,1053.48,600843,0.04655,-0.02046,-0.14068,-0.32519,0.50685,,6.2286,6.61067,7.01585,6.04306,5.94228
1994-12-14,6.074,6.136,6.176,6.045,498.0,600843,-0.02184,-0.0393,-0.11877,-0.31988,0.44615,,6.1784,6.57129,6.96931,6.05845,5.94328
1994-12-15,6.216,6.501,6.843,6.159,2784.0,600843,0.05949,0.03635,-0.06555,-0.30914,0.55937,,6.224,6.54957,6.92239,6.07741,5.94612
1994-12-16,6.615,6.7860000000000005,6.9,6.501,6945.0,600843,0.04384,0.0917,-0.01251,-0.21712,0.66405,,6.338,6.54548,6.89203,6.09942,5.95039
1994-12-19,6.7860000000000005,6.558,6.837999999999999,6.558,2152.0,600843,-0.0336,0.09409,-0.04569,-0.25282,0.68629,,6.4508,6.53052,6.85624,6.12112,5.95345
1994-12-20,6.541,6.672000000000001,6.832000000000001,6.541,2313.5,600843,0.01738,0.06361,-0.02755,-0.28535,0.72537,,6.5306,6.52152,6.81327,6.14393,5.95707
1994-12-21,6.558,6.724,7.002999999999999,6.558,6003.0,600843,0.00779,0.09583,-0.00591,-0.23928,0.75975,,6.6482,6.51962,6.77916,6.16753,5.9609
1994-12-22,6.7010000000000005,6.718,6.832000000000001,6.57,2004.0,600843,-0.00089,0.03338,0.00509,-0.18193,0.73726,,6.6916,6.52124,6.75506,6.19071,5.96467
1994-12-23,6.7860000000000005,6.729,6.957000000000001,6.25,6289.47,600843,0.00164,-0.0084,0.01279,-0.20273,0.78773,,6.6802,6.52529,6.72747,6.21481,5.96845
1994-12-26,6.729,6.672000000000001,6.8260000000000005,6.644,1170.0,600843,-0.00847,0.01738,-0.01185,-0.19865,0.77258,,6.703,6.52148,6.70079,6.23846,5.97192
1994-12-27,6.672000000000001,6.501,6.7010000000000005,6.444,1314.6,600843,-0.02563,-0.02563,-0.02563,-0.26451,0.68901,,6.6688,6.51333,6.66308,6.26002,5.97451
1994-12-28,6.501,6.33,6.513,6.285,1284.0,600843,-0.0263,-0.0586,-0.05691,-0.21561,0.69979,,6.59,6.49514,6.63502,6.2812,5.97624
1994-12-29,6.273,6.2620000000000005,6.473,6.188,1350.5,600843,-0.01074,-0.06788,-0.0575,-0.13124,0.70256,,6.4988,6.47695,6.61976,6.30221,5.97763
1994-12-30,6.319,6.25,6.319,6.188,1308.0,600843,-0.00192,-0.07118,-0.06563,-0.03011,0.64821,,6.403,6.45605,6.61663,6.3222,5.97895
1995-01-03,6.131,6.159,6.273,6.102,331.5,600843,-0.01456,-0.07689,-0.07536,0.05049,0.67455,,6.3004,6.43214,6.6214,6.34237,5.97981
1995-01-04,6.273,6.347,6.3870000000000005,6.216,328.0,600843,0.03052,-0.02369,-0.02802,-0.10969,0.72567,,6.2696,6.42343,6.60879,6.36407,5.98157
1995-01-05,6.393,6.216,6.433,6.159,505.0,600843,-0.02064,-0.01801,-0.02936,-0.04809,0.65143,,6.2468,6.41448,6.60373,6.384,5.98269
1995-01-06,6.108,6.182,6.239,6.102,569.0,600843,-0.00547,-0.01278,-0.0321,-0.10781,0.66496,,6.2308,6.40471,6.59168,6.40407,5.98363
1995-01-09,6.102,6.056,6.176,5.9879999999999995,885.9,600843,-0.02038,-0.03104,-0.03459,-0.11951,0.73823,,6.192,6.39438,6.57842,6.42498,5.98397
1995-01-10,5.9879999999999995,5.931,6.045,5.874,682.0,600843,-0.02064,-0.03702,-0.04585,-0.01788,0.78108,,6.1464,6.38081,6.57668,6.44613,5.98372
1995-01-11,5.9879999999999995,5.931,5.9879999999999995,5.902,696.4,600843,0.0,-0.06554,-0.01051,-0.07559,0.77788,,6.0632,6.37781,6.56885,6.46723,5.98348
1995-01-12,5.9879999999999995,5.771,6.034,5.709,276.0,600843,-0.02698,-0.07159,-0.08003,-0.00791,0.75091,,5.9742,6.3539,6.56811,6.48735,5.98249
1995-01-13,5.702999999999999,5.737,5.925,5.6739999999999995,853.5,600843,-0.00589,-0.07198,-0.06503,-0.01848,0.83584,,5.8852,6.3349,6.56637,6.50859,5.98135
1995-01-16,5.702999999999999,5.702999999999999,5.76,5.6739999999999995,578.5,600843,-0.00593,-0.05829,-0.12275,-0.08253,0.94908,,5.8146,6.2969,6.5581,6.53116,5.98007
1995-01-17,5.92,5.6739999999999995,5.92,5.6339999999999995,616.5,600843,-0.00509,-0.04333,-0.16387,-0.1878,0.87694,,5.7632,6.24395,6.53694,6.55272,5.97867
1995-01-18,5.702999999999999,5.737,5.794,5.6739999999999995,555.0,600843,0.0111,-0.03271,-0.12519,-0.17536,0.83584,,5.7244,6.20486,6.51726,6.57395,5.97756
1995-01-19,5.702999999999999,5.48,5.731,5.48,606.0,600843,-0.0448,-0.05042,-0.17866,-0.28822,0.90278,,5.6662,6.1481,6.48147,6.59509,5.9753
1995-01-20,5.417999999999999,5.532,5.697,5.315,724.0,600843,0.00949,-0.03573,-0.17728,-0.23017,1.22975,,5.6252,6.09133,6.45479,6.61989,5.97329
1995-01-23,5.417999999999999,5.303999999999999,5.417999999999999,5.292000000000001,725.0,600843,-0.04121,-0.06996,-0.21048,-0.20504,1.14824,,5.5454,6.024,6.43273,6.64294,5.97028
1995-01-24,5.361000000000001,5.235,5.361000000000001,5.235,326.0,600843,-0.01301,-0.07737,-0.22202,-0.22856,0.49273,,5.4576,5.95286,6.40771,6.65699,5.96698
1995-01-25,5.247000000000001,5.343999999999999,5.497999999999999,5.247000000000001,380.0,600843,0.02082,-0.0685,-0.19904,-0.17797,0.49441,,5.379,5.88962,6.38905,6.67137,5.9642
1995-01-26,5.303999999999999,5.349,5.361000000000001,5.303999999999999,404.0,600843,0.00094,-0.02391,-0.1772,-0.12426,0.23419,,5.3528,5.83476,6.37681,6.67962,5.96147
1995-01-27,5.337999999999999,5.377999999999999,5.428999999999999,5.332000000000001,309.0,600843,0.00542,-0.02784,-0.15039,-0.15493,0.17887,,5.322,5.78943,6.3609,6.68625,5.95888
1995-02-06,5.303999999999999,5.024,5.303999999999999,5.024,443.0,600843,-0.06582,-0.05279,-0.1977,-0.20632,-0.05368,,5.266,5.73048,6.33984,6.68393,5.95477
1995-02-07,4.904,4.956,4.99,4.808,415.0,600843,-0.01354,-0.0533,-0.20704,-0.28475,-0.13098,,5.2102,5.66886,6.30802,6.67786,5.95039
1995-02-08,4.893,4.876,5.053,4.8469999999999995,415.0,600843,-0.01614,-0.08757,-0.20831,-0.2297,-0.00571,,5.1166,5.60776,6.28456,6.67763,5.94569
1995-02-09,4.904,5.093,5.1610000000000005,4.904,496.5,600843,0.0445,-0.04786,-0.19757,-0.20682,-0.14129,,5.0654,5.54805,6.26315,6.67082,5.94199
1995-02-10,5.047,4.939,5.132999999999999,4.859,748.0,600843,-0.03024,-0.08163,-0.20544,-0.29007,-0.07475,,4.9776,5.48724,6.2306,6.66758,5.93765
1995-02-13,4.887,4.996,5.047,4.808,352.0,600843,0.01154,-0.00557,-0.19185,-0.29574,-0.06302,,4.972,5.43076,6.19676,6.66485,5.93359
1995-02-14,5.024,4.967,5.041,4.933,225.0,600843,-0.0058,0.00222,-0.17982,-0.29195,-0.02147,,4.9742,5.3789,6.16373,6.66396,5.92944
1995-02-15,4.979,4.882,4.979,4.882,252.0,600843,-0.01711,0.00123,-0.17687,-0.32857,-0.07956,,4.9754,5.32895,6.12519,6.66053,5.92496
1995-02-16,4.8469999999999995,4.825,4.904,4.796,252.0,600843,-0.01168,-0.05262,-0.18648,-0.33904,-0.11775,,4.9218,5.27629,6.08527,6.65529,5.92028
1995-02-17,4.7330000000000005,4.773,4.819,4.7330000000000005,317.1,600843,-0.01078,-0.03361,-0.17293,-0.31452,-0.16395,,4.8886,5.22876,6.04995,6.64768,5.91542
1995-02-20,4.762,4.785,4.836,4.762,232.5,600843,0.00251,-0.04223,-0.16594,-0.3122,-0.12603,,4.8464,5.18343,6.01492,6.64207,5.91065
1995-02-21,4.819,4.904,4.904,4.796,153.3,600843,0.02487,-0.01268,-0.1401,-0.28638,-0.06323,,4.8338,5.14538,5.98318,6.63938,5.90642
1995-02-22,4.899,5.555,5.6339999999999995,4.893,2809.45,600843,0.13275,0.13785,-0.02097,-0.19165,-0.02493,,4.9684,5.13971,5.96194,6.63823,5.90495
1995-02-23,5.428999999999999,5.6739999999999995,5.8229999999999995,5.417999999999999,7043.5,600843,0.02142,0.17596,-0.01098,-0.17301,0.02995,,5.1382,5.13671,5.94279,6.63957,5.90399
1995-02-24,5.702999999999999,5.292000000000001,5.806,5.2010000000000005,2923.15,600843,-0.06732,0.10874,-0.03431,-0.21762,-0.05987,,5.242,5.12776,5.91905,6.63683,5.90145
1995-02-27,5.702999999999999,5.309,5.76,5.303999999999999,2515.0,600843,0.00321,0.10951,-0.04031,-0.20572,-0.02102,,5.3468,5.11714,5.89687,6.6359,5.899
1995-02-28,5.303999999999999,5.104,5.372000000000001,5.019,1155.0,600843,-0.03861,0.04078,-0.03771,-0.23179,-0.07737,,5.3868,5.10762,5.87203,6.63242,5.89573
1995-03-01,5.047,5.247000000000001,5.275,5.047,759.5,600843,0.02802,-0.05545,0.00229,-0.2229,-0.09799,,5.3252,5.10819,5.84776,6.62779,5.89307
1995-03-02,5.275,5.388999999999999,5.435,5.218,1701.28,600843,0.02706,-0.05023,0.00842,-0.1923,-0.16007,,5.2682,5.11033,5.82706,6.61944,5.89101
1995-03-03,5.417999999999999,5.6739999999999995,5.702999999999999,5.361000000000001,4696.0,600843,0.05289,0.07218,0.06076,-0.15465,-0.09965,,5.3446,5.12581,5.81032,6.61433,5.89013
1995-03-06,5.747999999999999,6.131,6.159,5.646,6614.53,600843,0.08054,0.15483,0.14001,-0.07721,-0.10405,-0.22037,5.509,5.16167,5.80205,6.60854,5.88309
1995-03-07,6.216,6.216,6.245,5.8629999999999995,7811.17,600843,0.01386,0.21787,0.23726,-0.07071,-0.22696,-0.19555,5.7314,5.21843,5.79442,6.59371,5.87694
1995-03-08,6.108,6.011,6.205,5.931,4562.16,600843,-0.03298,0.14561,0.21287,-0.09758,-0.39424,-0.26802,5.8842,5.26867,5.78394,6.5619,5.868
1995-03-09,6.108,5.874,6.108,5.845,2704.99,600843,-0.02279,0.09,0.20468,-0.10046,-0.32676,-0.38395,5.9812,5.31619,5.77335,6.53872,5.85311
1995-03-10,5.76,5.652,5.817,5.595,2103.0,600843,-0.03779,-0.00388,0.10976,-0.11743,-0.43367,-0.35809,5.9768,5.34281,5.76123,6.50354,5.8403
1995-03-13,5.76,5.652,5.76,5.5889999999999995,1328.2,600843,0.0,-0.07813,0.14436,-0.11508,-0.4187,-0.3281,5.881,5.37676,5.74937,6.47044,5.82908
1995-03-14,5.6739999999999995,5.691,5.845,5.652,1243.0,600843,0.0069,-0.08446,0.13911,-0.09278,-0.42515,-0.29375,5.776,5.40986,5.73998,6.43622,5.81946
1995-03-15,5.731,5.475,5.731,5.422999999999999,1239.9,600843,-0.03795,-0.08917,0.10228,-0.11921,-0.4514,-0.33515,5.6688,5.43405,5.72803,6.39959,5.80824
1995-03-16,5.446000000000001,5.555,5.56,5.446000000000001,603.0,600843,0.01461,-0.05431,0.13785,-0.07324,-0.40243,-0.28901,5.605,5.4661,5.72095,6.36918,5.79906
1995-03-17,5.542999999999999,5.747999999999999,5.76,5.542999999999999,1410.0,600843,0.03474,0.01699,0.1913,-0.08369,-0.36289,-0.24049,5.6242,5.51005,5.71248,6.34256,5.79166
1995-03-20,5.817,5.617000000000001,5.92,5.5889999999999995,2550.0,600843,-0.02279,-0.00619,0.17683,-0.08458,-0.40308,-0.22449,5.6172,5.55024,5.70411,6.31172,5.78505
1995-03-21,5.5889999999999995,5.72,5.76,5.56,733.0,600843,0.01834,0.0051,0.1954,-0.12014,-0.3401,-0.1846,5.623,5.59476,5.69152,6.28776,5.77978
1995-03-22,5.817,5.971,5.977,5.747999999999999,2233.0,600843,0.04388,0.09059,0.21758,-0.1201,-0.3197,-0.18205,5.7222,5.64557,5.67837,6.26494,5.77438
1995-03-23,6.028,6.051,6.205,6.005,5396.0,600843,0.0134,0.08929,0.08929,-0.07731,-0.35186,-0.12304,5.8214,5.66919,5.67019,6.23824,5.77093
1995-03-24,5.486000000000001,5.92,5.931,5.48,4902.43,600843,-0.02165,0.02992,0.04336,-0.11271,-0.33024,-0.15609,5.8558,5.6809,5.65806,6.2145,5.76648
1995-03-27,5.8629999999999995,5.9879999999999995,5.999,5.76,8852.2,600843,0.01149,0.06605,0.13152,-0.10946,-0.27082,-0.11538,5.93,5.71405,5.64619,6.19642,5.7633
1995-03-28,5.902,5.84,5.925,5.766,2870.0,600843,-0.02472,0.02098,0.10002,-0.13069,-0.30806,-0.10567,5.954,5.73933,5.63203,6.17528,5.7605
1995-03-29,5.806,5.857,5.867999999999999,5.6739999999999995,1872.9,600843,0.00291,-0.01909,0.14753,-0.12959,-0.29654,-0.08713,5.9312,5.77519,5.61797,6.15521,5.75823
1995-03-30,5.931,5.731,5.971,5.702999999999999,3522.4,600843,-0.02151,-0.05288,0.09224,-0.14104,-0.35162,-0.0864,5.8672,5.79824,5.60279,6.12994,5.75602
1995-03-31,5.731,5.8629999999999995,5.902,5.702999999999999,2133.93,600843,0.02303,-0.00963,0.08796,-0.09814,-0.27348,-0.06536,5.8558,5.82081,5.5925,6.112,5.75436
1995-04-03,5.902,6.136,6.216,5.817,10433.32,600843,0.04656,0.02472,0.08142,-0.03065,-0.14872,-0.00373,5.8854,5.84281,5.58937,6.10328,5.75426
1995-04-04,6.125,6.091,6.165,6.045,4036.0,600843,-0.00733,0.04298,-0.00652,-0.02731,-0.05478,-0.02011,5.9356,5.8409,5.58661,6.10041,5.75376
1995-04-05,6.074,5.885,6.079,5.874,3093.5,600843,-0.03382,0.00478,-0.05325,-0.0584,0.00375,-0.03112,5.9412,5.82514,5.58073,6.10059,5.75299
1995-04-06,5.702999999999999,5.925,5.925,5.702999999999999,1658.42,600843,0.0068,0.03385,-0.01431,-0.03799,-0.16889,0.01369,5.98,5.82105,5.57695,6.0908,5.75331
1995-04-07,5.874,5.885,5.9879999999999995,5.787999999999999,2126.17,600843,-0.00675,0.00375,0.00187,-0.07279,-0.09877,0.04233,5.9844,5.82157,5.5695,6.08556,5.75428
1995-04-10,5.959,5.827999999999999,5.9879999999999995,5.817,1710.5,600843,-0.00969,-0.0502,0.03114,-0.06242,-0.1589,-0.0359,5.9228,5.82995,5.56324,6.07661,5.7534
1995-04-11,5.817,5.669,5.931,5.646,1760.0,600843,-0.02728,-0.06928,0.00301,-0.08298,-0.17578,-0.04514,5.8384,5.83076,5.55497,6.06678,5.75231
1995-04-12,5.697,5.686,5.702999999999999,5.5889999999999995,1368.0,600843,0.003,-0.03381,-0.00088,-0.0611,-0.05845,0.10773,5.7986,5.83052,5.549,6.06391,5.75456
1995-04-13,5.686,5.617000000000001,5.817,5.617000000000001,1377.0,600843,-0.01214,-0.05198,0.02594,-0.05294,-0.12453,-0.00514,5.737,5.83729,5.54394,6.05741,5.75444
1995-04-14,5.5889999999999995,5.6739999999999995,5.697,5.497999999999999,699.0,600843,0.01015,-0.03585,0.02142,-0.04333,-0.02458,0.06875,5.6948,5.84295,5.53979,6.05625,5.75593
1995-04-17,5.646,5.5889999999999995,5.6739999999999995,5.5489999999999995,487.2,600843,-0.01498,-0.04101,-0.02766,-0.03154,-0.0438,0.08884,5.647,5.83538,5.53685,6.05417,5.75778
1995-04-18,5.566,5.502999999999999,5.5889999999999995,5.486000000000001,338.2,600843,-0.01539,-0.02928,-0.0203,-0.04079,-0.1147,0.02649,5.6138,5.82995,5.53308,6.04837,5.75836
1995-04-19,5.526,5.52,5.5889999999999995,5.475,374.5,600843,0.00309,-0.02919,-0.03497,-0.03209,-0.20985,-0.02714,5.5806,5.82043,5.53013,6.03646,5.75773
1995-04-20,5.5889999999999995,5.76,5.76,5.537000000000001,1082.07,600843,0.04348,0.02546,-0.03534,0.01516,-0.17206,0.12215,5.6092,5.81038,5.53152,6.02672,5.76028
1995-04-21,5.76,5.6339999999999995,5.771,5.6339999999999995,1018.0,600843,-0.02188,-0.00705,-0.06891,-0.01795,-0.26822,0.06806,5.6012,5.79052,5.52985,6.00993,5.76174
1995-04-24,5.502999999999999,5.441,5.532,5.395,892.0,600843,-0.03426,-0.02648,-0.08091,-0.00712,-0.24283,0.00965,5.5716,5.76771,5.52923,5.99575,5.76195
1995-04-25,5.441,5.502999999999999,5.56,5.441,406.75,600843,0.01139,0.0,-0.081,-0.00524,-0.17521,0.0,5.5716,5.74462,5.52876,5.98624,5.76195
1995-04-26,5.56,5.337999999999999,5.56,5.332000000000001,407.5,600843,-0.02998,-0.03297,-0.08596,0.00641,-0.21338,0.0355,5.5352,5.72071,5.52931,5.97447,5.7627
1995-04-27,5.0760000000000005,4.961,5.247000000000001,4.591,2503.38,600843,-0.07063,-0.13872,-0.15298,-0.05234,-0.23689,-0.01704,5.3754,5.67805,5.52489,5.96195,5.76235
1995-05-02,5.047,4.967,5.047,4.939,954.5,600843,0.00121,-0.11839,-0.13331,-0.07055,-0.1868,-0.01799,5.242,5.64167,5.51881,5.95267,5.76198
1995-05-03,5.007,4.967,5.115,4.967,450.0,600843,0.0,-0.08712,-0.15282,-0.07142,-0.21952,-0.05228,5.1472,5.599,5.51265,5.94132,5.76086
1995-05-04,4.79,4.8469999999999995,4.933,4.79,303.0,600843,-0.02416,-0.11921,-0.21007,-0.09874,-0.23428,-0.05572,5.016,5.53762,5.50408,5.92926,5.7597
1995-05-05,4.876,4.8469999999999995,4.922,4.762,997.0,600843,0.0,-0.09198,-0.20424,-0.03523,-0.30048,-0.03848,4.9178,5.47838,5.50123,5.91233,5.75891
1995-05-08,4.904,4.836,4.904,4.808,320.0,600843,-0.00227,-0.0252,-0.17825,-0.02421,-0.23602,-0.08322,4.8928,5.42843,5.49929,5.90019,5.75713
1995-05-09,4.876,4.984,5.041,4.8469999999999995,1080.0,600843,0.0306,0.00342,-0.15882,0.02215,-0.2238,-0.07223,4.8962,5.38362,5.50103,5.8885,5.75555
1995-05-10,4.874,4.955,5.0889999999999995,4.874,1030.5,600843,-0.00582,-0.00242,-0.15803,-0.0271,-0.28777,-0.0658,4.8938,5.33933,5.49881,5.87223,5.75413
1995-05-11,4.973,5.002,5.0489999999999995,4.926,459.5,600843,0.00949,0.03198,-0.14173,0.01276,-0.2949,-0.03622,4.9248,5.3,5.49982,5.85522,5.75337
1995-05-12,5.031000000000001,5.351,5.421,5.008,5177.5,600843,0.06977,0.10398,-0.05609,0.07106,-0.23721,-0.00391,5.0256,5.28486,5.50555,5.84169,5.75328
1995-05-15,5.24,5.456,5.4670000000000005,5.24,2334.67,600843,0.01962,0.12821,-0.04045,0.09845,-0.24962,0.06293,5.1496,5.2739,5.51344,5.82693,5.75459
1995-05-16,5.409,5.367999999999999,5.438,5.357,614.07,600843,-0.01613,0.07705,-0.04433,0.09955,-0.26466,0.02875,5.2264,5.26205,5.52127,5.81123,5.7552
1995-05-17,5.351,5.438,5.438,5.322,377.5,600843,0.01304,0.09748,-0.04159,0.12705,-0.21901,0.02526,5.323,5.25081,5.53116,5.79883,5.75575
1995-05-18,6.98,6.9910000000000005,7.154,6.398,24869.48,600843,0.28558,0.39764,0.25085,0.4647,0.00489,0.34416,5.7208,5.31757,5.56694,5.79911,5.76302
1995-05-19,6.98,7.91,7.91,6.98,20800.47,600843,0.13145,0.47823,0.4374,0.65308,0.15105,0.54101,6.2326,5.43219,5.61734,5.80754,5.77431
1995-05-22,8.736,8.311,8.835,7.968,18373.23,600843,0.0507,0.52328,0.50562,0.69474,0.2094,0.63185,6.8036,5.5651,5.67229,5.81924,5.78739
1995-05-23,7.166,6.747000000000001,7.6770000000000005,6.502999999999999,11334.0,600843,-0.18818,0.25689,0.17135,0.21458,-0.01662,0.42552,7.0794,5.6121,5.69152,5.81832,5.79558
1995-05-24,6.8629999999999995,6.513999999999999,6.98,6.252000000000001,5793.83,600843,-0.03453,0.19787,0.15619,0.14804,-0.03696,0.33129,7.2946,5.654,5.70506,5.81628,5.80217
1995-05-25,6.561,6.252000000000001,6.689,6.1129999999999995,3308.4,600843,-0.04022,-0.10571,0.14905,0.18141,-0.06463,0.32402,7.1468,5.69262,5.72055,5.81277,5.80839
1995-05-26,6.107,6.631,7.55,5.921,5361.92,600843,0.06062,-0.16169,0.20498,0.24901,-0.00196,0.38927,6.891,5.74633,5.74187,5.81267,5.81594
1995-05-29,6.513999999999999,6.346,6.631,6.223,3572.42,600843,-0.04298,-0.23643,0.18883,0.24334,-0.06013,0.33741,6.498,5.79433,5.7619,5.80937,5.82245
1995-05-30,6.456,6.572,6.6770000000000005,6.456,3281.37,600843,0.03561,-0.02594,0.32473,0.25253,-0.01499,0.40547,6.463,5.87105,5.78327,5.80855,5.83016
1995-05-31,6.542999999999999,6.577999999999999,6.665,6.386,2189.0,600843,0.00091,0.00982,0.32434,0.22063,-0.01996,0.44002,6.4758,5.94776,5.80245,5.80746,5.83833
1995-06-01,6.631,6.625,6.689,6.577999999999999,1802.33,600843,0.00715,0.05966,0.3338,0.16761,-0.00286,0.43429,6.5504,6.02671,5.81779,5.80731,5.84648
1995-06-02,6.66,6.782,6.857,6.66,2460.0,600843,0.0237,0.02277,0.39922,0.10618,0.0139,0.53439,6.5806,6.11886,5.82829,5.80807,5.85609
1995-06-05,6.689,6.4270000000000005,6.77,6.4270000000000005,5138.5,600843,-0.05234,0.01276,0.32597,0.03394,-0.03513,0.48293,6.5968,6.1941,5.83169,5.80616,5.86459
1995-06-06,6.34,6.689,6.805,6.34,4457.28,600843,0.04077,0.0178,0.38317,0.11279,0.02435,0.65201,6.6202,6.28233,5.84263,5.80746,5.87533
1995-06-07,6.689,6.904,6.91,6.636,1454.3,600843,0.03214,0.04956,0.38523,0.17535,0.07808,0.69299,6.6854,6.37376,5.85924,5.81152,5.88681
1995-06-08,6.857,6.747000000000001,6.892,6.724,3371.45,600843,-0.02274,0.01842,0.36165,0.19374,0.05636,0.64321,6.7098,6.4591,5.8769,5.81445,5.89755
1995-06-09,6.607,6.776,6.8629999999999995,6.607,1193.5,600843,0.0043,-0.00088,0.35466,0.19887,0.08018,0.58837,6.7086,6.54357,5.89503,5.81854,5.90775
1995-06-12,6.665,6.66,6.735,6.567,611.0,600843,-0.01712,0.03625,0.24463,0.17027,0.07143,0.48594,6.7552,6.6059,5.91066,5.82215,5.91661
1995-06-13,6.513999999999999,6.596,6.7989999999999995,6.4910000000000005,602.95,600843,-0.00961,-0.0139,0.20894,0.20475,0.10043,0.58215,6.7366,6.66019,5.92874,5.82704,5.92647
1995-06-14,6.671,6.66,6.706,6.526,3774.5,600843,0.0097,-0.03534,0.24069,0.19892,0.06169,0.59981,6.6878,6.72171,5.94656,5.83019,5.93662
1995-06-15,6.542999999999999,6.055,6.542999999999999,5.845,4634.0,600843,-0.09084,-0.10256,0.11346,0.05341,-0.0132,0.42706,6.5494,6.7511,5.95152,5.82953,5.94399
1995-06-16,5.933,6.042999999999999,6.159,5.845,1454.2,600843,-0.00198,-0.10818,-0.1356,0.07584,-0.07045,0.44951,6.4028,6.70595,5.95839,5.8258,5.95161
1995-06-19,5.874,5.909,5.962000000000001,5.845,959.5,600843,-0.02217,-0.11276,-0.25297,0.03304,-0.12924,0.44899,6.2526,6.61067,5.96144,5.81867,5.95905
1995-06-20,5.921,5.816,6.0489999999999995,5.642,1872.0,600843,-0.01574,-0.11825,-0.3002,-0.02596,-0.11314,0.4955,6.0966,6.49186,5.95894,5.81264,5.96688
1995-06-21,5.845,5.9910000000000005,5.9910000000000005,5.787000000000001,894.0,600843,0.03009,-0.10045,-0.11205,-0.00992,-0.10207,0.54926,5.9628,6.45586,5.95797,5.80711,5.97552
1995-06-22,5.962000000000001,5.874,6.0489999999999995,5.874,773.0,600843,-0.01953,-0.02989,-0.09825,-0.00777,-0.12641,0.53729,5.9266,6.42538,5.95723,5.8002,5.98386
1995-06-23,5.845,5.933,6.02,5.845,575.0,600843,0.01004,-0.0182,-0.05102,-0.00919,-0.11685,0.53426,5.9046,6.41019,5.95634,5.79381,5.99226
1995-06-26,5.933,6.107,6.107,5.933,3041.9,600843,0.02933,0.03351,-0.07902,0.04572,-0.09244,0.62248,5.9442,6.38524,5.96065,5.78876,6.00178
1995-06-27,6.037000000000001,6.107,6.159,6.002000000000001,2389.8,600843,0.0,0.05003,-0.03766,0.04268,-0.08468,0.62248,6.0024,6.37386,5.96468,5.78416,6.01131
1995-06-28,5.9910000000000005,6.013999999999999,6.142,5.962000000000001,943.0,600843,-0.01523,0.00384,-0.08491,0.04938,-0.07491,0.56248,6.007,6.34729,5.96924,5.7802,6.02011
1995-06-29,5.9670000000000005,6.026,6.142,5.9670000000000005,1878.5,600843,0.002,0.02588,-0.08392,0.0278,-0.04803,0.61815,6.0374,6.321,5.97187,5.77773,6.02947
1995-06-30,6.02,5.944,6.061,5.933,1256.9,600843,-0.01361,0.00185,-0.10279,-0.03129,-0.05078,0.6161,6.0396,6.28857,5.96877,5.77515,6.03868
1995-07-03,5.827999999999999,5.7989999999999995,5.933,5.763999999999999,544.0,600843,-0.02439,-0.05043,-0.14494,-0.04794,-0.07216,0.52927,5.978,6.24176,5.96406,5.77148,6.04684
1995-07-04,5.816,5.904,5.9270000000000005,5.712000000000001,523.99,600843,0.01811,-0.03324,-0.08138,0.00323,-0.0414,0.60522,5.9374,6.21686,5.96437,5.76941,6.05589
1995-07-05,5.933,6.002000000000001,6.235,5.933,831.0,600843,0.0166,-0.002,-0.10271,0.013,-0.05436,0.63187,5.935,6.18414,5.96561,5.7666,6.06533
1995-07-06,6.002000000000001,6.084,6.2410000000000005,6.002000000000001,6416.7,600843,0.01366,0.00962,-0.11877,0.03381,-0.02124,0.61637,5.9466,6.1451,5.96882,5.76553,6.07476
1995-07-07,6.1129999999999995,6.351,6.513999999999999,6.1129999999999995,2543.39,600843,0.04389,0.06847,-0.05869,0.08974,0.02734,0.71048,6.028,6.12624,5.97726,5.7669,6.08549
1995-07-10,6.507999999999999,6.34,6.507999999999999,6.311,1568.99,600843,-0.00173,0.09329,-0.06434,0.11836,0.0469,0.81975,6.1362,6.10548,5.98808,5.76921,6.0971
1995-07-11,6.34,6.125,6.433,6.125,839.0,600843,-0.03391,0.03743,-0.08033,0.07721,0.03271,0.83934,6.1804,6.08,5.99516,5.77079,6.10846
1995-07-12,6.154,6.276,6.276,6.107,203.0,600843,0.02465,0.04565,-0.04851,0.11732,0.05817,0.88129,6.2352,6.06476,6.00579,5.77359,6.12041
1995-07-13,6.311,6.2410000000000005,6.316,6.194,231.0,600843,-0.00558,0.02581,-0.06291,0.09993,0.08144,0.89351,6.2666,6.04481,6.01494,5.77741,6.13238
1995-07-14,6.252000000000001,6.119,6.34,6.119,502.5,600843,-0.01955,-0.03653,0.01057,0.09483,0.06659,0.95808,6.2202,6.04786,6.02348,5.78052,6.14455
1995-07-17,6.107,6.631,6.747000000000001,6.107,3624.25,600843,0.08367,0.0459,0.0973,0.20498,0.16272,1.26623,6.2784,6.07586,6.04168,5.78807,6.15961
1995-07-18,6.631,6.444,6.631,6.404,1463.1,600843,-0.0282,0.05208,0.09054,0.16739,0.13571,1.13166,6.3422,6.10133,6.05658,5.79433,6.17352
1995-07-19,6.502999999999999,6.456,6.776,6.456,8629.45,600843,0.00186,0.02868,0.11004,0.12083,0.12533,1.06592,6.3782,6.13181,6.06781,5.80017,6.18706
1995-07-20,6.513999999999999,6.921,6.985,6.165,10693.3,600843,0.07203,0.10896,0.15523,0.22843,0.26296,1.40313,6.5142,6.1761,6.08856,5.81189,6.20349
1995-07-21,6.95,6.8629999999999995,7.0089999999999995,6.7589999999999995,3271.65,600843,-0.00838,0.12159,0.16837,0.26135,0.2406,1.76622,6.663,6.22319,6.1115,5.82271,6.2213
1995-07-24,6.9910000000000005,6.985,7.084,6.95,2582.9,600843,0.01778,0.05339,0.17731,0.26931,0.31693,1.82908,6.7338,6.27329,6.1354,5.83637,6.23966
1995-07-25,7.154,7.5729999999999995,7.59,6.66,13317.28,600843,0.08418,0.1752,0.24005,0.4187,0.44661,1.1594,6.9596,6.3431,6.17145,5.85538,6.25619
1995-07-26,7.327999999999999,7.327999999999999,7.5729999999999995,7.27,10827.5,600843,-0.03235,0.13507,0.19993,0.47712,0.37126,1.04922,7.134,6.40124,6.20963,5.87151,6.27144
1995-07-27,7.317,7.474,7.474,7.317,2459.01,600843,0.01992,0.0799,0.24277,0.50473,0.39727,0.7245,7.2446,6.47076,6.25006,5.88879,6.2842
1995-07-28,7.439,7.218,7.439,7.218,1211.5,600843,-0.03425,0.05173,0.19781,0.45319,0.34213,0.5822,7.3156,6.52752,6.28637,5.90375,6.295
1995-07-31,7.224,7.044,7.327999999999999,7.044,1405.99,600843,-0.02411,0.00845,0.18506,0.45327,0.40207,0.3268,7.3274,6.5799,6.32181,5.92017,6.30205
1995-08-01,7.1370000000000005,7.282,7.3229999999999995,6.98,795.73,600843,0.03379,-0.03843,0.25573,0.50237,0.46933,0.27687,7.2692,6.65052,6.36108,5.93908,6.30847
1995-08-02,7.189,6.98,7.502999999999999,6.98,1769.0,600843,-0.04147,-0.04749,0.18225,0.44334,0.4315,0.42333,7.1996,6.70176,6.39566,5.95619,6.31691
1995-08-03,10.19,7.037999999999999,10.19,6.985,2047.01,600843,0.00831,-0.05834,0.17261,0.41212,0.3819,0.18665,7.1124,6.7511,6.42879,5.972,6.32141
1995-08-04,7.183,7.183,7.27,7.055,395.4,600843,0.0206,-0.00485,0.18064,0.44965,0.45434,0.34564,7.1054,6.80343,6.46473,5.99024,6.32891
1995-08-07,7.142,7.27,7.2989999999999995,7.125,1063.66,600843,0.01211,0.03208,0.1447,0.45342,0.45516,0.36347,7.1506,6.84719,6.50131,6.00873,6.33679
1995-08-08,7.404,7.317,7.416,7.27,619.0,600843,0.00646,0.00481,0.1541,0.36741,0.47312,0.44149,7.1576,6.89371,6.53302,6.02784,6.3459
1995-08-09,7.375,7.327999999999999,7.3870000000000005,7.154,876.5,600843,0.0015,0.04986,0.19641,0.34311,0.50102,0.3816,7.2272,6.951,6.56321,6.04772,6.35413
1995-08-10,7.27,7.327999999999999,7.445,7.218,1164.9,600843,0.0,0.0412,0.16762,0.36513,0.51876,0.33992,7.2852,7.0011,6.59482,6.06807,6.36168
1995-08-11,7.327999999999999,7.4510000000000005,7.84,7.154,5794.92,600843,0.01678,0.03731,0.19388,0.37017,0.56107,0.30513,7.3388,7.05871,6.62729,6.08985,6.36876
1995-08-14,7.334,8.434,8.724,7.327999999999999,12123.0,600843,0.13193,0.16011,0.37833,0.20641,0.76259,0.54046,7.5716,7.16895,6.65056,6.11951,6.38079
1995-08-15,8.177999999999999,8.94,8.945,8.177999999999999,32469.58,600843,0.06,0.22181,0.34821,0.13021,0.823,0.70774,7.8962,7.2789,6.66718,6.15233,6.39585
1995-08-16,8.724,8.55,8.753,8.521,10138.0,600843,-0.04362,0.16676,0.32682,0.02876,0.53915,0.50079,8.1406,7.37919,6.67103,6.17667,6.40745
1995-08-17,8.783,8.927999999999999,9.177999999999999,8.783,15871.8,600843,0.04421,0.21834,0.3829,0.32325,0.57349,0.62062,8.4606,7.4969,6.70621,6.20313,6.42135
1995-08-18,8.899,8.957,9.015,8.783,7341.87,600843,0.00325,0.20212,0.29418,0.37504,0.69255,0.59122,8.7618,7.59386,6.74561,6.23293,6.43488
1995-08-21,8.957,8.87,8.963,8.812000000000001,3137.5,600843,-0.00971,0.0517,0.29244,0.41875,0.67075,0.63563,8.849,7.68943,6.78784,6.26188,6.44889
1995-08-22,8.863999999999999,8.857999999999999,8.899,8.841000000000001,1905.0,600843,-0.00135,-0.00917,0.26815,0.33585,0.7355,0.60123,8.8326,7.77862,6.82376,6.2924,6.46241
1995-08-23,8.857999999999999,8.899,9.021,8.847000000000001,2351.6,600843,0.00463,0.04082,0.1751,0.4023,0.69602,0.52983,8.9024,7.84176,6.86494,6.32209,6.47494
1995-08-24,8.899,8.87,9.015,8.841000000000001,985.0,600843,-0.00326,-0.0065,0.21043,0.34967,0.64595,0.38248,8.8908,7.91519,6.902,6.35039,6.48491
1995-08-25,9.015,8.841000000000001,9.015,8.841000000000001,1056.0,600843,-0.00327,-0.01295,0.1829,0.34403,0.55816,0.40289,8.8676,7.98029,6.9385,6.37614,6.49524
1995-08-28,8.841000000000001,8.695,8.841000000000001,8.695,645.5,600843,-0.01651,-0.01973,0.20463,0.31245,0.4182,0.27064,8.8326,8.05062,6.97189,6.39698,6.50276
1995-08-29,8.695,8.607999999999999,8.695,8.607999999999999,928.0,600843,-0.01001,-0.02822,0.22203,0.26924,0.38481,0.07051,8.7826,8.1251,7.00134,6.41643,6.50507
1995-08-30,8.607999999999999,8.573,8.62,8.573,772.5,600843,-0.00407,-0.03663,0.17729,0.3339,0.42622,-0.13605,8.7174,8.18657,7.03595,6.43726,6.49958
1995-08-31,8.567,8.579,8.707,8.55,635.5,600843,0.0007,-0.03281,0.22908,0.28255,0.4605,-0.01673,8.6592,8.26271,7.06644,6.45925,6.49899
1995-09-01,8.579,8.556000000000001,8.602,8.521,507.0,600843,-0.00268,-0.03224,0.21569,0.23928,0.5138,-0.14269,8.6022,8.335,7.09308,6.48286,6.4932
1995-09-04,9.422,9.859,9.863999999999999,9.236,31864.2,600843,0.15229,0.13387,0.37255,0.46124,0.74434,0.01399,8.835,8.46243,7.14327,6.51707,6.49375
1995-09-05,9.859,9.544,10.01,9.427999999999999,25638.0,600843,-0.03195,0.10874,0.31279,0.4085,0.67703,-0.03596,9.0222,8.57071,7.18792,6.54839,6.4923
1995-09-06,9.613999999999999,10.004,10.004,9.568,16171.0,600843,0.0482,0.16692,0.36723,0.5021,0.82721,0.0024,9.3084,8.69867,7.24185,6.58521,6.4924
1995-09-07,9.434,10.05,10.05,9.434,40712.5,600843,0.0046,0.17147,0.37145,0.52365,0.80918,0.08111,9.6026,8.82829,7.29756,6.62176,6.49547
1995-09-08,9.597000000000001,9.597000000000001,9.603,9.597000000000001,8435.5,600843,-0.04507,0.12167,0.30963,0.44099,0.66962,0.06373,9.8108,8.93633,7.34494,6.65305,6.4978
1995-09-11,9.607999999999999,10.237,10.237,9.481,10466.2,600843,0.06669,0.03834,0.37391,0.69067,0.8225,0.08789,9.8864,9.069,7.41239,6.69061,6.50117
1995-09-12,9.771,10.353,10.353,9.684,22528.4,600843,0.01133,0.08477,0.22753,0.71322,0.80997,0.19439,10.0482,9.16038,7.4819,6.72828,6.50802
1995-09-13,9.613999999999999,9.946,10.004,9.613999999999999,6428.5,600843,-0.03931,-0.0058,0.11253,0.6832,0.66572,0.13319,10.0366,9.20829,7.54702,6.76059,6.51277
1995-09-14,9.707,9.591000000000001,9.771,9.527000000000001,30046.5,600843,-0.03569,-0.04567,0.12175,0.64907,0.58503,0.02731,9.9448,9.25786,7.6079,6.78937,6.5138
1995-09-15,9.44,9.515,9.632,9.411,18983.44,600843,-0.00792,-0.00854,0.06575,0.58822,0.60726,0.07648,9.9284,9.28581,7.66474,6.8186,6.51655
1995-09-18,9.392999999999999,9.363999999999999,9.597000000000001,9.335,889.9,600843,-0.01587,-0.08528,0.04544,0.59414,0.56379,0.14028,9.7538,9.30519,7.72103,6.84605,6.52124
1995-09-19,9.363999999999999,9.126,9.363999999999999,9.12,1308.5,600843,-0.02542,-0.11852,0.02886,0.53818,0.56267,0.08128,9.5084,9.31738,7.77253,6.87276,6.52402
1995-09-20,9.207,8.957,9.207,8.957,1045.0,600843,-0.01852,-0.09944,0.01118,0.46668,0.52928,0.07579,9.3106,9.3221,7.8185,6.89797,6.52659
1995-09-21,8.783,8.759,9.062000000000001,8.73,983.5,600843,-0.02211,-0.08675,-0.01573,0.43426,0.52835,-0.00905,9.1442,9.31543,7.86127,6.92259,6.52626
1995-09-22,8.753,8.748,8.753,8.724,1172.0,600843,-0.00126,-0.08061,-0.01375,0.45461,0.49207,0.08401,8.9908,9.30962,7.90537,6.94604,6.52902
1995-09-25,8.637,8.556000000000001,8.642999999999999,8.55,377.0,600843,-0.02195,-0.08629,-0.03224,0.41985,0.39439,0.18701,8.8292,9.29605,7.94618,6.96572,6.5345
1995-09-26,8.556000000000001,8.666,8.724,8.55,328.5,600843,0.01286,-0.05041,-0.00334,0.45794,0.42275,0.34482,8.7372,9.29467,7.99008,6.98665,6.54353
1995-09-27,8.562000000000001,8.55,8.579,8.492,641.0,600843,-0.01339,-0.04544,-0.00674,0.47439,0.45285,0.4583,8.6558,9.2919,8.03445,7.00832,6.55446
1995-09-28,8.55,8.48,8.567,8.463,1250.0,600843,-0.00819,-0.03185,-0.01085,0.43631,0.43122,0.18951,8.6,9.28748,8.076,7.02909,6.55995
1995-09-29,8.492,8.474,8.55,8.463,915.0,600843,-0.00071,-0.03132,-0.01224,0.41186,0.43993,0.2977,8.5452,9.28248,8.11587,7.05014,6.56785
1995-10-04,8.474,8.492,8.492,8.474,149.5,600843,0.00212,-0.00748,-0.00748,0.39579,0.4571,0.22557,8.5324,9.27943,8.15471,7.0718,6.5742
1995-10-05,8.607999999999999,8.498,8.666,8.48,210.0,600843,0.00071,-0.01939,-0.13805,0.33806,0.49903,0.23553,8.4988,9.21462,8.18934,7.0948,6.58079
1995-10-06,8.492,8.492,8.521,8.48,356.0,600843,-0.00071,-0.00678,-0.11023,0.33943,0.49349,0.40619,8.4872,9.16452,8.22405,7.11761,6.59076
1995-10-09,8.492,8.451,8.538,8.434,306.0,600843,-0.00483,-0.00342,-0.15524,0.37976,0.50454,0.31718,8.4814,9.09057,8.26156,7.14065,6.59903
1995-10-10,8.451,8.422,8.463,8.375,950.0,600843,-0.00343,-0.00614,-0.16199,0.34194,0.48431,0.44783,8.471,9.01305,8.29618,7.16299,6.60962
1995-10-11,8.434,8.451,8.451,8.335,699.5,600843,0.00344,-0.00483,-0.11941,0.35411,0.51208,0.44585,8.4628,8.95848,8.33182,7.18626,6.62022
1995-10-12,8.451,8.375,8.463,8.375,243.0,600843,-0.00899,-0.01447,-0.18189,0.36869,0.5219,0.34733,8.4382,8.86981,8.36821,7.20961,6.62899
1995-10-13,8.381,8.392999999999999,8.434,8.346,244.0,600843,0.00215,-0.01166,-0.18932,0.26572,0.52047,0.2014,8.4184,8.77648,8.39663,7.23297,6.63471
1995-10-16,8.392999999999999,8.439,8.463,8.392999999999999,609.0,600843,0.00548,-0.00142,-0.15152,0.30959,0.4651,0.21302,8.416,8.70471,8.42881,7.25475,6.64074
1995-10-17,8.439,8.451,8.509,8.434,291.0,600843,0.00142,0.00344,-0.11886,0.30901,0.5,0.09768,8.4218,8.65043,8.46098,7.27765,6.64379
1995-10-18,8.451,8.48,8.626,8.451,755.0,600843,0.00343,0.00343,-0.10878,0.22526,0.55854,0.18007,8.4276,8.60114,8.48613,7.30236,6.64905
1995-10-19,8.48,8.451,8.521,8.451,526.5,600843,-0.00342,0.00907,-0.0975,0.23139,0.53571,0.26664,8.4428,8.55767,8.51174,7.32633,6.65628
1995-10-20,8.463,8.434,8.48,8.363999999999999,473.0,600843,-0.00201,0.00489,-0.07583,0.20744,0.57999,0.24285,8.451,8.52471,8.53511,7.3515,6.66298
1995-10-23,8.468,8.596,8.596,8.468,4552.0,600843,0.01921,0.0186,-0.0403,0.13509,0.73272,0.32226,8.4824,8.50752,8.55161,7.38105,6.6715
1995-10-24,8.631,8.596,8.642999999999999,8.596,1191.0,600843,0.0,0.01716,-0.01861,0.17303,0.73062,0.40733,8.5114,8.49976,8.57206,7.41055,6.68161
1995-10-25,8.596,9.073,9.771,8.596,15849.3,600843,0.05549,0.06993,0.03715,0.21394,0.82666,0.42568,8.63,8.51524,8.59785,7.44393,6.69263
1995-10-26,9.102,9.085,9.248,9.085,10370.5,600843,0.00132,0.07502,0.06183,0.25866,0.87436,0.43523,8.7568,8.54043,8.62797,7.47839,6.70383
1995-10-27,9.079,9.009,9.248,8.887,6729.5,600843,-0.00837,0.06818,0.03958,0.27896,0.85868,0.30019,8.8718,8.55676,8.65966,7.51223,6.71228
1995-10-30,8.986,8.945,9.009,8.945,542.0,600843,-0.0071,0.0406,0.0462,0.22837,0.84967,0.41311,8.9416,8.57557,8.68648,7.54563,6.72291
1995-10-31,8.927999999999999,8.835,8.986,8.835,320.5,600843,-0.0123,0.0278,0.04186,0.26576,0.77267,0.37595,8.9894,8.59248,8.7164,7.57694,6.73272
1995-11-01,8.835,8.835,8.899,8.835,181.0,600843,0.0,-0.02623,0.0426,0.25533,0.78305,0.26994,8.9418,8.60967,8.74539,7.60849,6.74036
1995-11-02,8.841000000000001,8.8,8.957,8.8,352.0,600843,-0.00396,-0.03137,0.03627,0.22511,0.7593,0.24048,8.8848,8.62433,8.77147,7.63937,6.74729
1995-11-03,8.812000000000001,8.806000000000001,8.892999999999999,8.8,376.0,600843,0.00068,-0.02253,0.03624,0.21128,0.64567,0.25531,8.8442,8.639,8.79624,7.66746,6.75457
1995-11-06,8.806000000000001,8.806000000000001,8.806000000000001,8.771,273.0,600843,0.0,-0.01554,0.03698,0.2035,0.614,0.21111,8.8164,8.65395,8.82026,7.69469,6.76081
1995-11-07,8.806000000000001,8.771,8.841000000000001,8.771,253.0,600843,-0.00397,-0.00724,0.03787,0.19692,0.63394,0.20151,8.8036,8.66919,8.84353,7.72236,6.76679
1995-11-08,8.783,8.607999999999999,8.783,8.607999999999999,284.0,600843,-0.01858,-0.02569,0.02209,0.17467,0.58293,0.23625,8.7582,8.67805,8.86418,7.74813,6.77348
1995-11-09,8.724,8.55,8.724,8.521,95.39,600843,-0.00674,-0.02841,0.01171,0.1475,0.223,0.22898,8.7082,8.68276,8.8819,7.7608,6.77996
1995-11-10,8.55,8.55,8.596,8.55,52.0,600843,0.0,-0.02907,0.0209,0.01375,0.08091,0.24418,8.657,8.6911,8.88377,7.76601,6.78678
1995-11-13,8.55,8.492,8.55,8.404,232.0,600843,-0.00678,-0.03566,0.0118,-0.05011,0.02178,0.23574,8.5942,8.69581,8.87655,7.76748,6.79336
1995-11-14,8.404,8.521,8.521,8.404,42.0,600843,0.00341,-0.0285,0.00972,-0.00339,0.26293,0.24195,8.5442,8.69971,8.87608,7.7819,6.80011
1995-11-15,8.474,8.55,8.55,8.457,152.0,600843,0.0034,-0.00674,0.01171,-0.04234,0.31256,0.26404,8.5326,8.70443,8.86998,7.79846,6.80737
1995-11-16,8.498,8.55,8.55,8.498,246.5,600843,0.0,0.0,0.00825,-0.04544,0.36756,0.27917,8.5326,8.70776,8.86342,7.81714,6.81496
1995-11-17,8.544,8.392999999999999,8.544,8.392999999999999,143.0,600843,-0.01836,-0.01836,-0.00686,-0.05378,0.26572,0.26325,8.5012,8.705,8.85573,7.83146,6.82207
1995-11-20,8.404,8.434,8.434,8.387,63.5,600843,0.00489,-0.00683,0.0,-0.04787,0.32903,0.24911,8.4896,8.705,8.84889,7.84844,6.8289
1995-11-21,8.434,8.492,8.492,8.416,67.0,600843,0.00688,-0.0034,-0.0121,-0.04574,0.29215,0.27278,8.4838,8.70005,8.84232,7.86405,6.8363
1995-11-22,8.48,8.363999999999999,8.48,8.363999999999999,119.0,600843,-0.01507,-0.02175,-0.02699,-0.05705,0.27151,0.24613,8.4466,8.689,8.83416,7.87857,6.84302
1995-11-23,8.492,8.463,8.521,8.381,165.0,600843,0.01184,-0.01018,-0.06723,-0.04276,0.27743,0.27378,8.4292,8.65995,8.82806,7.89351,6.85041
1995-11-24,8.463,8.422,8.55,8.422,121.0,600843,-0.00484,0.00346,-0.07298,-0.0314,0.24182,0.25908,8.435,8.62838,8.82366,7.90685,6.85746
1995-11-27,8.434,8.346,8.434,8.323,143.0,600843,-0.00902,-0.01043,-0.07359,-0.03044,0.29858,0.25297,8.4174,8.59681,8.81944,7.92245,6.8643
1995-11-28,8.329,8.311,8.463,8.311,218.0,600843,-0.00419,-0.02131,-0.07088,-0.03056,0.24249,0.27274,8.3812,8.56662,8.81521,7.93563,6.87154
1995-11-29,8.341000000000001,8.306000000000001,8.341000000000001,8.259,211.0,600843,-0.0006,-0.00693,-0.05988,-0.03182,0.20307,0.297,8.3696,8.54143,8.81081,7.94703,6.87928
1995-11-30,8.306000000000001,8.306000000000001,8.346,8.271,190.0,600843,0.0,-0.01855,-0.05988,-0.02922,0.23107,0.30045,8.3382,8.51624,8.80677,7.95971,6.88708
1995-12-01,8.306000000000001,8.306000000000001,8.306000000000001,8.265,74.0,600843,0.0,-0.01377,-0.05614,-0.15752,0.2258,0.32409,8.315,8.49271,8.78173,7.97215,6.89534
1995-12-04,8.294,8.329,8.392999999999999,8.142999999999999,1002.0,600843,0.00277,-0.00204,-0.05417,-0.12731,0.2506,0.33993,8.3116,8.47,8.76213,7.98572,6.90393
1995-12-05,8.37,8.329,8.37,8.294,81.0,600843,0.0,0.00217,-0.05417,-0.16743,0.26273,0.38956,8.3152,8.44729,8.73511,7.9998,6.91342
1995-12-06,8.329,8.329,8.329,8.265,162.5,600843,0.0,0.00277,-0.05039,-0.17124,0.2506,0.32775,8.3198,8.42624,8.70735,8.01337,6.92178
1995-12-07,8.259,8.363999999999999,8.363999999999999,8.259,52.0,600843,0.0042,0.00698,-0.02835,-0.12848,0.38134,0.3631,8.3314,8.41462,8.68747,8.03215,6.93084
1995-12-08,8.352,8.404,8.434,8.335,108.0,600843,0.00478,0.0118,-0.01708,-0.17906,0.3907,0.29272,8.351,8.40767,8.6579,8.05134,6.93857
1995-12-11,8.404,8.596,8.666,8.404,1341.5,600843,0.02285,0.03206,0.00538,-0.16971,0.45473,0.26673,8.4044,8.40986,8.62956,8.07319,6.94593
1995-12-12,8.498,8.607999999999999,8.637,8.404,529.0,600843,0.0014,0.0335,0.01366,-0.13453,0.48006,0.3126,8.4602,8.41538,8.60798,8.09589,6.95426
1995-12-13,8.631,8.492,8.631,8.492,188.0,600843,-0.01348,0.01957,-0.0034,-0.11459,0.41746,0.27278,8.4928,8.414,8.59026,8.11622,6.96166
1995-12-14,8.498,8.457,8.544,8.457,76.0,600843,-0.00412,0.01112,-0.01088,-0.11119,0.43973,0.25773,8.5114,8.40957,8.57319,8.13722,6.96871
1995-12-15,8.422,8.375,8.422,8.375,37.0,600843,-0.0097,-0.00345,-0.02047,-0.10562,0.4116,0.24665,8.5056,8.40124,8.55724,8.15707,6.97544
1995-12-18,8.375,8.346,8.375,8.323,44.0,600843,-0.00346,-0.02908,-0.0056,-0.08547,0.36663,0.2403,8.4556,8.399,8.54466,8.17528,6.98202
1995-12-19,8.346,8.346,8.363999999999999,8.335,66.0,600843,0.0,-0.03044,-0.01043,-0.06821,0.36663,0.2509,8.4032,8.39481,8.53481,8.19348,6.98882
1995-12-20,8.335,8.335,8.37,8.3,74.0,600843,-0.00132,-0.01849,-0.01849,-0.04841,0.38593,0.28211,8.3718,8.38733,8.52797,8.21235,6.99628
1995-12-21,8.311,8.282,8.346,8.282,28.0,600843,-0.00636,-0.02069,-0.0098,-0.05327,0.37438,0.30837,8.3368,8.38343,8.52045,8.23069,7.00421
1995-12-22,8.282,8.271,8.317,8.271,30.0,600843,-0.00133,-0.01242,-0.02269,-0.03331,0.39149,0.32082,8.316,8.37429,8.51585,8.24961,7.01238
1995-12-25,8.259,8.218,8.259,8.207,61.5,600843,-0.00641,-0.01534,-0.02422,-0.0517,0.41714,0.31488,8.2904,8.36457,8.50863,8.26928,7.02038
1995-12-26,8.201,8.12,8.247,8.085,55.0,600843,-0.01193,-0.02708,-0.02708,-0.05029,0.37534,0.3184,8.2452,8.35381,8.50169,8.28729,7.02835
1995-12-27,8.102,8.079,8.142999999999999,8.056000000000001,39.0,600843,-0.00505,-0.03071,-0.02791,-0.04729,0.34605,0.27288,8.194,8.34276,8.49523,8.30418,7.03539
1995-12-28,8.102,8.009,8.102,8.003,18.0,600843,-0.00866,-0.03296,-0.03576,-0.05487,0.3164,0.28845,8.1394,8.32862,8.48773,8.31983,7.04268
1995-12-29,7.997000000000001,7.898,7.997000000000001,7.898,307.0,600843,-0.01386,-0.0451,-0.04912,-0.06995,0.24358,0.27758,8.0648,8.30919,8.47815,8.33241,7.04965
1996-01-02,7.881,7.794,7.928,7.794,25.0,600843,-0.01317,-0.05159,-0.06164,-0.08284,0.22934,0.28699,7.98,8.28481,8.46679,8.34423,7.05672
1996-01-03,7.736000000000001,7.765,7.782,7.736000000000001,6.0,600843,-0.00372,-0.04372,-0.06772,-0.08561,0.26776,0.30922,7.909,8.25795,8.45506,8.35756,7.06417
1996-01-04,7.752999999999999,7.91,7.91,7.752999999999999,39.0,600843,0.01867,-0.02092,-0.05031,-0.06402,0.26036,0.33367,7.8752,8.238,8.44634,8.37085,7.07222
1996-01-05,7.858,7.829,7.8870000000000005,7.787999999999999,38.0,600843,-0.01024,-0.02247,-0.06003,-0.07041,0.25445,0.35661,7.8392,8.21419,8.43677,8.38376,7.08059
1996-01-08,7.7410000000000005,7.829,7.852,7.7410000000000005,10.5,600843,0.0,-0.00874,-0.06396,-0.0736,0.27946,0.36465,7.8254,8.18871,8.42674,8.39766,7.08909
1996-01-09,7.84,7.852,7.852,7.7410000000000005,75.0,600843,0.00294,0.00744,-0.06568,-0.06245,0.18414,0.37682,7.837,8.16243,8.41831,8.40759,7.09783
1996-01-10,7.794,7.7410000000000005,7.794,7.7410000000000005,21.0,600843,-0.01414,-0.00309,-0.09946,-0.07768,0.20127,0.36429,7.8322,8.12171,8.40779,8.41813,7.10623
1996-01-11,7.7410000000000005,7.765,7.765,7.7410000000000005,14.0,600843,0.0031,-0.01833,-0.09793,-0.07987,0.20276,0.35349,7.8032,8.08157,8.39692,8.42877,7.11447
1996-01-12,7.747000000000001,7.765,7.771,7.6770000000000005,27.0,600843,0.0,-0.00817,-0.08561,-0.08117,0.12195,0.41697,7.7904,8.04695,8.38585,8.43563,7.12376
1996-01-15,7.747000000000001,7.736000000000001,7.771,7.707000000000001,23.0,600843,-0.00373,-0.01188,-0.08525,-0.08774,0.1272,0.39841,7.7718,8.01262,8.37385,8.44273,7.13272
1996-01-16,7.747000000000001,7.747000000000001,7.765,7.724,12.0,600843,0.00142,-0.01337,-0.07499,-0.0833,0.10909,0.4606,7.7508,7.98271,8.3625,8.44893,7.14265
1996-01-17,7.752999999999999,7.6770000000000005,7.752999999999999,7.648,52.0,600843,-0.00904,-0.00827,-0.08016,-0.08976,0.01373,0.46648,7.738,7.95086,8.35029,8.44977,7.15258
1996-01-18,7.672000000000001,7.502999999999999,7.672000000000001,7.502999999999999,87.0,600843,-0.02267,-0.03374,-0.10101,-0.12715,0.02388,0.404,7.6856,7.91071,8.33266,8.4512,7.16135
1996-01-19,7.59,7.515,7.59,7.502999999999999,23.0,600843,0.0016,-0.0322,-0.09838,-0.12576,0.00549,0.40494,7.6356,7.87167,8.31523,8.45153,7.17016
1996-01-22,7.515,7.474,7.52,7.3870000000000005,20.0,600843,-0.00546,-0.03387,-0.09756,-0.17624,0.03547,0.38974,7.5832,7.83319,8.28944,8.45361,7.17868
1996-01-23,7.445,7.41,7.48,7.41,19.0,600843,-0.00856,-0.0435,-0.1041,-0.18437,0.05196,0.47492,7.5158,7.79219,8.26242,8.45659,7.18838
1996-01-24,7.41,7.456,7.456,7.392,19.0,600843,0.00621,-0.02879,-0.09272,-0.17238,0.02389,0.50444,7.4716,7.7559,8.23737,8.458,7.19854
1996-01-25,7.433,7.561,7.794,7.433,618.0,600843,0.01408,0.00773,-0.06884,-0.15472,0.08324,0.55066,7.4832,7.72929,8.21505,8.46272,7.20946
1996-01-26,7.5089999999999995,7.55,7.579,7.5089999999999995,64.0,600843,-0.00145,0.00466,-0.06548,-0.14544,0.07275,0.48243,7.4902,7.7041,8.19432,8.46689,7.21944
1996-01-29,7.584,7.5089999999999995,7.584,7.5089999999999995,24.0,600843,-0.00543,0.00468,-0.06243,-0.15008,0.04538,0.52035,7.4972,7.68029,8.17294,8.46954,7.22989
1996-01-30,7.537999999999999,7.579,7.579,7.5089999999999995,51.0,600843,0.00932,0.02281,-0.04039,-0.13875,0.0425,0.51701,7.531,7.6651,8.15324,8.47205,7.24039
1996-01-31,7.579,7.7589999999999995,7.7589999999999995,7.5089999999999995,347.0,600843,0.02375,0.04064,-0.00449,-0.1189,0.06041,0.56211,7.5916,7.66343,8.13635,8.47564,7.25174
1996-02-01,7.724,8.259,8.259,7.4270000000000005,7310.96,600843,0.06444,0.09232,0.06362,-0.06212,0.12705,0.69172,7.7312,7.68695,8.12753,8.48321,7.26547
1996-02-02,8.207,8.742,8.742,7.829,9180.14,600843,0.05848,0.15788,0.10518,-0.00331,0.19296,0.81181,7.9696,7.72657,8.12706,8.49471,7.28139
1996-02-05,8.061,7.881,8.607999999999999,7.4510000000000005,61787.64,600843,-0.09849,0.04954,0.00664,-0.08446,0.05771,0.65116,8.044,7.72905,8.11534,8.4982,7.29402
1996-02-06,7.3629999999999995,7.154,7.608,6.916,40019.84,600843,-0.09225,-0.05608,-0.08622,-0.16327,-0.15177,0.49509,7.959,7.6969,8.09282,8.4878,7.30365
1996-02-07,7.154,6.125,7.183,6.107,60268.94,600843,-0.14384,-0.21059,-0.21994,-0.28363,-0.31488,0.24898,7.6322,7.61467,8.05371,8.46491,7.30862
1996-02-08,5.845,5.6770000000000005,5.933,5.648,18042.99,600843,-0.07314,-0.31263,-0.26663,-0.33149,-0.33602,0.02196,7.1158,7.51638,8.00831,8.44155,7.30911
1996-02-09,5.513999999999999,5.531000000000001,5.7,5.496,2356.0,600843,-0.02572,-0.36731,-0.2877,-0.3509,-0.38049,-0.0252,6.4736,7.41,7.96008,8.41393,7.30853
1996-02-12,5.525,5.31,5.531000000000001,5.066,5943.49,600843,-0.03996,-0.32623,-0.31616,-0.37895,-0.40717,0.0034,5.9594,7.2931,7.90782,8.38428,7.30861
1996-02-13,5.206,5.165,5.206,5.0889999999999995,2053.4,600843,-0.02731,-0.27803,-0.33234,-0.39591,-0.4177,-0.02712,5.5616,7.17067,7.85323,8.35416,7.30802
1996-02-14,5.118,5.053999999999999,5.176,5.0489999999999995,2104.9,600843,-0.02149,-0.17486,-0.34762,-0.39783,-0.42944,-0.0098,5.3474,7.04243,7.79937,8.32324,7.30782
1996-02-15,4.99,5.0889999999999995,5.147,4.961,1737.39,600843,0.00693,-0.10358,-0.33711,-0.39661,-0.42814,-0.03011,5.2298,6.91919,7.74542,8.29226,7.30717
1996-02-16,5.118,5.211,5.229,5.0889999999999995,3727.4,600843,0.02397,-0.05786,-0.30548,-0.38636,-0.41251,-0.03303,5.1658,6.81005,7.6925,8.26251,7.30645
1996-03-04,5.263999999999999,5.746,5.81,5.211,69836.86,600843,0.10267,0.08211,-0.2354,-0.31301,-0.35007,0.01269,5.253,6.72581,7.65027,8.23735,7.30674
1996-03-05,5.525,5.357,5.683,5.322,22485.32,600843,-0.0677,0.03717,-0.28325,-0.36701,-0.3839,-0.12624,5.2914,6.625,7.60018,8.21021,7.3036
1996-03-06,5.3389999999999995,5.06,5.351,4.973,7225.5,600843,-0.05544,0.00119,-0.31714,-0.39919,-0.41217,-0.18597,5.2926,6.5131,7.54595,8.18137,7.2989
1996-03-07,5.235,5.165,5.235,5.072,3021.42,600843,0.02075,0.01493,-0.30727,-0.38114,-0.39753,-0.14074,5.3078,6.404,7.49465,8.15366,7.29546
1996-03-08,5.118,5.13,5.176,5.043,4019.9,600843,-0.00678,-0.01554,-0.32152,-0.38275,-0.40203,-0.12666,5.2916,6.28824,7.44334,8.12562,7.29243
1996-03-11,5.176,5.083,5.176,5.06,2518.0,600843,-0.00916,-0.11538,-0.32675,-0.38803,-0.40591,-0.10067,5.159,6.17076,7.39135,8.09738,7.29012
1996-03-12,5.053999999999999,4.961,5.066,4.9319999999999995,3290.3,600843,-0.024,-0.07392,-0.33933,-0.40272,-0.4968,-0.12226,5.0798,6.04943,7.3374,8.05756,7.28731
1996-03-13,4.944,4.973,5.019,4.944,1631.0,600843,0.00242,-0.01719,-0.34384,-0.40128,-0.47894,-0.12616,5.0624,5.92533,7.28365,8.0204,7.28439
1996-03-14,4.944,4.973,5.043,4.944,1552.0,600843,0.0,-0.03717,-0.35907,-0.40293,-0.5029,-0.09169,5.024,5.79267,7.22952,7.9795,7.28235
1996-03-15,4.944,4.955,4.979,4.944,1479.0,600843,-0.00362,-0.03411,-0.40005,-0.40509,-0.50697,-0.10801,4.989,5.63533,7.1751,7.93807,7.27991
1996-03-18,4.955,4.985,5.002,4.955,1350.0,600843,0.00605,-0.01928,-0.42976,-0.40149,-0.48057,-0.13274,4.9694,5.45643,7.12116,7.90058,7.27681
1996-03-19,5.002,4.996,5.053999999999999,4.973,1258.0,600843,0.00221,0.00706,-0.36607,-0.40268,-0.51197,-0.11056,4.9764,5.31905,7.06684,7.85797,7.27429
1996-03-20,5.008,4.996,5.008,4.955,1172.0,600843,0.0,0.00462,-0.30165,-0.40552,-0.51743,-0.12657,4.981,5.21629,7.01187,7.81441,7.27135
1996-03-21,4.967,4.979,5.037,4.944,1456.0,600843,-0.0034,0.00121,-0.1871,-0.42078,-0.4994,-0.16614,4.9822,5.16171,6.95353,7.77403,7.26731
1996-03-22,4.944,4.944,5.002,4.938,1572.7,600843,-0.00703,-0.00222,-0.12912,-0.42565,-0.48452,-0.18294,4.98,5.12681,6.89444,7.73625,7.26281
1996-03-25,4.996,4.9319999999999995,4.996,4.909,1228.0,600843,-0.00243,-0.01063,-0.1083,-0.41922,-0.48166,-0.16689,4.9694,5.09829,6.83702,7.69899,7.2588
1996-03-26,4.915,4.8389999999999995,4.961,4.8389999999999995,1682.0,600843,-0.01886,-0.03143,-0.0887,-0.42781,-0.48323,-0.19188,4.938,5.07586,6.77866,7.6622,7.25413
1996-03-27,4.8389999999999995,4.74,4.8389999999999995,4.6819999999999995,1970.92,600843,-0.02046,-0.05124,-0.08228,-0.43403,-0.4806,-0.18836,4.8868,5.05562,6.72003,7.62654,7.24965
1996-03-28,4.723,4.624,4.723,4.624,2371.0,600843,-0.02447,-0.0713,-0.08508,-0.44596,-0.48376,-0.21052,4.8158,5.03514,6.66,7.59132,7.24464
1996-03-29,4.543,4.537,4.624,4.479,2254.0,600843,-0.01881,-0.08232,-0.10847,-0.45639,-0.48202,-0.20834,4.7344,5.00886,6.59856,7.55699,7.23979
1996-04-01,4.711,4.636,4.81,4.595,3591.0,600843,0.02182,-0.06002,-0.11034,-0.44379,-0.47005,-0.20928,4.6752,4.98148,6.5389,7.52356,7.2348
1996-04-02,4.63,4.641,4.711,4.624,1137.2,600843,0.00108,-0.04092,-0.19231,-0.43963,-0.45757,-0.24364,4.6356,4.92886,6.48018,7.49173,7.22872
1996-04-03,4.467,4.595,4.67,4.467,778.0,600843,-0.00991,-0.03059,-0.14224,-0.44444,-0.46977,-0.24561,4.6066,4.89257,6.42089,7.45863,7.22264
1996-04-04,4.647,4.612,4.67,4.5889999999999995,754.0,600843,0.0037,-0.0026,-0.08854,-0.43879,-0.46058,-0.21631,4.6042,4.87124,6.36273,7.42662,7.21747
1996-04-05,4.537,4.775,4.828,4.537,2182.39,600843,0.03534,0.05246,-0.07551,-0.41195,-0.43691,-0.19409,4.6518,4.85267,6.30877,7.3965,7.21279
1996-04-08,4.8389999999999995,4.833,4.915,4.74,4182.63,600843,0.01215,0.04249,-0.05789,-0.40178,-0.42967,-0.17876,4.6912,4.83852,6.25642,7.36689,7.20852
1996-04-09,4.816,4.775,4.816,4.746,1312.0,600843,-0.012,0.02887,-0.06059,-0.4038,-0.43771,-0.18068,4.718,4.82386,6.20426,7.33667,7.20424
1996-04-10,4.746,4.746,4.798,4.723,1401.5,600843,-0.00607,0.03286,-0.04334,-0.39909,-0.44152,-0.16282,4.7482,4.81362,6.15342,7.30617,7.20048
1996-04-11,4.734,4.723,4.769,4.711,1435.0,600843,-0.00485,0.02407,-0.05027,-0.39402,-0.44383,-0.16936,4.7704,4.80171,6.10389,7.27553,7.19657
1996-04-12,4.74,4.74,4.816,4.74,1796.3,600843,0.0036,-0.00733,-0.04685,-0.38957,-0.43912,-0.15613,4.7634,4.79062,6.0551,7.24536,7.193
1996-04-15,4.769,4.763999999999999,4.833,4.746,1227.0,600843,0.00506,-0.01428,-0.03855,-0.39772,-0.43434,-0.16038,4.7496,4.78152,6.00435,7.21562,7.1893
1996-04-16,4.769,4.822,4.828,4.769,1172.0,600843,0.01217,0.00984,-0.0327,-0.38408,-0.42942,-0.13723,4.759,4.77376,5.95585,7.18611,7.18619
1996-04-17,4.857,5.008,5.107,4.857,7447.11,600843,0.03857,0.0552,0.0024,-0.36033,-0.40203,-0.08995,4.8114,4.77433,5.91035,7.15874,7.18417
1996-04-18,4.99,5.06,5.066,4.973,2948.63,600843,0.01038,0.07135,0.01281,-0.35558,-0.39712,-0.08333,4.8788,4.77738,5.86532,7.13164,7.1823
1996-04-19,5.06,5.176,5.211,5.06,6707.0,600843,0.02292,0.09198,0.03957,-0.33135,-0.38666,-0.10139,4.966,4.78676,5.82395,7.10511,7.17993
1996-04-22,5.263999999999999,4.979,5.263999999999999,4.979,7070.0,600843,-0.03806,0.04513,0.00708,-0.35879,-0.41084,-0.11626,5.009,4.78843,5.77902,7.07689,7.17727
1996-04-23,4.944,5.053999999999999,5.053999999999999,4.944,3524.56,600843,0.01506,0.04811,0.02474,-0.34913,-0.40401,-0.07113,5.0554,4.79424,5.73529,7.04903,7.1757
1996-04-24,5.113,5.45,5.456,5.113,15798.0,600843,0.07835,0.08826,0.12627,-0.2955,-0.35511,-0.00963,5.1438,4.82333,5.69842,7.02463,7.17548
1996-04-25,5.525,5.438,5.892,5.322,16478.5,600843,-0.0022,0.0747,0.14726,-0.29805,-0.35523,0.01873,5.2194,4.85657,5.66118,7.00028,7.17589
1996-04-26,5.409,5.933,5.9910000000000005,5.409,22769.71,600843,0.09103,0.14625,0.28309,-0.22717,-0.3098,0.19593,5.3708,4.9189,5.63305,6.97863,7.17984
1996-04-29,5.933,5.792999999999999,6.107,5.531000000000001,11296.81,600843,-0.0236,0.16349,0.27683,-0.22791,-0.32608,0.1663,5.5336,4.97871,5.60547,6.95584,7.1832
1996-04-30,5.816,5.229,5.816,4.845,9634.0,600843,-0.09736,0.03463,0.12791,-0.30419,-0.42367,0.05275,5.5686,5.00695,5.5686,6.92459,7.18426
1996-05-02,5.595,4.891,5.7,4.891,5433.0,600843,-0.06464,-0.10257,0.05387,-0.3456,-0.46164,0.00908,5.4568,5.01886,5.52694,6.89049,7.18444
1996-05-03,4.944,4.833,5.043,4.822,3058.57,600843,-0.01186,-0.11125,0.0518,-0.34777,-0.46354,-0.00289,5.3358,5.03019,5.48537,6.85654,7.18438
1996-05-06,4.874,4.886,4.944,4.8389999999999995,2734.4,600843,0.01097,-0.17647,0.05941,-0.34469,-0.45377,0.01034,5.1264,5.04324,5.44392,6.82354,7.18459
1996-05-07,4.857,4.822,4.944,4.816,1577.0,600843,-0.0131,-0.16762,0.00984,-0.36225,-0.45422,-0.0325,4.9322,5.04548,5.39974,6.79091,7.18393
1996-05-08,4.769,4.6819999999999995,4.798,4.647,1740.0,600843,-0.02903,-0.10461,-0.03124,-0.37987,-0.47006,-0.0551,4.8228,5.03829,5.35348,6.75715,7.18282
1996-05-09,4.6819999999999995,4.717,4.798,4.6819999999999995,1216.0,600843,0.00748,-0.03558,-0.01215,-0.37182,-0.46398,-0.05698,4.788,5.03552,5.30845,6.72395,7.18166
1996-05-10,4.758,4.711,4.769,4.6819999999999995,1274.0,600843,-0.00127,-0.02524,-0.00737,-0.37841,-0.46502,-0.1196,4.7636,5.03386,5.26219,6.69066,7.17906
1996-05-13,4.944,4.798,5.095,4.758,627.0,600843,0.01847,-0.01801,0.01588,-0.38162,-0.45514,-0.1206,4.746,5.03743,5.21444,6.65807,7.17638
1996-05-14,4.769,4.787,4.886,4.769,1185.0,600843,-0.00229,-0.00726,0.00992,-0.42039,-0.45422,-0.10823,4.739,5.03967,5.15844,6.62568,7.17402
1996-05-15,4.816,4.781000000000001,4.874,4.711,966.0,600843,-0.00125,0.02114,0.00357,-0.4531,-0.44459,-0.12082,4.7588,5.04048,5.09455,6.59457,7.17135
1996-05-16,4.944,4.857,4.944,4.798,2816.0,600843,0.0159,0.02968,0.00726,-0.38371,-0.43193,-0.30525,4.7868,5.04214,5.04577,6.56454,7.16267
1996-05-17,4.862,5.037,5.053999999999999,4.769,1673.9,600843,0.03706,0.0692,0.00579,-0.29592,-0.41088,-0.36321,4.852,5.04352,5.01163,6.53598,7.151
1996-05-20,5.0889999999999995,4.798,5.0889999999999995,4.798,4001.0,600843,-0.04745,0.0,-0.05178,-0.21665,-0.435,-0.42269,4.852,5.03105,4.99023,6.50595,7.13672
1996-05-21,4.833,4.665,4.95,4.6530000000000005,2493.0,600843,-0.02772,-0.02549,-0.09872,-0.17826,-0.45253,-0.30858,4.8276,5.00671,4.9739,6.4746,7.12825
1996-05-22,4.705,4.7,4.746,4.6530000000000005,1519.0,600843,0.0075,-0.01694,-0.05604,-0.15024,-0.45029,-0.27848,4.8114,4.99343,4.9605,6.4433,7.12088
1996-05-23,4.6530000000000005,4.479,4.6530000000000005,4.467,1045.4,600843,-0.04702,-0.07783,-0.11377,-0.1565,-0.47614,-0.28359,4.7358,4.96605,4.9471,6.4102,7.11367
1996-05-24,4.479,4.473,4.577,4.385,1020.0,600843,-0.00134,-0.11197,-0.17927,-0.13398,-0.46706,-0.32544,4.623,4.91952,4.93594,6.37833,7.1049
1996-05-27,4.362,4.4030000000000005,4.641,4.303999999999999,480.0,600843,-0.01565,-0.08233,-0.19033,-0.12881,-0.47795,-0.30618,4.544,4.87024,4.92544,6.34556,7.097
1996-05-29,4.42,4.508,4.508,4.42,700.0,600843,0.02385,-0.03365,-0.24018,-0.11417,-0.46915,-0.31406,4.5126,4.80238,4.91606,6.31317,7.08861
1996-05-30,4.508,4.333,4.537,4.252,845.0,600843,-0.03882,-0.07809,-0.25203,-0.16849,-0.48195,-0.34129,4.4392,4.73286,4.9019,6.2804,7.07948
1996-05-31,4.275,4.362,4.42,4.275,721.65,600843,0.00669,-0.02612,-0.16581,-0.24086,-0.48458,-0.34158,4.4158,4.69157,4.87958,6.24706,7.07028
1996-06-03,4.461,4.275,4.461,4.275,1218.0,600843,-0.01994,-0.04427,-0.12595,-0.20198,-0.4924,-0.36965,4.3762,4.66224,4.86213,6.21334,7.06009
1996-06-04,4.275,4.217,4.292,4.118,1446.0,600843,-0.01357,-0.04224,-0.12746,-0.1666,-0.49473,-0.34386,4.339,4.6329,4.84853,6.17977,7.05111
1996-06-05,4.217,4.537,4.537,4.164,2414.0,600843,0.07588,0.00643,-0.07143,-0.12159,-0.4541,-0.32172,4.3448,4.61629,4.8384,6.14909,7.04236
1996-06-06,4.6530000000000005,4.769,4.769,4.292,5739.28,600843,0.05114,0.10062,-0.01099,-0.07037,-0.42584,-0.30924,4.432,4.61376,4.83258,6.12033,7.03368
1996-06-07,4.74,4.828,4.915,4.711,6610.58,600843,0.01237,0.10683,0.03118,-0.05017,-0.41873,-0.28442,4.5252,4.62071,4.82847,6.09206,7.02588
1996-06-10,4.816,4.769,4.944,4.455,3900.14,600843,-0.01222,0.11556,0.01102,-0.0387,-0.42584,-0.29619,4.624,4.62319,4.82537,6.0633,7.01772
1996-06-11,4.769,4.595,4.787,4.537,1328.0,600843,-0.03649,0.08964,-0.02462,-0.07601,-0.44831,-0.31006,4.6996,4.61767,4.81927,6.03294,7.00933
1996-06-12,4.7,4.479,4.7,4.479,2479.0,600843,-0.02524,-0.01278,-0.06649,-0.09934,-0.46224,-0.32095,4.688,4.60248,4.81131,6.00164,7.00072
1996-06-13,4.42,4.4319999999999995,4.537,4.362,1454.0,600843,-0.01049,-0.07066,-0.07416,-0.10555,-0.46788,-0.33453,4.6206,4.58557,4.80287,5.96996,6.99167
1996-06-14,4.467,4.467,4.537,4.368,2715.63,600843,0.0079,-0.07477,-0.06568,-0.10391,-0.46593,-0.26226,4.5484,4.57062,4.79452,5.93828,6.98521
1996-06-17,4.56,4.316,4.56,4.275,2244.0,600843,-0.0338,-0.09499,-0.11139,-0.13611,-0.48644,-0.28579,4.4578,4.54486,4.78355,5.90504,6.97819
1996-06-18,4.303999999999999,4.362,4.362,4.159,2920.88,600843,0.01066,-0.05071,-0.13401,-0.1269,-0.49255,-0.2618,4.4112,4.51271,4.77332,5.87062,6.9719
1996-06-19,4.368,4.537,4.723,4.368,4889.86,600843,0.04012,0.01295,-0.0544,-0.08877,-0.47293,-0.21991,4.4228,4.50029,4.76619,5.83752,6.9667
1996-06-20,4.595,4.583,4.6530000000000005,4.537,2105.6,600843,0.01014,0.03407,-0.01758,-0.07302,-0.46032,-0.23502,4.453,4.49638,4.76037,5.80574,6.96098
1996-06-21,4.583,4.426,4.595,4.38,908.0,600843,-0.03426,-0.00918,-0.0583,-0.1026,-0.47665,-0.24651,4.4448,4.48333,4.75221,5.77297,6.95509
1996-06-24,4.409,4.479,4.595,4.409,1118.6,600843,0.01197,0.03777,0.0,-0.0744,-0.46519,-0.24507,4.4774,4.48333,4.7464,5.74129,6.94918
1996-06-25,4.362,4.362,4.449,4.246,896.0,600843,-0.02612,0.0,-0.02482,-0.07975,-0.47735,-0.28574,4.4774,4.47805,4.74031,5.7089,6.94209
1996-06-26,4.303999999999999,4.415,4.479,4.303999999999999,683.0,600843,0.01215,-0.02689,0.00273,-0.0452,-0.471,-0.27706,4.453,4.47862,4.73694,5.67694,6.93521
1996-06-27,4.449,4.327,4.479,4.316,1450.5,600843,-0.01993,-0.05586,-0.04015,-0.04629,-0.48086,-0.28051,4.4018,4.47,4.73355,5.64436,6.92835
1996-06-28,4.362,4.362,4.455,4.333,997.0,600843,0.00809,-0.01446,0.00669,-0.0591,-0.47332,-0.27614,4.389,4.47138,4.72913,5.61249,6.92159
1996-07-01,4.31,4.17,4.316,4.159,892.0,600843,-0.04402,-0.06899,-0.04402,-0.10149,-0.49583,-0.29845,4.3272,4.46224,4.72153,5.57915,6.91438
1996-07-02,4.0889999999999995,4.135,4.1819999999999995,4.083,1048.5,600843,-0.00839,-0.05204,-0.03275,-0.10011,-0.49684,-0.28695,4.2818,4.45557,4.71411,5.54595,6.90761
1996-07-03,4.176,4.135,4.176,4.1,1008.88,600843,0.0,-0.06342,-0.01945,-0.10343,-0.49076,-0.29963,4.2258,4.45167,4.70642,5.51355,6.90042
1996-07-04,4.135,3.955,4.135,3.955,1311.58,600843,-0.04353,-0.08597,-0.12828,-0.17173,-0.51046,-0.34105,4.1514,4.42395,4.69319,5.48002,6.8921
1996-07-05,3.839,4.031000000000001,4.1530000000000005,3.786,1840.97,600843,0.01922,-0.07588,-0.15475,-0.16594,-0.49669,-0.33744,4.0852,4.38881,4.68026,5.44768,6.88376
1996-07-08,4.031000000000001,3.909,4.031000000000001,3.8560000000000003,1152.22,600843,-0.03027,-0.06259,-0.19035,-0.18136,-0.50506,-0.38451,4.033,4.34505,4.66629,5.41525,6.87383
1996-07-09,3.897,3.792,3.955,3.7569999999999997,2357.0,600843,-0.02993,-0.08295,-0.20486,-0.20101,-0.51347,-0.40189,3.9644,4.29852,4.6509,5.38272,6.86347
1996-07-10,3.792,3.839,3.897,3.792,1530.99,600843,0.01239,-0.07158,-0.16453,-0.18717,-0.5056,-0.37322,3.9052,4.26252,4.63665,5.3508,6.85418
1996-07-11,3.9139999999999997,3.8680000000000003,3.955,3.839,1761.91,600843,0.00755,-0.022,-0.13641,-0.18397,-0.511,-0.38368,3.8878,4.23343,4.62258,5.31793,6.84439
1996-07-12,3.885,3.781,3.955,3.734,1126.0,600843,-0.02249,-0.06202,-0.14689,-0.20634,-0.51705,-0.39417,3.8378,4.20243,4.60673,5.28502,6.83439
1996-07-15,3.833,3.722,3.839,3.722,1195.5,600843,-0.0156,-0.04784,-0.16678,-0.22812,-0.52459,-0.39173,3.8004,4.16695,4.58898,5.25163,6.82465
1996-07-16,3.722,3.897,3.897,3.722,1233.22,600843,0.04702,0.02769,-0.09708,-0.22185,-0.50369,-0.41231,3.8214,4.147,4.57106,5.21948,6.81353
1996-07-17,3.955,4.025,4.118,3.955,2969.9,600843,0.03285,0.04845,-0.07726,-0.20455,-0.48004,-0.37539,3.8586,4.13095,4.55437,5.18927,6.8037
1996-07-18,3.955,4.042,4.077,3.955,1329.9,600843,0.00422,0.04498,-0.1091,-0.21909,-0.47946,-0.37392,3.8934,4.10738,4.53608,5.159,6.79389
1996-07-19,4.071000000000001,4.42,4.479,4.071000000000001,4473.57,600843,0.09352,0.169,-0.03557,-0.11227,-0.43078,-0.36136,4.0212,4.09962,4.52706,5.1318,6.78372
1996-07-22,4.479,4.537,4.6530000000000005,4.473,9288.0,600843,0.02647,0.21897,0.02508,-0.1023,-0.41352,-0.33892,4.1842,4.1049,4.51873,5.1058,6.77426
1996-07-23,4.6530000000000005,4.362,4.6530000000000005,4.303999999999999,3083.0,600843,-0.03857,0.11932,-0.02612,-0.19963,-0.43694,-0.37552,4.2772,4.09933,4.50118,5.07828,6.7636
1996-07-24,4.362,4.322,4.391,4.234,1893.0,600843,-0.00917,0.07379,-0.00917,-0.20522,-0.43702,-0.42929,4.3366,4.09743,4.48318,5.051,6.75039
1996-07-25,4.351,4.223,4.42,4.223,1601.0,600843,-0.02291,0.04478,-0.04349,-0.28822,-0.43716,-0.42372,4.3728,4.08829,4.4556,5.02433,6.73776
1996-07-26,4.223,4.234,4.356,4.188,2012.0,600843,0.0026,-0.04208,-0.02149,-0.26912,-0.43659,-0.4335,4.3356,4.08386,4.43045,4.99766,6.72459
1996-07-29,4.303999999999999,4.246,4.345,4.176,1044.0,600843,0.00283,-0.06414,-0.02659,-0.18799,-0.4319,-0.41175,4.2774,4.07833,4.4146,4.97141,6.71251
1996-07-30,4.246,4.199,4.303999999999999,4.176,1297.0,600843,-0.01107,-0.03737,0.00695,-0.14148,-0.43333,-0.40389,4.2448,4.07971,4.40344,4.94531,6.70095
1996-07-31,4.199,4.135,4.217,4.071000000000001,633.0,600843,-0.01524,-0.04327,0.0,-0.14442,-0.44541,-0.43216,4.2074,4.07971,4.39218,4.91831,6.68815
1996-08-01,4.013,4.188,4.275,4.013,1466.28,600843,0.01282,-0.00829,0.01282,-0.14286,-0.44611,-0.4,4.2004,4.08224,4.38092,4.89089,6.6768
1996-08-02,4.199,4.1530000000000005,4.234,4.1,935.0,600843,-0.00836,-0.01913,0.05006,-0.13874,-0.44993,-0.40992,4.1842,4.09167,4.37013,4.86327,6.66508
1996-08-05,4.275,4.24,4.275,4.159,1000.0,600843,0.02095,-0.00141,0.05185,-0.0944,-0.43534,-0.40972,4.183,4.10162,4.363,4.83669,6.65311
1996-08-06,4.24,4.24,4.246,4.188,1226.5,600843,0.0,0.00976,0.08468,-0.10112,-0.44056,-0.41678,4.1912,4.11738,4.35531,4.80954,6.6408
1996-08-07,4.281000000000001,4.223,4.281000000000001,4.199,1756.5,600843,-0.00401,0.02128,0.11366,-0.10359,-0.45573,-0.42285,4.2088,4.1379,4.34744,4.7808,6.62822
1996-08-08,4.217,4.513,4.537,4.141,8338.73,600843,0.06867,0.0776,0.17557,-0.0594,-0.45357,-0.38414,4.2738,4.17,4.34284,4.75034,6.61678
1996-08-09,4.479,4.6530000000000005,4.798,4.438,15876.8,600843,0.03102,0.12039,0.20295,-0.02799,-0.46774,-0.36504,4.3738,4.20738,4.34068,4.7171,6.6059
1996-08-12,4.7,4.676,4.763999999999999,4.624,6383.05,600843,0.00494,0.10283,0.23671,-0.02196,-0.40667,-0.37243,4.461,4.25,4.33898,4.69104,6.59462
1996-08-13,4.6819999999999995,4.496,4.6819999999999995,4.496,3289.0,600843,-0.03849,0.06038,0.20795,-0.07433,-0.37154,-0.46692,4.5122,4.28686,4.33316,4.66943,6.57861
1996-08-14,4.479,4.362,4.479,4.333,1684.0,600843,-0.0298,0.03291,0.11932,-0.13401,-0.28784,-0.51208,4.54,4.309,4.32227,4.6551,6.56
1996-08-15,4.303999999999999,4.292,4.351,4.292,1602.0,600843,-0.01605,-0.04897,0.06634,-0.10546,-0.24397,-0.49801,4.4958,4.32171,4.31411,4.64384,6.5427
1996-08-16,4.292,4.252,4.292,4.176,1592.0,600843,-0.00932,-0.08618,0.05195,-0.08853,-0.23124,-0.52375,4.4156,4.33171,4.30745,4.63344,6.52369
1996-08-19,4.252,4.13,4.252,4.118,1327.0,600843,-0.02869,-0.11677,-0.06561,-0.12128,-0.22222,-0.53891,4.3064,4.3179,4.29826,4.62385,6.50407
1996-08-20,4.13,4.1,4.211,4.071000000000001,1478.0,600843,-0.00726,-0.08808,-0.09632,-0.08462,-0.2062,-0.53777,4.2272,4.2971,4.29215,4.61519,6.48467
1996-08-21,4.077,4.1,4.176,4.071000000000001,1198.0,600843,0.0,-0.06006,-0.06006,-0.08339,-0.18876,-0.53714,4.1748,4.28462,4.28613,4.60743,6.46533
1996-08-22,4.188,4.0889999999999995,4.188,4.071000000000001,853.28,600843,-0.00268,-0.0473,-0.05391,-0.07132,-0.1965,-0.54051,4.1342,4.27352,4.28106,4.5993,6.44578
1996-08-23,3.781,4.066,4.083,3.49,2074.09,600843,-0.00562,-0.04374,-0.03718,-0.09805,-0.21973,-0.5416,4.097,4.26605,4.27394,4.58999,6.42625
1996-08-26,3.781,3.752,3.955,3.699,685.0,600843,-0.07723,-0.09153,-0.11384,-0.13409,-0.34702,-0.57561,4.0214,4.2431,4.26456,4.57378,6.40557
1996-08-27,3.722,3.728,3.781,3.7110000000000003,831.0,600843,-0.0064,-0.09073,-0.122,-0.14535,-0.30409,-0.57125,3.947,4.21843,4.25434,4.56054,6.38537
1996-08-28,3.722,3.699,3.722,3.653,1504.0,600843,-0.00778,-0.0978,-0.11908,-0.13474,-0.26897,-0.57028,3.8668,4.19462,4.24505,4.54947,6.36542
1996-08-29,3.722,3.641,3.722,3.6060000000000003,930.0,600843,-0.01568,-0.10956,-0.11947,-0.13659,-0.29506,-0.57529,3.7772,4.1711,4.23576,4.53708,6.34537
1996-08-30,3.56,3.7110000000000003,3.781,3.56,1026.02,600843,0.01923,-0.08731,-0.1139,-0.18206,-0.27661,-0.56743,3.7062,4.14838,4.22244,4.52554,6.32558
1996-09-02,3.728,3.6639999999999997,3.728,3.635,1359.0,600843,-0.01267,-0.02345,-0.11775,-0.2317,-0.27917,-0.57176,3.6886,4.1251,4.20461,4.51401,6.3057
1996-09-03,3.635,3.688,3.752,3.635,1179.32,600843,0.00655,-0.01073,-0.13019,-0.23612,-0.2566,-0.62593,3.6806,4.09881,4.18623,4.50366,6.28061
1996-09-04,3.693,3.693,3.7110000000000003,3.594,776.0,600843,0.00136,-0.00162,-0.12901,-0.22562,-0.25739,-0.61306,3.6794,4.07276,4.16887,4.49325,6.25683
1996-09-05,3.722,3.7110000000000003,3.839,3.7110000000000003,2126.0,600843,0.00487,0.01923,-0.12124,-0.19238,-0.25377,-0.62905,3.6934,4.04838,4.15461,4.48299,6.23124
1996-09-06,3.67,3.653,3.722,3.6180000000000003,719.0,600843,-0.01563,-0.01563,-0.19056,-0.18442,-0.26276,-0.63652,3.6818,4.00743,4.14129,4.47241,6.20524
1996-09-09,3.647,3.536,3.647,3.5069999999999997,1009.0,600843,-0.03203,-0.03493,-0.24006,-0.20217,-0.29067,-0.63155,3.6562,3.95424,4.12684,4.46063,6.1806
1996-09-10,3.548,3.49,3.6180000000000003,3.478,1267.34,600843,-0.01301,-0.05369,-0.25364,-0.21872,-0.30144,-0.65908,3.6166,3.89776,4.11108,4.44838,6.15317
1996-09-11,3.49,3.49,3.548,3.437,1025.0,600843,0.0,-0.05497,-0.22375,-0.19138,-0.30144,-0.6629,3.576,3.84986,4.09776,4.43614,6.12528
1996-09-12,3.594,3.484,3.612,3.478,1129.0,600843,-0.00172,-0.06117,-0.20128,-0.20128,-0.30026,-0.64971,3.5306,3.80805,4.0836,4.42398,6.09901
1996-09-13,3.49,3.577,3.577,3.49,577.5,600843,0.02669,-0.0208,-0.16659,-0.21159,-0.2765,-0.62705,3.5154,3.774,4.06811,4.41287,6.07456
1996-09-16,3.6060000000000003,3.478,3.6060000000000003,3.467,509.0,600843,-0.02768,-0.0164,-0.18203,-0.24111,-0.29481,-0.63447,3.5038,3.73714,4.05029,4.40105,6.05002
1996-09-17,3.5189999999999997,3.467,3.5189999999999997,3.455,443.0,600843,-0.00316,-0.00659,-0.16053,-0.21667,-0.28353,-0.62975,3.4992,3.70557,4.03482,4.38989,6.02605
1996-09-18,3.472,3.437,3.56,3.432,513.0,600843,-0.00865,-0.01519,-0.16171,-0.23264,-0.27489,-0.62338,3.4886,3.674,4.01802,4.3793,6.00292
1996-09-19,3.443,3.42,3.443,3.373,466.0,600843,-0.00495,-0.01837,-0.16585,-0.21596,-0.26038,-0.61818,3.4758,3.64162,4.00282,4.36951,5.98041
1996-09-20,3.478,3.5010000000000003,3.536,3.42,674.7,600843,0.02368,-0.02125,-0.1438,-0.20702,-0.22834,-0.6003,3.4606,3.61362,3.98808,4.36109,5.95904
1996-09-23,3.5069999999999997,3.6,3.6,3.5069999999999997,1945.8,600843,0.02828,0.03508,-0.11461,-0.16801,-0.22347,-0.58848,3.485,3.59143,3.97635,4.35267,5.93811
1996-09-24,3.653,3.647,3.722,3.6060000000000003,2078.0,600843,0.01306,0.05192,-0.02799,-0.16392,-0.21418,-0.57375,3.521,3.58643,3.96482,4.34459,5.91816
1996-09-25,3.658,3.5010000000000003,3.67,3.4960000000000004,542.0,600843,-0.04003,0.01862,-0.06089,-0.16043,-0.23808,-0.59601,3.5338,3.57562,3.95403,4.33569,5.89716
1996-09-26,3.548,3.548,3.577,3.49,719.7,600843,0.01342,0.03743,-0.04082,-0.14196,-0.2307,-0.58503,3.5594,3.56843,3.94456,4.32704,5.87683
1996-09-27,3.6060000000000003,3.577,3.6060000000000003,3.49,1548.0,600843,0.00817,0.02171,-0.01758,-0.13495,-0.25089,-0.57818,3.5746,3.56538,3.93556,4.3173,5.8569
1996-10-03,3.693,3.641,3.7110000000000003,3.594,2016.2,600843,0.01789,0.01139,-0.01886,-0.07939,-0.24664,-0.57033,3.5828,3.56205,3.9305,4.30761,5.83725
1996-10-04,3.6639999999999997,3.6180000000000003,3.6639999999999997,3.594,841.0,600843,-0.00632,-0.00795,-0.01255,-0.10246,-0.2423,-0.57395,3.577,3.55986,3.92384,4.2982,5.81744
1996-10-07,3.6639999999999997,3.722,3.722,3.6180000000000003,1493.5,600843,0.02875,0.06312,0.00922,-0.04784,-0.21576,-0.56201,3.6212,3.56148,3.92082,4.28988,5.79802
1996-10-08,3.693,3.74,3.752,3.693,1396.0,600843,0.00484,0.05411,0.01273,-0.01371,-0.20813,-0.55959,3.6596,3.56371,3.91998,4.28189,5.77871
1996-10-09,3.7569999999999997,3.594,3.763,3.571,1288.0,600843,-0.03904,0.00475,-0.03153,-0.06382,-0.24177,-0.57472,3.663,3.55814,3.91603,4.27257,5.75896
1996-10-10,3.705,3.81,3.885,3.6639999999999997,2783.2,600843,0.0601,0.04642,0.04298,-0.01499,-0.20025,-0.54761,3.6968,3.56562,3.9151,4.26481,5.74022
1996-10-11,3.903,3.781,3.926,3.734,2405.7,600843,-0.00761,0.04505,0.06929,0.0,-0.21589,-0.5526,3.7294,3.57729,3.9151,4.25635,5.72123
1996-10-14,3.8739999999999997,4.013,4.06,3.827,4739.19,600843,0.06136,0.07818,0.14986,0.07818,-0.19868,-0.52084,3.7876,3.60219,3.91979,4.24826,5.7035
1996-10-15,4.019,3.955,4.06,3.926,2449.0,600843,-0.01445,0.05749,0.13324,0.01488,-0.21838,-0.52877,3.8306,3.62433,3.92073,4.23928,5.68546
1996-10-16,3.984,3.839,4.025,3.786,2267.0,600843,-0.02933,0.06817,0.10189,-0.04621,-0.25831,-0.54509,3.8796,3.64124,3.91773,4.22841,5.66676
1996-10-17,3.7689999999999997,3.8739999999999997,3.885,3.7689999999999997,2216.25,600843,0.00912,0.0168,0.08303,-0.04156,-0.22193,-0.54159,3.8924,3.65538,3.91502,4.21942,5.64815
1996-10-18,3.8739999999999997,3.92,4.013,3.8680000000000003,3241.5,600843,0.01187,0.03676,0.12708,-0.11312,-0.22438,-0.53774,3.9202,3.67643,3.90695,4.2102,5.62962
1996-10-21,3.897,3.984,4.007,3.897,1897.55,600843,0.01633,-0.00723,0.14912,-0.12189,-0.26899,-0.52858,3.9144,3.70105,3.89803,4.19828,5.61146
1996-10-22,4.031000000000001,4.0889999999999995,4.217,3.9139999999999997,4165.34,600843,0.02636,0.03388,0.1897,-0.06259,-0.24807,-0.51518,3.9412,3.7321,3.89363,4.18732,5.5938
1996-10-23,4.1,4.333,4.351,4.1,7698.15,600843,0.05967,0.12868,0.26696,0.00255,-0.26968,-0.49593,4.04,3.77557,3.89381,4.17431,5.57647
1996-10-24,4.362,4.409,4.566,4.333,6500.9,600843,0.01754,0.1381,0.25935,0.04404,-0.23891,-0.48709,4.147,3.81881,3.89681,4.16306,5.55945
1996-10-25,4.333,4.449,4.572,4.1530000000000005,8179.14,600843,0.00907,0.13495,0.23583,0.05078,-0.14917,-0.50964,4.2528,3.85924,3.90027,4.15672,5.54065
1996-10-28,4.368,4.553999999999999,4.572,4.368,6576.0,600843,0.0236,0.14307,0.2487,0.07254,-0.0689,-0.49873,4.3668,3.90243,3.90524,4.15398,5.52223
1996-10-29,4.595,4.42,4.641,4.303999999999999,4353.66,600843,-0.02942,0.08095,0.2625,0.05263,-0.08545,-0.50938,4.433,3.94619,3.90881,4.15062,5.50358
1996-10-30,4.385,4.0889999999999995,4.391,4.042,3879.01,600843,-0.07489,-0.05631,0.15248,-0.01112,-0.16312,-0.54287,4.3842,3.97195,3.90806,4.14414,5.48384
1996-10-31,4.066,4.06,4.159,3.909,1863.5,600843,-0.00709,-0.07916,0.13503,-0.03056,-0.15803,-0.54046,4.3144,3.99495,3.906,4.13794,5.46443
1996-11-01,3.967,3.8739999999999997,4.013,3.792,2515.95,600843,-0.04581,-0.12924,0.06399,-0.06718,-0.17258,-0.56152,4.1994,4.00605,3.9015,4.13137,5.44426
1996-11-04,3.827,3.897,3.926,3.781,1150.7,600843,0.00594,-0.14427,0.07711,-0.0809,-0.17384,-0.55716,4.068,4.01933,3.89597,4.12471,5.42433
1996-11-05,3.955,3.845,3.955,3.792,858.0,600843,-0.01334,-0.13009,0.03305,-0.09316,-0.18383,-0.56337,3.953,4.02519,3.8896,4.11767,5.40416
1996-11-06,3.821,3.728,3.821,3.717,907.4,600843,-0.03043,-0.08829,-0.00321,-0.11722,-0.22301,-0.57665,3.8808,4.02462,3.88161,4.10897,5.38352
1996-11-07,3.763,3.804,3.839,3.722,837.0,600843,0.02039,-0.06305,0.05843,-0.1571,-0.20535,-0.5663,3.8296,4.03462,3.87018,4.10098,5.36333
1996-11-08,3.804,3.752,3.81,3.717,605.0,600843,-0.01367,-0.03149,-0.01522,-0.19364,-0.21523,-0.56413,3.8052,4.03186,3.85565,4.09261,5.34359
1996-11-11,3.752,3.815,3.827,3.752,760.0,600843,0.01679,-0.02104,0.00899,-0.18413,-0.21454,-0.5538,3.7888,4.03348,3.84176,4.08414,5.32434
1996-11-12,4.025,3.926,4.025,3.798,1471.0,600843,0.0291,0.02107,-0.02168,-0.12678,-0.22057,-0.54082,3.805,4.02933,3.83256,4.07511,5.30554
1996-11-13,3.949,3.891,3.949,3.839,601.0,600843,-0.00891,0.04372,-0.01618,-0.10798,-0.18904,-0.5418,3.8376,4.02629,3.82497,4.06773,5.28684
1996-11-14,3.839,3.903,3.903,3.839,1772.0,600843,0.00308,0.02603,0.01667,-0.09063,-0.16334,-0.54196,3.8574,4.02933,3.81869,4.06154,5.26807
1996-11-15,3.955,3.885,3.955,3.862,743.0,600843,-0.00461,0.03545,0.00284,-0.08631,-0.1734,-0.54561,3.884,4.02986,3.81277,4.05491,5.24911
1996-11-18,3.839,4.0889999999999995,4.1,3.635,1808.0,600843,0.05251,0.07182,0.04311,-0.00993,-0.08707,-0.52175,3.9388,4.0379,3.81211,4.05174,5.23097
1996-11-19,4.13,4.176,4.269,4.13,3502.45,600843,0.02128,0.06368,0.04819,0.01854,-0.0664,-0.50244,3.9888,4.04705,3.81334,4.04933,5.21383
1996-11-20,4.176,4.13,4.176,4.071000000000001,2070.5,600843,-0.01102,0.06142,0.01003,0.00732,-0.062,-0.51032,4.0366,4.049,3.81382,4.04711,5.19633
1996-11-21,4.0889999999999995,3.821,4.176,3.81,1345.0,600843,-0.07482,-0.02101,-0.11816,-0.06554,-0.1524,-0.55005,4.0202,4.02462,3.8095,4.04152,5.17735
1996-11-22,3.781,3.798,3.798,3.693,1507.35,600843,-0.00602,-0.02239,-0.13858,-0.06591,-0.12347,-0.54591,4.0028,3.99552,3.80518,4.03717,5.15878
1996-11-25,3.81,3.926,3.926,3.781,1160.92,600843,0.0337,-0.03986,-0.11755,0.04638,-0.09995,-0.5361,3.9702,3.97062,3.80798,4.03363,5.14034
1996-11-26,3.955,3.885,3.955,3.845,1520.45,600843,-0.01044,-0.06968,-0.1469,0.04211,-0.09123,-0.53871,3.912,3.93876,3.81052,4.03046,5.1219
1996-11-27,4.176,4.0889999999999995,4.205,3.984,3654.0,600843,0.05251,-0.00993,-0.07489,0.10543,-0.03035,-0.51006,3.9038,3.923,3.81681,4.02941,5.10459
1996-11-28,4.118,4.083,4.13,4.002,2761.81,600843,-0.00147,0.06857,-0.00147,0.1214,-0.10007,-0.50872,3.9562,3.92271,3.82394,4.02572,5.08741
1996-11-29,4.071000000000001,4.228,4.252,4.071000000000001,5574.7,600843,0.03551,0.11322,0.04138,0.13932,-0.11344,-0.49097,4.0422,3.93071,3.83227,4.02133,5.07083
1996-12-02,4.374,4.711,4.711,4.298,12283.04,600843,0.11424,0.19995,0.21606,0.28575,-0.02423,-0.43282,4.1992,3.97057,3.84916,4.02037,5.05622
1996-12-03,4.803999999999999,4.798,4.9319999999999995,4.6530000000000005,17552.59,600843,0.01847,0.23501,0.2312,0.30098,0.00608,-0.42235,4.3818,4.01348,3.86706,4.02061,5.04196
1996-12-04,4.6530000000000005,4.886,4.886,4.548,9408.73,600843,0.01834,0.19491,0.27074,0.32304,0.06333,-0.41337,4.5412,4.06305,3.88631,4.02298,5.02796
1996-12-05,4.99,4.973,5.0489999999999995,4.886,10122.08,600843,0.01781,0.21798,0.33396,0.34007,0.11029,-0.40293,4.7192,4.12233,3.90666,4.02699,5.01432
1996-12-06,4.944,5.206,5.223,4.659,17519.11,600843,0.04685,0.23132,0.36856,0.42513,0.17464,-0.37495,4.9148,4.1891,3.93171,4.03328,5.00162
1996-12-09,5.235,5.281000000000001,5.409,5.206,14086.15,600843,0.01441,0.12099,0.40752,0.4935,0.18223,-0.3686,5.0288,4.2619,3.95985,4.0399,4.98909
1996-12-10,5.235,4.99,5.235,4.828,7081.5,600843,-0.0551,0.04002,0.30799,0.4298,0.15616,-0.40624,5.0672,4.31786,3.98405,4.04538,4.97521
1996-12-11,4.8389999999999995,4.979,5.0489999999999995,4.833,5208.2,600843,-0.0022,0.01903,0.26821,0.42665,0.14145,-0.42078,5.0858,4.368,4.00806,4.0504,4.96051
1996-12-12,4.915,4.484,4.95,4.479,5664.0,600843,-0.09942,-0.09833,0.1524,0.28703,-0.01168,-0.47909,4.988,4.39624,4.02419,4.04997,4.94374
1996-12-13,4.455,4.362,4.624,4.362,4111.0,600843,-0.02721,-0.16212,0.1176,0.21946,-0.04822,-0.48634,4.8192,4.4181,4.03685,4.04817,4.92696
1996-12-16,3.926,3.926,4.537,3.926,7718.0,600843,-0.09995,-0.25658,0.01055,0.12881,-0.11297,-0.53577,4.5482,4.42005,4.04408,4.04411,4.90854
1996-12-17,3.548,3.536,3.926,3.536,3824.0,600843,-0.09934,-0.29138,-0.13524,0.0199,-0.21054,-0.57779,4.2574,4.39371,4.04519,4.03644,4.88887
1996-12-18,3.548,3.775,3.804,3.4610000000000003,6005.58,600843,0.06759,-0.24182,-0.09602,0.09834,-0.13457,-0.54769,4.0166,4.37462,4.05065,4.03167,4.87028
1996-12-19,3.775,3.403,3.775,3.397,3869.0,600843,-0.09854,-0.24108,-0.17603,-0.00497,-0.22922,-0.59226,3.8004,4.34,4.05037,4.02344,4.85019
1996-12-20,3.432,3.24,3.4610000000000003,3.1289999999999996,3795.12,600843,-0.0479,-0.25722,-0.15205,-0.07455,-0.25121,-0.61128,3.576,4.31233,4.04616,4.0146,4.82948
1996-12-23,3.2569999999999997,3.292,3.344,3.2460000000000004,1597.0,600843,0.01605,-0.16149,-0.13323,-0.08556,-0.2453,-0.60251,3.4492,4.28824,4.04119,4.0059,4.8092
1996-12-24,3.321,3.205,3.344,3.17,2872.0,600843,-0.02643,-0.09361,-0.18365,-0.1212,-0.23141,-0.6125,3.383,4.2539,4.03406,3.99806,4.7886
1996-12-25,3.2110000000000003,3.2569999999999997,3.298,3.187,2547.9,600843,0.01622,-0.13722,-0.16165,-0.06969,-0.21233,-0.60367,3.2794,4.224,4.03013,3.99092,4.76843
1996-12-26,3.2569999999999997,3.3789999999999996,3.397,3.2460000000000004,1371.75,600843,0.03746,-0.00705,-0.17364,-0.04763,-0.18283,-0.58387,3.2746,4.19019,4.0274,3.98477,4.74916
1996-12-27,3.3789999999999996,3.3680000000000003,3.3789999999999996,3.28,1648.0,600843,-0.00326,0.03951,-0.17512,-0.05843,-0.14842,-0.58312,3.3002,4.15614,4.02403,3.98,4.73001
1996-12-30,3.49,3.397,3.49,3.373,1765.0,600843,0.00861,0.0319,-0.19655,-0.06701,-0.15728,-0.57585,3.3212,4.11657,4.0201,3.97485,4.71126
1996-12-31,3.472,3.315,3.472,3.304,2364.62,600843,-0.02414,0.03432,-0.29633,-0.08375,-0.15196,-0.58027,3.3432,4.0501,4.01521,3.97002,4.69263
1997-01-02,3.315,3.315,3.3560000000000003,3.28,1232.0,600843,0.0,0.01781,-0.30909,-0.10935,-0.12579,-0.57467,3.3548,3.97948,4.00865,3.96614,4.67443
1997-01-03,3.344,3.2460000000000004,3.344,3.228,1513.0,600843,-0.02081,-0.03936,-0.33565,-0.13209,-0.15447,-0.58197,3.3282,3.90138,4.00068,3.96132,4.65606
1997-01-06,3.17,3.205,3.304,3.17,791.0,600843,-0.01263,-0.0484,-0.35552,-0.10824,-0.17141,-0.59482,3.2956,3.81719,3.9944,3.95593,4.63693
1997-01-07,3.205,3.286,3.286,3.205,806.15,600843,0.02527,-0.03268,-0.36881,-0.13753,-0.13092,-0.58028,3.2734,3.72576,3.98595,3.9519,4.61846
1997-01-08,3.2569999999999997,3.275,3.298,3.2569999999999997,667.0,600843,-0.00335,-0.01207,-0.37985,-0.13383,-0.1201,-0.58168,3.2654,3.63024,3.97779,3.94827,4.59995
1997-01-09,3.426,3.292,3.426,3.28,507.0,600843,0.00519,-0.00694,-0.34028,-0.17967,-0.15525,-0.58074,3.2608,3.54938,3.96616,3.94335,4.58141
1997-01-10,3.35,3.339,3.3680000000000003,3.304,792.0,600843,0.01428,0.02865,-0.32938,-0.15575,-0.17043,-0.56866,3.2794,3.47129,3.95623,3.93777,4.56352
1997-01-13,3.373,3.373,3.397,3.333,1498.0,600843,0.01018,0.05242,-0.24777,-0.12139,-0.16551,-0.56561,3.313,3.41838,3.94871,3.93233,4.54567
1997-01-14,3.3789999999999996,3.286,3.3789999999999996,3.2569999999999997,1047.0,600843,-0.02579,0.0,-0.24668,-0.15178,-0.25656,-0.57682,3.313,3.36714,3.93923,3.92311,4.52746
1997-01-15,3.3089999999999997,3.315,3.3560000000000003,3.286,1178.0,600843,0.00883,0.01221,-0.15563,-0.15434,-0.26934,-0.57148,3.321,3.33805,3.92947,3.91318,4.50949
1997-01-16,3.344,3.333,3.362,3.286,870.0,600843,0.00543,0.01245,-0.05741,-0.1634,-0.2359,-0.56977,3.3292,3.32838,3.91897,3.90481,4.49154
1997-01-17,3.344,3.339,3.362,3.286,594.0,600843,0.0018,0.0,-0.1155,-0.18342,-0.22744,-0.56506,3.3292,3.30762,3.90687,3.89682,4.47391
1997-01-20,3.373,3.385,3.4139999999999997,3.327,1879.4,600843,0.01378,0.00356,-0.00529,-0.21879,-0.19844,-0.54885,3.3316,3.30676,3.89158,3.89001,4.45717
1997-01-21,3.373,3.373,3.4139999999999997,3.327,1635.0,600843,-0.00355,0.02648,0.04105,-0.23497,-0.20335,-0.55116,3.349,3.3131,3.87487,3.88301,4.44033
1997-01-22,3.315,3.373,3.385,3.315,778.0,600843,0.0,0.0175,0.02461,-0.24185,-0.20561,-0.5487,3.3606,3.31695,3.85752,3.87591,4.42366
1997-01-23,3.373,3.373,3.403,3.344,1641.0,600843,0.0,0.012,0.05242,-0.25933,-0.19671,-0.5448,3.3686,3.32495,3.83847,3.8692,4.40725
1997-01-24,3.373,3.385,3.391,3.344,780.0,600843,0.00356,0.01378,0.0393,-0.23416,-0.18138,-0.546,3.3778,3.33105,3.82177,3.8631,4.3907
1997-01-27,3.373,3.4139999999999997,3.42,3.373,1859.0,600843,0.00857,0.00857,0.01036,-0.16508,-0.18481,-0.54847,3.3836,3.33271,3.81089,3.8568,4.37385
1997-01-28,3.403,3.443,3.4610000000000003,3.403,1577.9,600843,0.00849,0.02075,0.02227,-0.15197,-0.17096,-0.54397,3.3976,3.33629,3.80094,3.85103,4.35715
1997-01-29,3.432,3.4610000000000003,3.478,3.4139999999999997,1499.01,600843,0.00523,0.02609,0.01884,-0.10661,-0.18373,-0.53909,3.4152,3.33933,3.79427,3.8447,4.3407
1997-01-30,3.4610000000000003,3.536,3.542,3.403,2024.0,600843,0.02167,0.04832,0.06667,-0.09264,-0.16604,-0.53345,3.4478,3.34986,3.78845,3.83898,4.32426
1997-01-31,3.536,3.612,3.6639999999999997,3.5189999999999997,3869.0,600843,0.02149,0.06706,0.08959,-0.0606,-0.14468,-0.53448,3.4932,3.364,3.78469,3.83401,4.3074
1997-02-17,3.6239999999999997,3.7569999999999997,3.7689999999999997,3.612,3429.62,600843,0.04014,0.10047,0.15742,0.00778,-0.16752,-0.5451,3.5618,3.38833,3.78516,3.82786,4.2891
1997-02-18,3.81,3.403,3.839,3.385,5189.0,600843,-0.09422,-0.01162,0.06178,-0.10542,-0.26864,-0.61073,3.5538,3.39776,3.77869,3.8177,4.2674
1997-02-19,3.554,3.734,3.74,3.432,4760.46,600843,0.09727,0.07888,0.13634,-0.0048,-0.20145,-0.5262,3.6084,3.4191,3.7784,3.81004,4.25054
1997-02-20,3.362,4.007,4.106,3.362,14995.56,600843,0.07311,0.1332,0.22351,0.05033,-0.10876,-0.43989,3.7026,3.45395,3.7815,3.80607,4.23775
1997-02-21,3.984,4.159,4.176,3.967,13286.11,600843,0.03793,0.15144,0.26337,0.05935,-0.04654,-0.32098,3.812,3.49524,3.78526,3.80441,4.22976
1997-02-24,4.159,4.013,4.234,3.967,7817.0,600843,-0.0351,0.06814,0.20186,0.03135,-0.065,-0.29311,3.8632,3.52733,3.78723,3.80215,4.22299
1997-02-25,3.984,4.002,4.118,3.926,4056.05,600843,-0.00274,0.17602,0.18648,0.02537,-0.0588,-0.27644,3.983,3.55729,3.78882,3.80011,4.21678
1997-02-26,4.002,4.025,4.025,3.885,2734.02,600843,0.00575,0.07793,0.22489,0.03604,-0.02542,-0.242,4.0412,3.59248,3.79108,3.79926,4.21155
1997-02-27,4.071000000000001,3.955,4.118,3.926,2491.0,600843,-0.01739,-0.01298,0.19306,-0.03277,-0.03537,-0.23427,4.0308,3.62295,3.78892,3.79808,4.20663
1997-02-28,3.955,4.071000000000001,4.083,3.909,2844.96,600843,0.02933,-0.02116,0.22142,-0.02514,-0.00707,-0.1945,4.0132,3.6581,3.78723,3.79785,4.20264
1997-03-03,4.112,4.071000000000001,4.147,4.013,3678.0,600843,0.0,0.01445,0.21923,-0.01429,-0.0044,-0.20004,4.0248,3.69295,3.78627,3.7977,4.1985
1997-03-04,4.071000000000001,4.141,4.159,4.013,5615.73,600843,0.01719,0.03473,0.22334,0.08375,0.01845,-0.20533,4.0526,3.72895,3.79144,3.79831,4.19415
1997-03-05,4.159,4.159,4.333,4.1,7077.0,600843,0.00435,0.03329,0.23303,0.09505,0.10848,-0.27619,4.0794,3.76638,3.79726,3.80162,4.1877
1997-03-06,4.1530000000000005,4.385,4.415,4.1,9650.37,600843,0.05434,0.10872,0.30003,0.11691,0.17623,-0.18144,4.1654,3.81457,3.80466,3.80696,4.18375
1997-03-07,4.385,4.246,4.385,4.194,4565.5,600843,-0.0317,0.04299,0.25882,0.09292,0.14788,-0.16087,4.2004,3.85614,3.81048,3.81141,4.18044
1997-03-10,4.234,4.234,4.269,4.176,2987.14,600843,-0.00283,0.04004,0.25081,0.03546,0.16287,-0.18025,4.233,3.89657,3.81282,3.81623,4.17665
1997-03-11,4.234,4.176,4.234,4.135,2895.04,600843,-0.0137,0.00845,0.2232,0.02278,0.1253,-0.18596,4.24,3.93286,3.81432,3.82001,4.17278
1997-03-12,4.176,4.246,4.246,4.141,3102.96,600843,0.01676,0.02092,0.23323,0.00426,0.15884,-0.16467,4.2574,3.9711,3.81461,3.82474,4.16937
1997-03-13,4.275,4.566,4.67,4.252,17291.13,600843,0.07537,0.04128,0.31927,-0.03078,0.23807,-0.07962,4.2936,4.02371,3.81227,3.83188,4.16777
1997-03-14,4.42,4.362,4.595,4.223,7524.44,600843,-0.04468,0.02732,0.2336,-0.09087,0.18115,-0.12286,4.3168,4.06305,3.80524,3.83732,4.16528
1997-03-17,4.356,4.385,4.467,4.333,5825.7,600843,0.00527,0.03566,0.21401,-0.10254,0.18162,-0.11824,4.347,4.09986,3.79716,3.8428,4.16289
1997-03-18,4.362,4.303999999999999,4.362,4.217,4037.8,600843,-0.01847,0.03065,0.14559,-0.13453,0.17821,-0.13138,4.3726,4.1259,3.78637,3.84809,4.16025
1997-03-19,4.303999999999999,4.303999999999999,4.391,4.246,3114.0,600843,0.0,0.01366,0.26477,-0.17326,0.21719,-0.13661,4.3842,4.16881,3.77182,3.85433,4.15748
1997-03-20,4.362,4.118,4.362,4.118,2354.0,600843,-0.04322,-0.09812,0.10284,-0.22022,0.17994,-0.17574,4.2946,4.1871,3.75306,3.85944,4.15391
1997-03-21,4.0889999999999995,4.275,4.275,4.0889999999999995,2345.57,600843,0.03813,-0.01994,0.06688,-0.14329,0.22493,-0.14432,4.2772,4.19986,3.74153,3.86582,4.15098
1997-03-24,4.356,4.303999999999999,4.368,4.269,3095.01,600843,0.00678,-0.01847,0.03486,-0.13557,0.23536,-0.13557,4.261,4.20676,3.73065,3.87249,4.14824
1997-03-25,4.362,4.275,4.391,4.164,3079.5,600843,-0.00674,-0.00674,0.06529,-0.04661,0.19514,-0.13532,4.2552,4.21924,3.72727,3.87816,4.14552
1997-03-26,4.303999999999999,4.385,4.479,4.147,5069.53,600843,0.02573,0.01882,0.0957,0.00527,0.26078,-0.11091,4.2714,4.23748,3.72765,3.88554,4.14329
1997-03-27,4.385,4.362,4.473,4.303999999999999,5724.51,600843,-0.00525,0.05925,0.08373,0.11105,0.25815,-0.09857,4.3202,4.25352,3.73468,3.89281,4.14135
1997-03-28,4.356,4.426,4.473,4.333,6746.34,600843,0.01467,0.03532,0.11909,0.2517,0.28775,-0.06624,4.3504,4.27595,3.74903,3.90085,4.14008
1997-03-31,4.525,4.822,4.8389999999999995,4.525,15209.71,600843,0.08947,0.12035,0.18448,0.27735,0.40994,0.04282,4.454,4.31171,3.76592,3.91225,4.14088
1997-04-01,4.862,5.165,5.235,4.746,16246.66,600843,0.07113,0.20819,0.26873,0.51778,0.47529,0.13842,4.632,4.36381,3.79434,3.92578,4.14343
1997-04-02,5.118,5.031000000000001,5.165,4.95,11228.15,600843,-0.02594,0.14732,0.21492,0.55278,0.3975,0.0852,4.7612,4.40619,3.82323,3.93741,4.14504
1997-04-03,5.002,5.246,5.292999999999999,4.886,15185.35,600843,0.04274,0.20266,0.26136,0.59356,0.43844,0.13036,4.938,4.45795,3.85474,3.95041,4.1475
1997-04-04,5.263999999999999,5.287000000000001,5.438,5.13,11942.75,600843,0.00782,0.19453,0.2057,0.64961,0.51014,0.1506,5.1102,4.5009,3.88832,3.96493,4.15031
1997-04-07,5.235,5.229,5.334,5.095,8225.67,600843,-0.01097,0.0844,0.23151,0.60547,0.47379,0.13378,5.1916,4.54771,3.92013,3.9786,4.15282
1997-04-08,5.176,4.967,5.2170000000000005,4.944,3626.0,600843,-0.05011,-0.03833,0.17312,0.46996,0.38859,0.04021,5.152,4.58262,3.94574,3.9899,4.1536
1997-04-09,4.915,5.118,5.176,4.9030000000000005,5077.26,600843,0.0304,0.01729,0.22557,0.5196,0.40566,0.05897,5.1694,4.62748,3.97397,4.00191,4.15476
1997-04-10,5.147,4.955,5.206,4.915,5978.05,600843,-0.03185,-0.05547,0.16698,0.45864,0.36954,0.0377,5.1112,4.66124,3.9991,4.01278,4.15549
1997-04-11,4.798,5.072,5.072,4.798,5409.8,600843,0.02361,-0.04067,0.11082,0.53002,0.36271,0.06869,5.0682,4.68533,4.02744,4.02376,4.15682
1997-04-14,5.072,5.223,5.38,5.0489999999999995,11669.0,600843,0.02977,-0.00115,0.19739,0.57557,0.39652,0.10586,5.067,4.72633,4.05821,4.03581,4.15885
1997-04-15,5.235,5.229,5.303999999999999,5.13,7160.0,600843,0.00115,0.05275,0.19247,0.61091,0.45492,0.10316,5.1194,4.76652,4.09019,4.04911,4.16084
1997-04-16,5.235,5.444,5.584,5.235,13212.77,600843,0.04112,0.0637,0.26487,0.6986,0.42887,0.14274,5.1846,4.82081,4.12631,4.06239,4.1636
1997-04-17,5.496,5.584,5.729,5.473,10402.0,600843,0.02572,0.12694,0.2974,0.69933,0.47686,0.15803,5.3104,4.88176,4.16337,4.07705,4.1667
1997-04-18,5.816,6.09,6.142,5.746,16565.2,600843,0.09062,0.20071,0.47887,0.85954,0.51757,0.21605,5.514,4.97567,4.20877,4.09393,4.1711
1997-04-21,6.107,5.933,6.165,5.7,15670.5,600843,-0.02578,0.13594,0.38784,0.80225,0.50013,0.17253,5.656,5.05462,4.25137,4.11002,4.17465
1997-04-22,5.921,5.874,5.921,5.822,6953.3,600843,-0.00994,0.12335,0.36478,0.75921,0.53009,0.13485,5.785,5.12938,4.29226,4.12656,4.17748
1997-04-23,5.9910000000000005,6.462000000000001,6.462000000000001,5.9910000000000005,19891.12,600843,0.1001,0.18699,0.51158,0.9158,0.66804,0.29785,5.9886,5.23352,4.34208,4.1476,4.18351
1997-04-24,6.456,6.223,6.456,6.077999999999999,9697.16,600843,-0.03699,0.11443,0.41916,0.89379,0.5875,0.2313,6.1164,5.32105,4.38945,4.16633,4.18826
1997-04-25,6.206,6.572,6.572,6.136,18589.15,600843,0.05608,0.07915,0.50665,0.9825,0.6496,0.20587,6.2128,5.42629,4.44198,4.18737,4.19283
1997-04-28,7.224,5.915,7.224,5.915,10710.0,600843,-0.09997,-0.00303,0.33642,0.77468,0.44656,0.08772,6.2092,5.49719,4.48363,4.20221,4.19476
1997-04-29,5.757999999999999,5.723,5.816,5.327999999999999,9594.95,600843,-0.03246,-0.02571,0.18685,0.71399,0.32079,-0.0354,6.179,5.5401,4.52208,4.21351,4.19391
1997-04-30,5.874,5.874,6.031000000000001,5.7,8769.96,600843,0.02638,-0.09099,0.13727,0.7353,0.33227,0.01398,6.0614,5.57386,4.56223,4.22542,4.19424
1997-05-05,5.857,5.845,6.101,5.729,10062.0,600843,-0.00494,-0.06074,0.1618,0.73288,0.31378,0.1178,5.9858,5.61262,4.6021,4.23677,4.19674
1997-05-06,6.02,6.0489999999999995,6.212000000000001,5.9910000000000005,14519.0,600843,0.0349,-0.07958,0.15307,0.79336,0.32828,0.23676,5.8812,5.65086,4.64526,4.24893,4.20145
1997-05-07,6.287000000000001,5.933,6.327999999999999,5.874,8647.0,600843,-0.01918,0.00304,0.12219,0.75897,0.34231,0.2276,5.8848,5.68162,4.68655,4.26123,4.20592
1997-05-08,5.933,5.496,5.979,5.438,7061.32,600843,-0.07366,-0.03966,0.05106,0.62363,0.34409,0.12485,5.8394,5.69433,4.7206,4.27267,4.2084
1997-05-09,5.496,5.642,5.81,5.38,6509.69,600843,0.02656,-0.0395,0.1359,0.65261,0.38966,0.17005,5.793,5.72648,4.75653,4.28553,4.21174
1997-05-12,5.688,6.159,6.2,5.6129999999999995,13229.17,600843,0.09163,0.05372,0.2034,0.78885,0.58983,0.31546,5.8558,5.77605,4.80034,4.30411,4.21774
1997-05-13,5.816,5.757999999999999,6.037000000000001,5.584,5024.0,600843,-0.06511,-0.04811,0.16206,0.66368,0.47755,0.22069,5.7976,5.81429,4.83739,4.31924,4.22197
1997-05-14,5.729,5.4670000000000005,5.81,5.461,3738.0,600843,-0.05054,-0.07854,0.07788,0.5461,0.42185,0.16048,5.7044,5.8331,4.86853,4.33242,4.22504
1997-05-15,5.496,5.584,5.694,5.4670000000000005,2025.18,600843,0.0214,0.01601,0.06912,0.54596,0.49785,0.16382,5.722,5.85029,4.90034,4.34751,4.22824
1997-05-16,5.025,5.025,5.409,5.025,3662.0,600843,-0.10011,-0.10936,-0.03901,0.3375,0.32098,0.04972,5.5986,5.84057,4.92079,4.35744,4.22921
1997-05-19,5.06,5.053999999999999,5.235,5.025,1860.0,600843,0.00577,-0.17941,-0.07164,0.48516,0.34701,0.0571,5.3776,5.822,4.94742,4.36802,4.23032
1997-05-20,5.171,5.118,5.206,5.095,1875.5,600843,0.01266,-0.11115,-0.08345,0.37065,0.34155,0.05374,5.2496,5.79981,4.96974,4.37862,4.23138
1997-05-21,5.171,5.118,5.235,5.031000000000001,2886.0,600843,0.0,-0.06384,-0.15961,0.27726,0.30362,0.01608,5.1798,5.75352,4.98766,4.38831,4.23171
1997-05-22,4.607,4.607,5.002,4.607,3955.0,600843,-0.09984,-0.17496,-0.2235,0.10772,0.18401,-0.03981,4.9844,5.69038,4.99489,4.39413,4.23093
1997-05-23,4.566,4.607,4.641,4.449,1986.63,600843,0.0,-0.08318,-0.2157,0.14802,0.18037,-0.01243,4.9008,5.63005,5.00447,4.39985,4.2307
1997-05-26,4.6530000000000005,4.886,4.886,4.449,1636.0,600843,0.06056,-0.03324,-0.24389,0.22089,0.25766,0.03957,4.8672,5.555,5.01873,4.40799,4.23145
1997-05-27,4.758,4.851,4.857,4.711,1793.5,600843,-0.00716,-0.05217,-0.22047,0.20522,0.18635,0.08305,4.8138,5.48967,5.03205,4.41419,4.23296
1997-05-29,4.944,4.711,4.944,4.711,1490.0,600843,-0.02886,-0.07952,-0.28317,0.19115,0.12811,0.05321,4.7324,5.40105,5.04424,4.41854,4.23393
1997-05-30,4.769,4.816,4.857,4.711,1225.5,600843,0.02229,0.04537,-0.1858,0.183,0.1661,0.0938,4.7742,5.34871,5.05626,4.42411,4.23561
1997-06-02,4.9319999999999995,5.06,5.06,4.874,4529.0,600843,0.05066,0.09833,-0.11585,0.24294,0.32426,0.12245,4.8648,5.31714,5.07221,4.43419,4.23785
1997-06-03,5.031000000000001,5.06,5.107,4.886,1929.0,600843,0.0,0.03561,-0.13858,0.22193,0.33228,0.16778,4.8996,5.27838,5.08703,4.44445,4.24081
1997-06-04,5.124,5.235,5.322,5.037,7917.0,600843,0.03458,0.07916,-0.10436,0.25872,0.33342,0.20014,4.9764,5.24933,5.10439,4.45509,4.24436
1997-06-05,5.235,5.257999999999999,5.292999999999999,5.0489999999999995,4816.93,600843,0.00439,0.11611,-0.13077,0.19909,0.35341,0.22994,5.0858,5.21167,5.11847,4.46625,4.24835
1997-06-06,4.891,4.944,4.99,4.734,4841.23,600843,-0.05972,0.02658,-0.16669,0.16439,0.2091,0.1724,5.1114,5.16457,5.12973,4.4732,4.25131
1997-06-09,4.876,4.657,4.876,4.5280000000000005,1693.01,600843,-0.05805,-0.07964,-0.15266,0.09991,0.14058,0.02645,5.0308,5.12462,5.13655,4.47787,4.2518
1997-06-10,4.657,4.445,4.687,4.3919999999999995,1457.6,600843,-0.04552,-0.12154,-0.21216,0.06442,0.05132,-0.06794,4.9078,5.06762,5.14089,4.47963,4.25048
1997-06-11,4.611000000000001,4.445,4.611000000000001,4.203,1636.21,600843,0.0,-0.15091,-0.27829,0.04687,-0.05646,-0.07933,4.7498,4.986,5.1441,4.47747,4.24892
1997-06-12,4.475,4.385,4.4830000000000005,4.369,1347.3,600843,-0.0135,-0.16603,-0.23845,-0.03964,-0.08608,-0.08052,4.5752,4.92062,5.14118,4.47411,4.24736
1997-06-13,4.3469999999999995,4.672,4.672,4.271,2979.81,600843,0.06545,-0.05502,-0.14542,0.07107,-0.0438,0.01676,4.5208,4.88276,5.14618,4.47237,4.24767
1997-06-16,4.596,4.611000000000001,4.626,4.505,2458.2,600843,-0.01306,-0.00988,-0.17425,0.05154,-0.07279,0.02947,4.5116,4.83643,5.14982,4.46943,4.24821
1997-06-17,4.611000000000001,4.385,4.611000000000001,4.3469999999999995,2745.55,600843,-0.04901,-0.0135,-0.12736,0.01882,-0.1577,-0.0106,4.4996,4.80595,5.15113,4.46276,4.24802
1997-06-18,4.385,4.309,4.422,4.2410000000000005,1485.9,600843,-0.01733,-0.0306,-0.14741,0.00116,-0.18406,-0.03537,4.4724,4.77048,5.15121,4.45485,4.24738
1997-06-19,4.309,4.2330000000000005,4.422,4.2330000000000005,1753.6,600843,-0.01764,-0.03466,-0.17292,0.02793,-0.1517,-0.01923,4.442,4.72833,5.15306,4.4487,4.24704
1997-06-20,4.271,4.407,4.521,4.271,3368.8,600843,0.04111,-0.05672,-0.13892,0.03088,-0.11488,0.01032,4.389,4.69448,5.15519,4.44405,4.24722
1997-06-23,4.5280000000000005,4.263999999999999,4.5280000000000005,4.2330000000000005,2536.4,600843,-0.03245,-0.07525,-0.07445,-0.00929,-0.04906,-0.06017,4.3196,4.67814,5.15455,4.44226,4.24611
1997-06-24,4.248,4.309,4.385,4.2330000000000005,1212.4,600843,0.01055,-0.01733,-0.06468,0.00795,-0.01215,-0.05979,4.3044,4.66395,5.1551,4.44183,4.245
1997-06-25,4.3469999999999995,4.271,4.385,4.271,1697.5,600843,-0.00882,-0.00882,-0.12587,-0.026,0.08788,-0.03502,4.2968,4.63467,5.15326,4.44463,4.24437
1997-06-26,4.309,4.12,4.3469999999999995,4.12,1494.0,600843,-0.03535,-0.0267,-0.15069,-0.05548,0.16516,-0.08015,4.2742,4.59986,5.14935,4.44938,4.24291
1997-06-27,4.196000000000001,3.9160000000000004,4.196000000000001,3.9160000000000004,2217.04,600843,-0.04951,-0.11141,-0.16875,-0.11523,0.03735,-0.10225,4.176,4.562,5.14113,4.45053,4.2411
1997-07-02,4.007,3.7039999999999997,4.007,3.553,1778.9,600843,-0.05414,-0.13133,-0.2309,-0.23185,0.08845,-0.16104,4.064,4.50905,5.1231,4.45298,4.23821
1997-07-03,3.6660000000000004,3.545,3.697,3.5,1586.0,600843,-0.04293,-0.1773,-0.29941,-0.31365,0.09414,-0.18073,3.9112,4.4369,5.09697,4.45546,4.23503
1997-07-04,3.515,3.553,3.6289999999999996,3.47,1015.1,600843,0.00226,-0.16811,-0.29783,-0.29378,0.07928,-0.18547,3.7676,4.36514,5.07313,4.45758,4.23174
1997-07-07,3.5980000000000003,3.326,3.6289999999999996,3.235,1450.0,600843,-0.06389,-0.19272,-0.36466,-0.36599,0.03775,-0.2024,3.6088,4.27424,5.04216,4.45856,4.22831
1997-07-08,3.4019999999999997,3.47,3.477,3.3339999999999996,1556.32,600843,0.0433,-0.11389,-0.34005,-0.34367,0.0654,-0.16082,3.5196,4.1891,5.01285,4.46029,4.22561
1997-07-09,3.553,3.4930000000000003,3.553,3.4619999999999997,916.5,600843,0.00663,-0.05697,-0.29349,-0.33199,0.03374,-0.15526,3.4774,4.12,4.98485,4.46122,4.223
1997-07-10,3.6289999999999996,3.591,3.6439999999999997,3.477,2794.7,600843,0.02806,0.01298,-0.2289,-0.27703,0.06621,-0.09204,3.4866,4.06924,4.96266,4.46303,4.22152
1997-07-11,3.591,3.6889999999999996,3.6889999999999996,3.591,1653.91,600843,0.02729,0.03828,-0.17008,-0.27921,0.08596,-0.08484,3.5138,4.03324,4.93961,4.46541,4.22013
1997-07-14,3.659,3.772,3.772,3.576,1929.37,600843,0.0225,0.1341,-0.15141,-0.23875,0.13786,-0.03505,3.603,4.00119,4.92053,4.46912,4.21957
1997-07-15,3.772,3.78,3.833,3.6439999999999997,1715.49,600843,0.00212,0.08934,-0.13797,-0.25473,0.14027,-0.00316,3.665,3.97238,4.89969,4.4729,4.21952
1997-07-16,3.78,3.6439999999999997,3.81,3.636,1218.6,600843,-0.03598,0.04323,-0.22003,-0.30232,0.12261,-0.05079,3.6952,3.92343,4.87423,4.47614,4.21873
1997-07-17,3.6439999999999997,3.6660000000000004,3.78,3.636,1135.45,600843,0.00604,0.02089,-0.20494,-0.29891,0.14384,-0.05222,3.7102,3.87843,4.84902,4.47989,4.21791
1997-07-18,3.697,3.734,3.765,3.6210000000000004,1509.28,600843,0.01855,0.0122,-0.14846,-0.31411,0.13634,-0.01243,3.7192,3.84743,4.82144,4.48353,4.21772
1997-07-21,3.78,3.697,3.78,3.636,1338.7,600843,-0.00991,-0.01988,-0.14203,-0.33793,0.12885,-0.00672,3.7042,3.81829,4.791,4.48696,4.21761
1997-07-22,3.697,3.81,3.8930000000000002,3.576,1909.27,600843,0.03057,0.00794,-0.09993,-0.37438,0.15735,-0.02232,3.7102,3.79814,4.75423,4.49117,4.21726
1997-07-23,3.855,3.818,3.8930000000000002,3.6060000000000003,3111.13,600843,0.0021,0.04775,-0.13365,-0.35648,0.14346,-0.05143,3.745,3.7701,4.72011,4.49507,4.21642
1997-07-24,3.7119999999999997,3.742,3.87,3.7119999999999997,1035.12,600843,-0.01991,0.02073,-0.12242,-0.36296,0.1094,-0.07422,3.7602,3.74524,4.68573,4.49807,4.2152
1997-07-25,3.674,3.75,3.78,3.6289999999999996,1367.9,600843,0.00214,0.00428,-0.12973,-0.41968,0.14121,-0.15158,3.7634,3.71862,4.64198,4.50184,4.21248
1997-07-28,3.795,3.908,3.923,3.6889999999999996,5000.41,600843,0.04213,0.05707,-0.08499,-0.37201,0.17888,-0.13864,3.8056,3.70133,4.60465,4.50666,4.20992
1997-07-29,3.908,4.135,4.158,3.878,14585.85,600843,0.05809,0.0853,0.00364,-0.37082,0.24062,-0.05204,3.8706,3.70205,4.56534,4.51318,4.209
1997-07-30,4.0969999999999995,4.196000000000001,4.271,4.022,6508.4,600843,0.01475,0.099,0.0715,-0.29062,0.25666,-0.02915,3.9462,3.71538,4.53761,4.52015,4.20848
1997-07-31,4.196000000000001,4.2860000000000005,4.3469999999999995,4.082,5218.59,600843,0.02145,0.14538,0.15713,-0.25109,0.26617,0.01492,4.055,3.7431,4.51444,4.52747,4.20874
1997-08-01,4.2860000000000005,4.3469999999999995,4.3919999999999995,4.196000000000001,4529.79,600843,0.01423,0.1592,0.22623,-0.25996,0.28876,0.02669,4.1744,3.78129,4.48981,4.53539,4.2092
1997-08-04,4.3469999999999995,4.5360000000000005,4.6419999999999995,4.3469999999999995,8313.79,600843,0.04348,0.1607,0.27667,-0.22395,0.3448,0.0683,4.3,3.8281,4.46869,4.54485,4.21038
1997-08-05,4.611000000000001,4.43,4.664,4.422,5378.67,600843,-0.02337,0.07134,0.33193,-0.26765,0.31337,0.05501,4.359,3.88067,4.44258,4.55344,4.21132
1997-08-06,4.46,4.18,4.46,4.158,4339.4,600843,-0.05643,-0.00381,0.20461,-0.29547,0.23486,0.01088,4.3558,3.91448,4.41431,4.5599,4.2115
1997-08-07,4.158,4.596,4.596,4.158,4744.32,600843,0.09952,0.07233,0.31577,-0.16376,0.34622,0.09742,4.4178,3.967,4.39979,4.56951,4.21316
1997-08-08,4.574,4.687,4.899,4.574,10887.1,600843,0.0198,0.07821,0.30521,-0.16927,0.36131,0.12858,4.4858,4.01919,4.38439,4.57963,4.21533
1997-08-11,4.687,4.914,5.065,4.611000000000001,11916.17,600843,0.04843,0.08333,0.33207,-0.20214,0.41982,0.15896,4.5614,4.07752,4.36431,4.59144,4.21807
1997-08-12,4.876,4.732,5.246,4.732,12872.39,600843,-0.03704,0.06817,0.25451,-0.17819,0.33824,0.11604,4.6218,4.12324,4.34776,4.60116,4.22007
1997-08-13,4.687,4.838,4.989,4.672,7187.78,600843,0.0224,0.15742,0.27989,-0.11505,0.33942,0.14563,4.7534,4.17362,4.33761,4.61113,4.22257
1997-08-14,4.823,4.8,5.0569999999999995,4.626,9032.34,600843,-0.00785,0.04439,0.31723,-0.1404,0.27762,0.06359,4.7942,4.22867,4.32497,4.61961,4.22374
1997-08-15,4.8,4.596,4.838,4.369,10828.44,600843,-0.0425,-0.01942,0.25368,-0.08537,0.35057,-0.01225,4.776,4.27295,4.31805,4.62931,4.2235
1997-08-18,4.5360000000000005,4.5360000000000005,4.702,4.385,3427.0,600843,-0.01305,-0.07692,0.21478,-0.10249,0.21478,-0.02994,4.7004,4.31114,4.30969,4.63583,4.22293
1997-08-19,4.551,4.566,4.664,4.46,2426.09,600843,0.00661,-0.03508,0.23506,-0.10785,0.13951,0.01557,4.6672,4.35252,4.30079,4.64037,4.22322
1997-08-20,4.611000000000001,4.468,4.626,4.46,2386.7,600843,-0.02146,-0.07648,0.1727,-0.127,0.0743,0.0243,4.5932,4.38386,4.29031,4.64289,4.22365
1997-08-21,4.46,4.445,4.5280000000000005,4.3919999999999995,2653.4,600843,-0.00515,-0.07396,0.16422,-0.03516,0.10765,0.03565,4.5222,4.41371,4.28769,4.6464,4.22427
1997-08-22,4.385,4.611000000000001,4.6419999999999995,4.385,2890.8,600843,0.03735,0.00326,0.23223,0.00087,0.15217,0.08443,4.5252,4.4551,4.28776,4.65135,4.22573
1997-08-25,4.581,4.6339999999999995,4.762,4.5360000000000005,3532.35,600843,0.00499,0.0216,0.23573,-0.05158,0.1513,0.12203,4.5448,4.49719,4.28369,4.6563,4.22778
1997-08-26,4.581,4.498,4.6339999999999995,4.46,2719.2,600843,-0.02935,-0.01489,0.15097,-0.07277,0.13729,0.09707,4.5312,4.52529,4.278,4.66072,4.2294
1997-08-27,4.46,4.626,4.687,4.46,2061.9,600843,0.02846,0.03536,0.11874,-0.01804,0.13633,0.12829,4.5628,4.54867,4.27663,4.66523,4.23154
1997-08-28,4.611000000000001,4.74,4.838,4.5360000000000005,4232.46,600843,0.02464,0.06637,0.12965,-0.01578,0.16433,0.15921,4.6218,4.57457,4.2754,4.67067,4.23418
1997-08-29,4.732,4.9510000000000005,5.012,4.672,6593.46,600843,0.04451,0.07374,0.15516,-0.02154,0.1956,0.21766,4.6898,4.60624,4.27365,4.67725,4.23778
1997-09-01,4.974,4.959,5.103,4.846,6684.55,600843,0.00162,0.07013,0.14079,-0.01996,0.19235,0.3217,4.7548,4.63538,4.27202,4.68376,4.24269
1997-09-02,4.989,4.8,4.989,4.71,3824.97,600843,-0.03206,0.06714,0.0582,-0.08309,0.09464,0.28755,4.8152,4.64795,4.265,4.68713,4.24704
1997-09-03,4.762,4.808,4.838,4.71,3165.1,600843,0.00167,0.03934,0.08533,-0.08558,0.13236,0.29981,4.8516,4.66595,4.25774,4.6917,4.25155
1997-09-04,4.762,4.762,4.838,4.74,2728.6,600843,-0.00957,0.00464,0.13923,-0.03681,0.1247,0.30788,4.856,4.69367,4.25481,4.69599,4.25611
1997-09-05,4.8,4.815,4.876,4.619,3037.2,600843,0.01113,-0.02747,0.04765,0.03393,0.15302,0.29749,4.8288,4.7041,4.25735,4.70119,4.2606
1997-09-08,4.815,5.0569999999999995,5.103,4.8,8480.45,600843,0.05026,0.01976,0.07894,0.13768,0.191,0.38019,4.8484,4.72171,4.26723,4.70778,4.26626
1997-09-09,5.042,4.808,5.103,4.672,3950.6,600843,-0.04924,0.00167,-0.02157,0.08166,0.053,0.30369,4.85,4.71667,4.27308,4.70975,4.27081
1997-09-10,4.77,5.012,5.065,4.762,3885.69,600843,0.04243,0.04243,0.05917,0.14299,0.14901,0.35716,4.8908,4.73,4.28319,4.71503,4.27617
1997-09-11,5.027,4.8,5.277,4.762,12641.91,600843,-0.0423,0.00798,-0.00785,0.0274,0.09464,0.29345,4.8984,4.72819,4.28526,4.71841,4.2806
1997-09-12,4.762,4.7780000000000005,4.989,4.725,7683.69,600843,-0.00458,-0.00768,-0.00458,0.03622,0.11013,0.30797,4.891,4.72714,4.28795,4.72226,4.28517
1997-09-15,4.762,4.74,4.914,4.702,2494.98,600843,-0.00795,-0.06269,0.03133,0.08096,0.1013,0.3405,4.8276,4.734,4.29368,4.7258,4.29007
1997-09-16,4.838,4.71,4.838,4.581,1607.8,600843,-0.00633,-0.02038,0.03836,0.09306,0.14376,0.34957,4.808,4.74229,4.30015,4.73062,4.29503
1997-09-17,4.725,4.453,4.725,4.4,2293.0,600843,-0.05456,-0.11153,-0.02475,0.05197,0.04164,0.27593,4.6962,4.7369,4.30369,4.73207,4.29894
1997-09-18,4.5280000000000005,4.453,4.581,4.43,2133.96,600843,0.0,-0.07229,-0.00336,0.01044,0.03462,0.27813,4.6268,4.73619,4.30444,4.73328,4.30288
1997-09-19,4.5280000000000005,4.596,4.611000000000001,4.453,877.86,600843,0.03211,-0.03809,0.03397,0.07786,0.07509,0.28488,4.5904,4.74338,4.30979,4.73589,4.30702
1997-09-22,4.498,4.158,4.5889999999999995,4.143,1904.0,600843,-0.0953,-0.12278,-0.09824,-0.03504,-0.05177,0.19551,4.474,4.72181,4.30735,4.73404,4.30979
1997-09-23,4.0969999999999995,3.87,4.226,3.818,2858.7,600843,-0.06926,-0.17834,-0.16487,-0.09389,-0.11279,0.11624,4.306,4.68543,4.30089,4.73004,4.31143
1997-09-24,4.022,4.082,4.158,3.9539999999999997,1981.2,600843,0.05478,-0.08331,-0.09249,-0.00922,-0.07772,0.18766,4.2318,4.66562,4.30027,4.72724,4.31405
1997-09-25,4.12,4.324,4.385,4.082,3943.86,600843,0.05928,-0.02897,-0.06528,0.10419,-0.10328,0.26433,4.206,4.65124,4.30685,4.7232,4.31772
1997-09-26,4.604,4.687,4.747,4.5360000000000005,11864.39,600843,0.08395,0.0198,-0.01118,0.26539,-0.09255,0.33876,4.2242,4.64871,4.32271,4.71931,4.32254
1997-09-29,4.762,4.445,4.762,4.3919999999999995,4077.1,600843,-0.05163,0.06902,-0.1022,0.25388,-0.11648,0.23472,4.2816,4.62462,4.33723,4.71454,4.32598
1997-09-30,4.437,4.46,4.498,4.316,1373.0,600843,0.00337,0.15245,-0.10063,0.25528,-0.14983,0.22292,4.3996,4.60086,4.35185,4.70815,4.32928
1997-10-06,4.498,4.385,4.581,4.354,739.0,600843,-0.01682,0.07423,-0.08646,0.3184,-0.17061,0.2525,4.4602,4.5811,4.36894,4.70082,4.33288
1997-10-07,4.316,4.354,4.46,4.316,462.71,600843,-0.00707,0.00694,-0.09443,0.25476,-0.16734,0.22717,4.4662,4.55948,4.38319,4.69371,4.33615
1997-10-08,4.43,4.551,4.581,4.385,1268.4,600843,0.04525,-0.02902,-0.04431,0.30289,-0.08375,0.2723,4.439,4.54943,4.40026,4.69033,4.34011
1997-10-09,4.5360000000000005,4.725,4.8,4.385,3829.2,600843,0.03823,0.06299,-0.01869,0.31579,-0.07679,0.29772,4.495,4.54514,4.41855,4.68713,4.34452
1997-10-10,4.725,4.71,4.8,4.687,2354.1,600843,-0.00317,0.05605,-0.06862,0.27677,-0.04945,0.30182,4.545,4.52862,4.43502,4.68514,4.34896
1997-10-13,4.747,4.672,4.838,4.611000000000001,1888.9,600843,-0.00807,0.06545,-0.02829,0.2386,-0.07886,0.25524,4.6024,4.52214,4.44953,4.68189,4.35282
1997-10-14,4.762,4.672,4.762,4.596,1113.0,600843,0.0,0.07304,-0.06784,0.23598,-0.10549,0.2492,4.666,4.50595,4.46392,4.67741,4.35661
1997-10-15,4.626,4.657,4.694,4.626,1061.9,600843,-0.00321,0.02329,-0.02979,0.27799,-0.10939,0.29577,4.6872,4.49914,4.48026,4.67276,4.36093
1997-10-16,4.672,4.604,4.725,4.5360000000000005,1938.7,600843,-0.01138,-0.02561,-0.03642,0.25586,-0.1543,0.2084,4.663,4.49086,4.49539,4.66593,4.36416
1997-10-17,4.649,4.543,4.657,4.498,2461.82,600843,-0.01325,-0.03546,-0.04156,0.21666,-0.18643,0.20153,4.6296,4.48148,4.50844,4.65746,4.36726
1997-10-20,4.543,4.611000000000001,4.71,4.5360000000000005,1682.85,600843,0.01497,-0.01306,-0.02102,0.24723,-0.24286,0.14902,4.6174,4.47676,4.52318,4.64544,4.36969
1997-10-21,4.468,4.5280000000000005,4.672,4.468,1816.37,600843,-0.018,-0.03082,0.01684,0.18845,-0.23681,0.14488,4.5886,4.48033,4.53476,4.63402,4.37202
1997-10-22,4.5360000000000005,4.385,4.5360000000000005,4.3469999999999995,2557.45,600843,-0.03158,-0.05841,-0.01527,0.14851,-0.25349,0.14222,4.5342,4.4771,4.5439,4.62191,4.37424
1997-10-23,4.385,4.354,4.468,4.309,1885.89,600843,-0.00707,-0.0543,-0.05265,0.16355,-0.32621,0.1239,4.4842,4.46557,4.55377,4.60477,4.37619
1997-10-24,4.2860000000000005,4.294,4.3469999999999995,4.271,1730.21,600843,-0.01378,-0.05481,0.03271,0.14507,-0.30998,0.09541,4.4344,4.47205,4.56255,4.58909,4.37771
1997-10-27,4.2410000000000005,4.551,4.604,4.2410000000000005,1882.15,600843,0.05985,-0.01301,0.17597,0.16453,-0.30752,0.14232,4.4224,4.50448,4.57292,4.57266,4.38001
1997-10-28,4.611000000000001,4.369,4.626,4.309,1431.3,600843,-0.03999,-0.03511,0.07031,0.05659,-0.26137,0.06848,4.3906,4.51814,4.57669,4.56009,4.38115
1997-10-29,4.2410000000000005,4.369,4.468,4.2410000000000005,2066.4,600843,0.0,-0.00365,0.01041,0.04123,-0.23659,0.00831,4.3874,4.52029,4.57948,4.54908,4.3813
1997-10-30,4.498,4.5280000000000005,4.566,4.422,3844.33,600843,0.03639,0.03996,-0.03392,0.05646,-0.22915,0.02699,4.4222,4.51271,4.58339,4.53814,4.38178
1997-10-31,4.566,4.747,4.762,4.498,4624.08,600843,0.04837,0.1055,0.06794,0.09202,-0.18785,0.06698,4.5128,4.5271,4.58984,4.52921,4.38299
1997-11-03,4.762,4.725,4.762,4.596,2429.01,600843,-0.00463,0.03823,0.05942,0.04167,-0.21888,0.03755,4.5476,4.53971,4.59289,4.51845,4.38369
1997-11-04,4.687,4.732,4.838,4.626,3041.4,600843,0.00148,0.08309,0.07913,0.06817,-0.20243,0.07059,4.6202,4.55624,4.59776,4.50868,4.38496
1997-11-05,4.725,4.831,4.838,4.574,4064.6,600843,0.02092,0.10575,0.10955,0.15574,-0.121,0.18146,4.7126,4.57895,4.60826,4.50328,4.38797
1997-11-06,4.687,4.838,4.891,4.687,3830.22,600843,0.00145,0.06846,0.06306,0.05265,-0.1425,0.19163,4.7746,4.59262,4.61216,4.49674,4.39113
1997-11-07,5.05,4.914,5.05,4.838,3888.88,600843,0.01571,0.03518,0.04,0.04843,-0.20214,0.26846,4.808,4.60162,4.61582,4.48662,4.39536
1997-11-10,4.989,5.05,5.148,4.891,6962.9,600843,0.02768,0.06878,0.07219,0.02768,-0.12296,0.29587,4.873,4.61781,4.61802,4.48086,4.40005
1997-11-11,5.05,4.876,5.088,4.672,2752.0,600843,-0.03446,0.03043,0.04366,0.03043,-0.1081,0.26814,4.9018,4.62752,4.62034,4.47606,4.40424
1997-11-12,4.914,4.838,4.914,4.574,1848.8,600843,-0.00779,0.00145,0.03553,0.0,-0.1336,0.29775,4.9032,4.63543,4.62034,4.46999,4.40875
1997-11-13,4.687,4.906000000000001,4.906000000000001,4.574,2566.2,600843,0.01406,0.01406,0.05347,0.02208,-0.02368,0.2897,4.9168,4.64729,4.62205,4.46902,4.41323
1997-11-14,4.914,4.899,4.914,4.747,1816.46,600843,-0.00143,-0.00305,0.06407,0.06593,-0.03067,0.3057,4.9138,4.66133,4.62694,4.46776,4.41789
1997-11-17,4.914,4.838,5.02,4.755,1214.0,600843,-0.01245,-0.04198,0.06494,0.06658,-0.05471,0.26815,4.8714,4.67538,4.63181,4.46549,4.42205
1997-11-18,4.838,4.815,4.899,4.626,1066.7,600843,-0.00475,-0.01251,0.04424,0.05453,-0.0592,0.22644,4.8592,4.6851,4.63582,4.46302,4.42567
1997-11-19,4.762,4.762,4.838,4.694,1209.0,600843,-0.01101,-0.01571,0.05168,0.0658,0.03364,0.22385,4.844,4.69624,4.64056,4.46428,4.42921
1997-11-20,4.725,4.649,4.762,4.649,702.0,600843,-0.02373,-0.05238,0.06021,0.04589,0.00912,0.19114,4.7926,4.70881,4.64385,4.46463,4.43224
1997-11-21,4.657,4.445,4.657,4.445,1103.0,600843,-0.04388,-0.09267,0.0209,-0.036,-0.09026,0.14414,4.7018,4.71314,4.64118,4.46104,4.43452
1997-11-24,4.422,4.475,4.498,4.2410000000000005,1473.1,600843,0.00675,-0.07503,0.04215,-0.03431,-0.07751,0.0944,4.6292,4.72176,4.63861,4.45798,4.43609
1997-11-25,4.498,4.5280000000000005,4.702,4.498,1570.2,600843,0.01184,-0.05961,-0.00505,0.00667,-0.03885,0.08429,4.5718,4.72067,4.6391,4.4565,4.43752
1997-11-26,4.543,4.6419999999999995,4.6419999999999995,4.521,1148.3,600843,0.02518,-0.0252,0.06249,0.00346,-0.03613,0.12397,4.5478,4.73367,4.63935,4.45508,4.4396
1997-11-27,4.694,4.672,4.747,4.5360000000000005,2899.1,600843,0.00646,0.00495,0.06935,-0.01435,-0.07668,0.22272,4.5524,4.7481,4.63826,4.45193,4.44306
1997-11-28,4.672,4.747,4.762,4.596,1214.3,600843,0.01605,0.06794,0.04837,-0.0412,-0.06186,0.24987,4.6128,4.75852,4.63497,4.44938,4.44691
1997-12-01,4.747,4.8,4.823,4.611000000000001,2479.0,600843,0.01116,0.07263,0.01116,-0.03206,-0.08309,0.22262,4.6778,4.76105,4.6324,4.44585,4.45047
1997-12-02,4.891,4.876,4.974,4.8,4720.0,600843,0.01583,0.07686,0.03196,0.01583,-0.07265,0.25508,4.7474,4.76824,4.63363,4.44274,4.4545
1997-12-03,4.853,4.755,4.853,4.678999999999999,1516.12,600843,-0.02482,0.02434,0.00486,-0.01102,-0.03823,0.16288,4.77,4.76933,4.63277,4.4412,4.4572
1997-12-04,4.747,4.838,4.838,4.678999999999999,1045.1,600843,0.01746,0.03553,0.00145,0.01596,0.03887,0.18491,4.8032,4.76967,4.634,4.44267,4.46027
1997-12-05,4.891,4.762,4.914,4.725,751.0,600843,-0.01571,0.00316,-0.01571,-0.01101,0.07132,0.1263,4.8062,4.76605,4.63315,4.44525,4.46244
1997-12-08,4.762,4.823,4.891,4.762,1691.1,600843,0.01281,0.00479,-0.01852,-0.04627,0.08504,0.02377,4.8108,4.76171,4.62937,4.44833,4.4629
1997-12-09,4.846,4.823,4.846,4.687,961.0,600843,0.0,-0.01087,-0.04495,0.00312,0.09989,0.00521,4.8002,4.7509,4.62961,4.45189,4.463
1997-12-10,4.838,4.808,4.838,4.678999999999999,792.7,600843,-0.00311,0.01115,-0.01395,-0.0407,0.02911,-0.01596,4.8108,4.74767,4.62632,4.45299,4.46268
1997-12-11,4.7780000000000005,4.702,4.808,4.687,607.9,600843,-0.02205,-0.02811,-0.02811,-0.02042,0.01974,-0.05449,4.7836,4.74119,4.62474,4.45373,4.46158
1997-12-12,4.702,4.747,4.762,4.611000000000001,2833.7,600843,0.00957,-0.00315,-0.03241,-0.00649,0.08255,-0.08817,4.7806,4.73362,4.62424,4.45667,4.45972
1997-12-15,4.762,4.74,4.762,4.604,2766.8,600843,-0.00147,-0.01721,-0.03246,0.0,0.10002,-0.10244,4.764,4.72605,4.62424,4.46018,4.45752
1997-12-16,4.762,4.914,4.989,4.755,18864.7,600843,0.03671,0.01887,0.01571,0.04331,0.16088,-0.01523,4.7822,4.72967,4.62753,4.46572,4.45721
1997-12-17,4.838,4.7780000000000005,4.838,4.687,4114.81,600843,-0.02768,-0.00624,-0.00768,0.07298,0.08418,-0.04037,4.7762,4.7279,4.63277,4.46873,4.45639
1997-12-18,4.747,4.868,4.914,4.6339999999999995,4691.6,600843,0.01884,0.0353,0.02226,0.0932,0.14165,0.08564,4.8094,4.73295,4.63947,4.47364,4.45795
1997-12-19,4.838,5.0569999999999995,5.14,4.838,17810.27,600843,0.03882,0.0653,0.08776,0.1003,0.17359,0.15933,4.8714,4.75238,4.6469,4.47972,4.46078
1997-12-22,5.156000000000001,5.292000000000001,5.428,4.982,33817.49,600843,0.04647,0.11646,0.19055,0.27273,0.23905,0.34794,4.9818,4.79271,4.66519,4.48802,4.46633
1997-12-23,5.254,5.156000000000001,5.352,5.11,11643.61,600843,-0.0257,0.04925,0.15218,0.3323,0.25146,0.45814,5.0302,4.82514,4.68594,4.49645,4.47291
1997-12-24,5.156000000000001,5.352,5.4879999999999995,5.14,13304.08,600843,0.03801,0.12013,0.18198,0.31112,0.3667,0.41775,5.145,4.86438,4.70642,4.50812,4.47933
1997-12-25,5.367000000000001,5.2989999999999995,5.502999999999999,5.216,8526.9,600843,-0.0099,0.08854,0.14153,0.22549,0.43062,0.55716,5.2312,4.89567,4.72215,4.52109,4.48703
1997-12-26,5.314,5.2010000000000005,5.496,5.156000000000001,9830.9,600843,-0.01849,0.02848,0.11323,0.10967,0.46714,0.60525,5.26,4.92086,4.73044,4.53455,4.495
1997-12-29,5.216,5.216,5.443,5.178,6346.5,600843,0.00288,-0.01436,0.0988,0.17345,0.46806,0.58445,5.2448,4.94319,4.74287,4.54807,4.50283
1997-12-30,5.186,5.088,5.329,5.035,4539.8,600843,-0.02454,-0.01319,0.06,0.14081,0.52977,0.58752,5.2312,4.9569,4.753,4.5624,4.51048
1997-12-31,5.148,4.815,5.148,4.762,6971.9,600843,-0.05366,-0.10034,-0.01251,0.09806,0.38761,0.47835,5.1238,4.954,4.75994,4.57333,4.51681
1998-01-05,4.838,4.815,4.914,4.649,7267.2,600843,0.0,-0.09134,0.01262,0.10588,0.37847,0.42498,5.027,4.95686,4.76737,4.58408,4.52265
1998-01-06,4.8,4.755,4.823,4.649,4968.33,600843,-0.01246,-0.08575,-0.01716,0.04483,0.32414,0.41182,4.9378,4.9529,4.77066,4.59354,4.52829
1998-01-07,4.8,4.831,4.883,4.74,3711.2,600843,0.01598,-0.07381,0.01449,0.02243,0.30957,0.42214,4.8608,4.95619,4.77237,4.60283,4.53412
1998-01-08,4.831,4.678999999999999,4.899,4.649,4825.84,600843,-0.03146,-0.08039,-0.02986,-0.00658,0.24046,0.41146,4.779,4.94933,4.77187,4.6102,4.53966
1998-01-09,4.694,4.755,4.823,4.6339999999999995,4871.5,600843,0.01624,-0.01246,-0.0141,0.01777,0.25794,0.43439,4.767,4.9461,4.77321,4.61813,4.54552
1998-01-12,4.823,4.785,4.823,4.657,4112.0,600843,0.00631,-0.00623,-0.00478,0.02419,0.31312,0.47412,4.761,4.945,4.77503,4.62741,4.55177
1998-01-13,4.717,4.422,4.747,4.309,4341.6,600843,-0.07586,-0.07003,-0.05955,-0.05046,0.20622,0.37972,4.6944,4.93167,4.77124,4.63355,4.55672
1998-01-14,4.46,4.702,4.717,4.46,5556.39,600843,0.06332,-0.0267,-0.00948,0.02129,0.25924,0.43092,4.6686,4.92952,4.77282,4.64142,4.56248
1998-01-15,4.702,4.702,4.762,4.543,3661.3,600843,0.0,0.00492,-0.00802,0.035,0.27184,0.43573,4.6732,4.92771,4.77539,4.64959,4.56828
1998-01-16,4.725,4.649,4.725,4.574,2633.6,600843,-0.01127,-0.02229,-0.05393,0.00824,0.22021,0.41221,4.652,4.9151,4.776,4.65641,4.57379
1998-01-19,4.649,4.762,4.8,4.611000000000001,4650.2,600843,0.02431,-0.00481,-0.00335,0.05168,0.24725,0.42618,4.6474,4.91433,4.77977,4.66409,4.57958
1998-01-20,4.762,4.626,4.7780000000000005,4.581,1302.5,600843,-0.02856,0.04613,-0.04971,0.05496,0.23624,0.37148,4.6882,4.90281,4.78366,4.67128,4.58467
1998-01-21,4.6339999999999995,4.543,4.702,4.5360000000000005,2195.6,600843,-0.01794,-0.03382,-0.10164,0.04341,0.21147,0.38253,4.6564,4.87833,4.78671,4.67772,4.58978
1998-01-22,4.5280000000000005,4.468,4.596,4.46,1977.7,600843,-0.01651,-0.04977,-0.15571,0.04052,0.1433,0.34781,4.6096,4.8391,4.78952,4.68228,4.59447
1998-01-23,4.49,4.513,4.5360000000000005,4.46,1441.6,600843,0.01007,-0.02925,-0.12471,-0.00835,0.09141,0.35404,4.5824,4.80848,4.7889,4.68535,4.59926
1998-02-09,4.551,4.619,4.678999999999999,4.551,1731.5,600843,0.02349,-0.03003,-0.13696,0.05722,0.10081,0.38335,4.5538,4.77357,4.79294,4.68879,4.60447
1998-02-10,4.657,4.649,4.762,4.611000000000001,1502.1,600843,0.00649,0.00497,-0.12266,0.06409,0.08469,0.37341,4.5584,4.74262,4.79745,4.69174,4.60961
1998-02-11,4.649,4.725,4.755,4.649,1438.35,600843,0.01635,0.04006,-0.09152,0.04351,0.08696,0.40083,4.5948,4.71995,4.80063,4.69481,4.6151
1998-02-12,4.762,4.815,4.861000000000001,4.725,3511.4,600843,0.01905,0.07766,-0.07688,0.01432,0.06151,0.42751,4.6642,4.70086,4.80173,4.69708,4.62096
1998-02-13,4.831,4.77,4.891,4.672,3939.8,600843,-0.00935,0.05695,-0.0625,0.00952,0.07675,0.41417,4.7156,4.68571,4.80245,4.69985,4.62664
1998-02-16,4.762,4.808,4.868,4.678999999999999,3316.35,600843,0.00797,0.04092,-0.00145,0.01606,0.15024,0.42038,4.7534,4.68538,4.80368,4.70495,4.63243
1998-02-17,4.808,4.747,4.838,4.702,1449.7,600843,-0.01269,0.02108,-0.01412,-0.01739,0.03285,0.39045,4.773,4.68214,4.80232,4.70618,4.63785
1998-02-18,4.7780000000000005,4.755,4.793,4.702,1500.28,600843,0.00169,0.00635,0.0,-0.01716,0.01451,0.38106,4.779,4.68214,4.80098,4.70673,4.64318
1998-02-19,4.762,4.982,5.02,4.74,4381.0,600843,0.04774,0.03468,0.03126,0.01384,0.01384,0.43947,4.8124,4.68933,4.80208,4.70728,4.64936
1998-02-20,4.982,4.876,4.982,4.808,3500.25,600843,-0.02128,0.02222,0.0421,-0.03446,0.03043,0.37896,4.8336,4.69871,4.79927,4.70846,4.65481
1998-02-23,4.793,4.838,4.876,4.678999999999999,3077.0,600843,-0.00779,0.00624,0.01746,-0.00779,0.0,0.33942,4.8396,4.70267,4.79866,4.70846,4.65979
1998-02-24,4.838,4.762,4.876,4.725,2120.3,600843,-0.01571,0.00316,-0.00481,-0.01571,-0.00792,0.2675,4.8426,4.70157,4.79744,4.70815,4.66388
1998-02-25,4.8,4.853,4.928999999999999,4.8,5548.43,600843,0.01911,0.02061,0.09747,-0.0108,0.05592,0.42609,4.8622,4.7221,4.79658,4.71024,4.66977
1998-02-26,4.876,4.831,4.944,4.8,1521.5,600843,-0.00453,-0.03031,0.02744,-0.01388,0.06504,0.29379,4.832,4.72824,4.79548,4.71263,4.67423
1998-02-27,4.853,4.846,4.853,4.77,986.5,600843,0.0031,-0.00615,0.03063,0.00165,0.06132,0.20938,4.826,4.7351,4.79561,4.71491,4.67764
1998-03-02,4.861000000000001,4.914,5.05,4.702,5096.9,600843,0.01403,0.01571,0.057,0.02056,0.09982,0.18153,4.8412,4.74771,4.79721,4.71854,4.68071
1998-03-03,4.891,4.914,5.156000000000001,4.891,13184.99,600843,0.0,0.03192,0.03192,0.03192,0.10551,0.22452,4.8716,4.75495,4.79966,4.72235,4.68437
1998-03-04,5.065,5.103,5.186,4.974,6561.99,600843,0.03846,0.05151,0.10311,0.09766,0.1067,0.27511,4.9216,4.77767,4.80698,4.72635,4.68885
1998-03-05,5.065,5.08,5.178,4.997,5409.0,600843,-0.00451,0.05154,0.1182,0.14286,0.09625,0.26211,4.9714,4.80324,4.81723,4.72998,4.69314
1998-03-06,5.156000000000001,5.103,5.216,5.103,4228.3,600843,0.00453,0.05303,0.14212,0.14034,0.1345,0.29027,5.0228,4.83348,4.82735,4.73489,4.6978
1998-03-09,5.132999999999999,5.2010000000000005,5.231,5.132999999999999,2830.7,600843,0.0192,0.0584,0.15245,0.14863,0.1243,0.27757,5.0802,4.86624,4.83821,4.73957,4.7024
1998-03-10,5.186,5.329,5.382000000000001,5.148,6214.5,600843,0.02461,0.08445,0.15371,0.148,0.12426,0.30901,5.1632,4.90005,4.84929,4.74436,4.70751
1998-03-11,5.352,5.239,5.367000000000001,5.186,3411.11,600843,-0.01689,0.02665,0.12691,0.12136,0.05817,0.26515,5.1904,4.92814,4.85844,4.7467,4.71198
1998-03-12,5.224,5.178,5.224,5.103,2408.61,600843,-0.01164,0.01929,0.09587,0.09079,0.04416,0.24501,5.21,4.94971,4.86539,4.74848,4.71612
1998-03-13,5.14,5.065,5.171,4.997,2614.02,600843,-0.02182,-0.00745,0.05192,0.05521,0.05521,0.15507,5.2024,4.96162,4.86966,4.75063,4.71888
1998-03-16,5.05,5.027,5.132999999999999,4.989,2127.0,600843,-0.0075,-0.03346,0.05388,0.03097,0.04555,0.18394,5.1676,4.97386,4.8721,4.75241,4.72206
1998-03-17,4.989,5.05,5.156000000000001,4.989,2776.6,600843,0.00458,-0.05236,0.05033,0.06204,0.06048,0.19273,5.1118,4.98538,4.87685,4.75476,4.72537
1998-03-18,5.065,5.39,5.556,5.065,21578.4,600843,0.06733,0.02882,0.13545,0.1141,0.11942,0.29071,5.142,5.016,4.88576,4.75943,4.73031
1998-03-19,5.39,5.261,5.67,5.254,4356.6,600843,-0.02393,0.01603,0.10641,0.10479,0.04034,0.23905,5.1586,5.0401,4.89381,4.76109,4.73443
1998-03-20,5.261,5.11,5.367000000000001,5.065,2300.5,600843,-0.0287,0.00888,0.02569,0.05951,0.06281,0.11914,5.1676,5.04619,4.89844,4.76354,4.73665
1998-03-23,5.178,5.178,5.269,5.125,1236.6,600843,0.01331,0.03004,0.06194,0.07361,0.03312,0.18707,5.1978,5.06057,4.90416,4.76489,4.73996
1998-03-24,5.216,5.443,5.457999999999999,5.11,14203.5,600843,0.05118,0.07782,0.12505,0.13207,0.13396,0.24128,5.2764,5.08938,4.9144,4.77012,4.74426
1998-03-25,5.502999999999999,5.42,5.655,5.307,9182.38,600843,-0.00423,0.00557,0.13818,0.1527,0.13437,0.25929,5.2824,5.12071,4.92598,4.77534,4.7488
1998-03-26,5.178,5.36,5.496,5.178,43244.26,600843,-0.01107,0.01882,0.10447,0.12913,0.1308,0.24535,5.3022,5.14486,4.93587,4.78038,4.75309
1998-03-27,5.36,5.73,5.896,5.186,40887.17,600843,0.06903,0.12133,0.18609,0.20886,0.21656,0.39145,5.4262,5.18767,4.95184,4.78867,4.75965
1998-03-30,5.73,5.745,6.032,5.655,19533.2,600843,0.00262,0.1095,0.18551,0.16911,0.29014,0.34386,5.5396,5.23048,4.96524,4.79918,4.76562
1998-03-31,5.7379999999999995,5.579,5.775,5.534,9202.5,600843,-0.02889,0.02499,0.13533,0.16764,0.25286,0.29624,5.5668,5.26214,4.97816,4.80833,4.7708
1998-04-01,5.564,5.827999999999999,5.934,5.564,7332.3,600843,0.04463,0.07528,0.186,0.19721,0.26806,0.36327,5.6484,5.30567,4.99365,4.81835,4.77712
1998-04-02,5.904,5.73,6.093,5.67,12580.57,600843,-0.01682,0.06903,0.12287,0.13308,0.37807,0.30673,5.7224,5.33552,5.0045,4.83113,4.78259
1998-04-03,5.7829999999999995,5.821000000000001,5.957000000000001,5.556,10139.7,600843,0.01588,0.01588,0.14587,0.09996,0.50413,0.33448,5.7406,5.37081,5.01303,4.84699,4.78852
1998-04-06,5.934,6.002000000000001,6.199,5.806,15349.85,600843,0.03109,0.04473,0.17617,0.16408,0.47036,0.35608,5.792,5.41362,5.02668,4.8626,4.79492
1998-04-07,6.1160000000000005,6.221,6.237,5.942,12709.29,600843,0.03649,0.11507,0.19612,0.16237,0.43871,0.29013,5.9204,5.46219,5.04069,4.87802,4.80061
1998-04-08,6.237,6.501,6.712999999999999,6.191,18082.93,600843,0.04501,0.11548,0.21993,0.22684,0.38703,0.25866,6.055,5.518,5.06008,4.89277,4.80604
1998-04-09,6.501,5.919,6.5920000000000005,5.851,17054.83,600843,-0.08952,0.03298,0.1298,0.13805,0.33161,0.17651,6.0928,5.55038,5.07166,4.90476,4.80965
1998-04-10,5.821000000000001,5.821000000000001,5.934,5.579,8666.02,600843,-0.01656,0.0,0.12418,0.11599,0.30516,0.10961,6.0928,5.581,5.08142,4.91582,4.81199
1998-04-13,5.821000000000001,5.518,5.821000000000001,5.443,9516.62,600843,-0.05205,-0.08064,0.08944,0.08451,0.25838,0.04369,5.996,5.60257,5.08835,4.92503,4.81293
1998-04-14,5.443,5.632000000000001,5.7829999999999995,5.367000000000001,5808.57,600843,0.02066,-0.09468,0.12035,0.16968,0.29352,0.07707,5.8782,5.63138,5.10153,4.93542,4.81457
1998-04-15,5.632000000000001,5.632000000000001,5.775,5.579,6029.8,600843,0.0,-0.13367,0.11525,0.16968,0.23753,0.13388,5.7044,5.6591,5.11471,4.94421,4.81727
1998-04-16,5.632000000000001,5.593999999999999,5.859,5.481,6023.1,600843,-0.00675,-0.05491,0.03785,0.17645,0.18392,0.09301,5.6394,5.66881,5.12824,4.95128,4.8192
1998-04-17,5.593999999999999,5.609,5.7379999999999995,5.4879999999999995,4922.1,600843,0.00268,-0.03642,0.06615,0.16104,0.19087,0.13199,5.597,5.68538,5.14079,4.95859,4.82186
1998-04-20,5.632000000000001,5.851,5.859,5.556,5798.31,600843,0.04314,0.06035,0.14501,0.25048,0.25235,0.15359,5.6636,5.72067,5.15969,4.96817,4.82503
1998-04-21,5.896,5.775,6.01,5.707000000000001,6133.0,600843,-0.01299,0.02539,0.1153,0.21451,0.23609,0.10569,5.6922,5.7491,5.17615,4.97714,4.82727
1998-04-22,5.896,5.827999999999999,5.9270000000000005,5.707000000000001,6345.26,600843,0.00918,0.0348,0.07073,0.21797,0.25145,0.11455,5.7314,5.76743,5.19297,4.98666,4.82971
1998-04-23,5.827999999999999,5.632000000000001,5.896,5.593999999999999,6656.1,600843,-0.03363,0.00679,0.03911,0.27363,0.22328,0.03453,5.739,5.77752,5.21248,4.99502,4.83047
1998-04-24,5.556,5.382000000000001,5.67,5.352,8234.8,600843,-0.04439,-0.04047,0.0041,0.14462,0.18468,-0.03617,5.6936,5.77857,5.22345,5.00184,4.82965
1998-04-27,5.382000000000001,5.14,5.382000000000001,5.14,6109.3,600843,-0.04496,-0.12152,-0.10297,0.09315,0.11473,-0.15599,5.5514,5.75048,5.23052,5.00614,4.82579
1998-04-28,5.125,5.224,5.231,4.914,6540.31,600843,0.01634,-0.09541,-0.09069,0.12368,0.15371,-0.1195,5.4412,5.72567,5.23979,5.0118,4.82291
1998-04-29,5.2010000000000005,5.193,5.216,5.103,2034.6,600843,-0.00593,-0.10896,-0.06919,0.09051,0.18426,-0.11593,5.3142,5.70729,5.24674,5.01837,4.82014
1998-04-30,5.216,5.292000000000001,5.345,5.178,2705.09,600843,0.01906,-0.06037,-0.09197,0.14397,0.21543,-0.18106,5.2462,5.68176,5.25748,5.02599,4.81538
1998-05-04,5.292000000000001,5.118,5.329,5.065,4112.2,600843,-0.03288,-0.04905,-0.10681,0.12657,0.1919,-0.17757,5.1934,5.65262,5.26676,5.03269,4.81089
1998-05-05,5.11,5.246,5.277,5.004,3688.42,600843,0.02501,0.02062,-0.09878,0.17413,0.15271,-0.20177,5.2146,5.62524,5.27931,5.03834,4.8055
1998-05-06,5.292000000000001,5.397,5.405,5.224,4522.08,600843,0.02878,0.03312,-0.1008,0.19588,0.23529,-0.08757,5.2492,5.59643,5.29356,5.0467,4.80339
1998-05-07,5.405,5.337000000000001,5.473,5.292000000000001,4226.5,600843,-0.01112,0.02773,-0.1421,0.15544,0.22156,-0.06745,5.278,5.55433,5.30515,5.05457,4.80183
1998-05-08,5.329,5.526,5.579,5.065,7110.44,600843,0.03541,0.04422,-0.14998,0.18864,0.22041,-0.05924,5.3248,5.5079,5.31929,5.06268,4.80041
1998-05-11,5.556,5.745,5.972,5.541,11416.2,600843,0.03963,0.12251,-0.0294,0.21587,0.21024,-0.01711,5.4502,5.49962,5.33574,5.0708,4.8
1998-05-12,5.806,5.511,5.806,5.481,4369.2,600843,-0.04073,0.05051,-0.05326,0.14455,0.16635,-0.08894,5.5032,5.48486,5.34697,5.07719,4.79782
1998-05-13,5.4879999999999995,5.7829999999999995,5.859,5.4879999999999995,6654.72,600843,0.04936,0.07152,0.04802,0.21237,0.2221,-0.02528,5.5804,5.49748,5.36331,5.08573,4.79721
1998-05-14,5.791,5.638999999999999,5.888999999999999,5.579,5088.63,600843,-0.0249,0.05659,0.00124,0.17284,0.16725,0.02602,5.6408,5.49781,5.37671,5.0923,4.79779
1998-05-15,5.647,5.481,5.7379999999999995,5.435,4845.6,600843,-0.02802,-0.00814,-0.02681,0.15462,0.13291,-0.02854,5.6318,5.49062,5.38855,5.09753,4.79713
1998-05-18,5.443,5.405,5.466,5.329,3153.01,600843,-0.01387,-0.05918,-0.03379,0.1367,0.09992,-0.12242,5.5638,5.48162,5.39903,5.10152,4.79407
1998-05-19,5.39,5.481,5.518,5.39,2451.0,600843,0.01406,-0.00544,-0.02282,0.10016,0.08535,-0.04811,5.5578,5.47552,5.40708,5.10502,4.79294
1998-05-20,5.481,5.662000000000001,5.775,5.292000000000001,5157.36,600843,0.03302,-0.02092,-0.0323,0.1612,0.1612,0.03567,5.5336,5.46652,5.41976,5.11141,4.79374
1998-05-21,5.7,5.888999999999999,5.896,5.609,12295.44,600843,0.04009,0.04433,0.01974,0.21724,0.21724,0.05462,5.5836,5.47195,5.43671,5.11996,4.79498
1998-05-22,5.934,5.896,6.085,5.806,13864.85,600843,0.00119,0.07572,0.01167,0.23814,0.20179,0.17333,5.6666,5.47519,5.455,5.12801,4.79852
1998-05-25,5.904,6.282,6.471,5.904,17327.67,600843,0.06547,0.16226,0.11541,0.29446,0.2823,0.24298,5.842,5.50614,5.47805,5.13925,4.80351
1998-05-26,6.312,6.1610000000000005,6.456,6.085,12592.87,600843,-0.01926,0.12406,0.14474,0.27531,0.27346,0.20379,5.978,5.54324,5.4995,5.15001,4.80775
1998-05-27,6.199,6.176,6.274,6.085,9429.7,600843,0.00243,0.09078,0.20156,0.27445,0.28266,0.20672,6.0808,5.59257,5.52095,5.16107,4.81205
1998-05-29,6.199,6.305,6.441,6.184,8856.22,600843,0.02089,0.07064,0.20693,0.28307,0.32402,0.36857,6.164,5.64405,5.54339,5.17362,4.81895
1998-06-01,6.388,6.085,6.403,6.055,7901.5,600843,-0.03489,0.03206,0.17177,0.2383,0.30888,0.32082,6.2018,5.68652,5.56227,5.18529,4.82496
1998-06-02,5.972,6.274,6.274,5.859,8681.53,600843,0.03106,-0.00127,0.18556,0.22947,0.41147,0.28408,6.2002,5.73329,5.58116,5.20016,4.8306
1998-06-03,6.32,6.894,6.902,6.312,29829.99,600843,0.09882,0.11897,0.34701,0.35709,0.54056,0.42115,6.3468,5.81786,5.61042,5.21983,4.83891
1998-06-04,6.841,6.811,6.894,6.501,11337.37,600843,-0.01204,0.10282,0.29832,0.33471,0.5042,0.44577,6.4738,5.89238,5.63797,5.23839,4.84744
1998-06-05,6.787999999999999,6.69,6.796,6.433,10709.09,600843,-0.01777,0.06106,0.23958,0.28629,0.44119,0.38912,6.5508,5.95395,5.66198,5.25504,4.85506
1998-06-08,6.584,6.229,6.6370000000000005,6.169,6466.6,600843,-0.06891,0.02366,0.16714,0.16889,0.33326,0.23103,6.5796,5.99643,5.6765,5.2677,4.85981
1998-06-09,6.122999999999999,5.715,6.184,5.617000000000001,7804.15,600843,-0.08252,-0.0891,0.0342,0.09086,0.20392,0.12945,6.4678,6.00543,5.68418,5.27557,4.86248
1998-06-10,5.768,5.797999999999999,5.874,5.609,3826.59,600843,0.01452,-0.15898,0.00923,0.11974,0.20792,0.10755,6.2486,6.00795,5.69418,5.28368,4.86476
1998-06-11,5.821000000000001,5.6770000000000005,5.874,5.586,3089.4,600843,-0.02087,-0.1665,0.03012,0.12083,0.16427,0.07969,6.0218,6.01586,5.70405,5.2902,4.86647
1998-06-12,5.874,5.972,5.987,5.806,3778.6,600843,0.05196,-0.10732,0.03268,0.18798,0.25594,0.20793,5.8782,6.02486,5.71929,5.30009,4.87065
1998-06-15,5.957000000000001,5.775,5.957000000000001,5.7379999999999995,1861.8,600843,-0.03299,-0.07288,0.02412,0.14356,0.19368,0.24007,5.7874,6.03133,5.73098,5.30771,4.87519
1998-06-16,5.707000000000001,5.579,5.73,5.307,3215.4,600843,-0.03394,-0.0238,0.01788,0.03506,0.17157,0.25512,5.7602,6.036,5.73403,5.31435,4.8798
1998-06-17,5.5489999999999995,5.745,5.8660000000000005,5.5489999999999995,2245.6,600843,0.02975,-0.00914,0.0629,0.092,0.19117,0.29246,5.7496,6.05219,5.74184,5.32185,4.88509
1998-06-18,5.73,5.874,5.896,5.73,1391.05,600843,0.02245,0.0347,0.0717,0.14951,0.21791,0.33957,5.789,6.0709,5.75416,5.33039,4.89114
1998-06-19,5.904,5.942,6.01,5.821000000000001,2502.0,600843,0.01158,-0.00502,0.04945,0.14755,0.23586,0.27183,5.783,6.08424,5.76648,5.33961,4.8963
1998-06-22,5.821000000000001,6.002000000000001,6.01,5.821000000000001,3147.23,600843,0.0101,0.03931,0.01919,0.1027,0.27648,0.30167,5.8284,6.08962,5.7755,5.35018,4.90196
1998-06-23,5.957000000000001,5.851,6.017,5.827999999999999,1824.95,600843,-0.02516,0.04875,-0.00763,0.07952,0.23257,0.33432,5.8828,6.08748,5.78245,5.35915,4.90791
1998-06-24,5.851,5.896,6.01,5.752999999999999,2145.7,600843,0.00769,0.02628,-0.06145,0.1,0.24388,0.3683,5.913,6.0691,5.7911,5.36855,4.91437
1998-06-25,5.896,5.745,5.934,5.7,1483.5,600843,-0.02561,-0.02196,-0.06752,0.00262,0.16911,0.35719,5.8872,6.04929,5.79134,5.37531,4.92051
1998-06-26,5.745,5.723,5.821000000000001,5.67,1476.39,600843,-0.00383,-0.03686,-0.07335,-0.00383,0.19778,0.29862,5.8434,6.02771,5.79098,5.38299,4.92586
1998-06-29,5.692,5.534,5.73,5.518,1928.3,600843,-0.03302,-0.07797,-0.12228,-0.00807,0.13681,0.29784,5.7498,5.991,5.79026,5.38841,4.93102
1998-06-30,5.518,5.534,5.662000000000001,5.518,972.0,600843,0.0,-0.05418,-0.09055,-0.05045,0.09432,0.28429,5.6864,5.96476,5.78552,5.39228,4.936
1998-07-01,5.67,5.473,5.67,5.473,1470.0,600843,-0.01102,-0.07174,-0.12767,-0.04485,0.0342,0.28143,5.6018,5.92662,5.78137,5.39376,4.94089
1998-07-02,5.435,5.518,5.518,5.329,1280.5,600843,0.00822,-0.03951,-0.19959,-0.05205,0.07021,0.33932,5.5564,5.8611,5.77648,5.3967,4.94657
1998-07-03,5.593999999999999,5.5489999999999995,5.593999999999999,5.457999999999999,1330.59,600843,0.00562,-0.0304,-0.18529,-0.07547,0.03681,0.41701,5.5216,5.801,5.76918,5.3983,4.95321
1998-07-06,5.518,5.412999999999999,5.518,5.405,977.7,600843,-0.02451,-0.02186,-0.19088,-0.12988,0.02151,0.46139,5.4974,5.74019,5.75615,5.39923,4.96016
1998-07-07,5.428,5.329,5.443,5.292000000000001,1960.46,600843,-0.01552,-0.03704,-0.14449,-0.18028,0.02461,0.50324,5.4564,5.69733,5.73724,5.40027,4.96741
1998-07-08,5.382000000000001,5.473,5.5489999999999995,5.2989999999999995,2968.0,600843,0.02702,0.0,-0.04234,-0.07535,0.04927,0.54039,5.4564,5.68581,5.73005,5.40236,4.97522
1998-07-09,5.473,5.412999999999999,5.586,5.412999999999999,2848.87,600843,-0.01096,-0.01903,-0.0664,-0.07009,0.06388,0.62748,5.4354,5.66748,5.72347,5.405,4.9837
1998-07-10,5.579,5.602,5.638999999999999,5.443,2084.11,600843,0.03492,0.00955,-0.01321,0.01522,0.16345,0.61441,5.446,5.6639,5.72482,5.4114,4.99237
1998-07-13,5.632000000000001,5.556,5.662000000000001,5.518,2415.28,600843,-0.00821,0.02642,-0.06966,-0.01349,0.15389,0.59061,5.4746,5.6441,5.7236,5.41742,5.00075
1998-07-14,5.556,5.382000000000001,5.556,5.375,2599.8,600843,-0.03132,0.00995,-0.06805,-0.04439,0.13186,0.49875,5.4852,5.62538,5.71956,5.42252,5.00803
1998-07-15,5.412999999999999,5.397,5.443,5.292000000000001,2408.6,600843,0.00279,-0.01389,-0.03262,-0.03522,0.11716,0.463,5.47,5.61671,5.71639,5.42712,5.01498
1998-07-16,5.36,5.292000000000001,5.443,5.277,3409.75,600843,-0.01946,-0.02235,-0.07885,-0.05652,0.13101,0.40297,5.4458,5.59514,5.71127,5.43211,5.02115
1998-07-17,5.277,5.261,5.367000000000001,5.261,2035.5,600843,-0.00586,-0.06087,-0.10436,-0.10084,0.10641,0.3918,5.3776,5.56595,5.70176,5.43622,5.02717
1998-07-20,5.2010000000000005,5.322,5.36,5.186,1929.12,600843,0.01159,-0.04212,-0.10434,-0.07844,0.11223,0.46048,5.3308,5.53643,5.69445,5.44059,5.034
1998-07-21,5.261,5.405,5.435,5.216,1823.9,600843,0.0156,0.00427,-0.09947,-0.07258,0.2223,0.47436,5.3354,5.508,5.68763,5.44858,5.04107
1998-07-22,5.435,5.367000000000001,5.443,5.292000000000001,1435.0,600843,-0.00703,-0.00556,-0.08272,-0.04705,0.14143,0.43733,5.3294,5.48495,5.68335,5.45398,5.0477
1998-07-23,5.329,5.42,5.435,5.329,1503.6,600843,0.00988,0.02419,-0.08073,0.00706,0.1527,0.46605,5.355,5.46229,5.68397,5.45982,5.05471
1998-07-24,5.42,5.502999999999999,5.579,5.42,2577.61,600843,0.01531,0.046,-0.04212,0.07062,0.1837,0.44436,5.4034,5.45076,5.68982,5.46676,5.06159
1998-07-27,5.502999999999999,5.466,5.518,5.412999999999999,1391.5,600843,-0.00672,0.02706,-0.04491,0.04632,0.14784,0.43164,5.4322,5.43852,5.69373,5.47249,5.06829
1998-07-28,5.534,5.707000000000001,5.859,5.502999999999999,6050.8,600843,0.04409,0.05587,0.03126,0.09898,0.23368,0.52512,5.4926,5.44676,5.70202,5.48128,5.07628
1998-07-29,5.518,5.624,5.73,5.518,1895.1,600843,-0.01454,0.04789,0.01626,0.06274,0.23795,0.49973,5.544,5.45105,5.70737,5.49007,5.08389
1998-07-30,5.67,5.579,5.67,5.579,1005.0,600843,-0.008,0.02934,0.01937,0.09007,0.24866,0.42758,5.5758,5.4561,5.71481,5.4991,5.09069
1998-07-31,5.593999999999999,5.571000000000001,5.6770000000000005,5.556,1401.3,600843,-0.00143,0.01236,0.0096,0.06195,0.23443,0.34728,5.5894,5.45862,5.72005,5.5077,5.09652
1998-08-03,5.638999999999999,5.593999999999999,5.638999999999999,5.5489999999999995,1642.25,600843,0.00413,0.02342,0.00811,0.0365,0.21108,0.33317,5.615,5.46076,5.72323,5.51563,5.10221
1998-08-04,5.593999999999999,5.5489999999999995,5.593999999999999,5.443,959.3,600843,-0.00804,-0.02769,0.02512,0.03972,0.19359,0.29468,5.5834,5.46724,5.72665,5.52294,5.10734
1998-08-05,5.662000000000001,5.647,5.662000000000001,5.579,1325.75,600843,0.01766,0.00409,0.05967,0.0219,0.19513,0.29906,5.588,5.48238,5.7286,5.53044,5.11263
1998-08-06,5.7,5.752999999999999,5.859,5.632000000000001,4616.6,600843,0.01877,0.03119,0.05116,0.00139,0.19481,0.2683,5.6228,5.49571,5.72873,5.53807,5.11757
1998-08-07,5.745,5.624,5.806,5.602,2319.3,600843,-0.02242,0.00951,0.03898,0.0205,0.17904,0.26953,5.6334,5.50576,5.73055,5.54501,5.12243
1998-08-10,5.624,5.775,5.836,5.518,3817.38,600843,0.02685,0.03236,0.03088,-0.00138,0.20112,0.38158,5.6696,5.514,5.73042,5.55287,5.12891
1998-08-11,5.813,5.593999999999999,5.9639999999999995,5.593999999999999,7949.3,600843,-0.03134,0.00811,0.00684,-0.00798,0.17843,0.21715,5.6786,5.51581,5.72969,5.55976,5.13297
1998-08-12,5.579,5.352,5.579,5.14,4020.8,600843,-0.04326,-0.05224,-0.00557,-0.02354,0.12555,0.14188,5.6196,5.51438,5.72761,5.56461,5.13567
1998-08-13,5.292000000000001,5.412999999999999,5.481,5.277,2049.4,600843,0.0114,-0.0591,0.00296,0.00148,0.08651,0.10155,5.5516,5.51514,5.72774,5.56811,5.1377
1998-08-14,5.307,5.171,5.412999999999999,5.148,2886.0,600843,-0.04471,-0.08055,-0.02286,-0.05656,0.0605,0.09277,5.461,5.50938,5.72274,5.57051,5.13948
1998-08-17,5.148,4.657,5.148,4.657,2111.2,600843,-0.0994,-0.19359,-0.11481,-0.1775,-0.03741,-0.03741,5.2374,5.48062,5.70653,5.56904,5.13875
1998-08-18,4.5360000000000005,4.498,4.732,4.4,2927.44,600843,-0.03414,-0.19592,-0.15483,-0.2362,-0.05544,-0.06292,5.0182,5.44138,5.6841,5.56689,5.13752
1998-08-19,4.543,4.747,4.77,4.543,1777.25,600843,0.05536,-0.11304,-0.12174,-0.19488,-0.02184,0.03285,4.8972,5.41005,5.66556,5.56603,5.13813
1998-08-20,4.8,4.928999999999999,4.928999999999999,4.6419999999999995,2091.3,600843,0.03834,-0.08941,-0.08161,-0.21538,0.02029,0.08664,4.8004,5.38919,5.64374,5.56683,5.13973
1998-08-21,4.914,4.967,4.982,4.762,1945.0,600843,0.00771,-0.03945,-0.08358,-0.1938,0.02497,0.08782,4.7596,5.36762,5.62448,5.56781,5.14136
1998-08-24,5.14,5.466,5.466,5.08,5976.8,600843,0.10046,0.17372,-0.00672,-0.11496,0.11233,0.22337,4.9214,5.36586,5.61303,5.5723,5.14542
1998-08-25,5.586,5.518,5.692,5.2989999999999995,12065.43,600843,0.00951,0.22677,0.00951,-0.12482,0.12291,0.24139,5.1254,5.36833,5.60034,5.57721,5.14978
1998-08-26,5.481,5.367000000000001,5.518,5.307,3302.17,600843,-0.02736,0.13061,-0.05958,-0.118,0.05173,0.16396,5.2494,5.35214,5.58876,5.57936,5.15285
1998-08-27,5.314,5.586,5.821000000000001,5.261,8446.56,600843,0.0408,0.13329,-0.00676,-0.10966,0.09961,0.20544,5.3808,5.35033,5.57766,5.58347,5.15672
1998-08-28,5.518,5.367000000000001,5.662000000000001,5.337000000000001,5130.6,600843,-0.03921,0.08053,-0.038,-0.2215,0.05173,0.1932,5.4608,5.34024,5.55303,5.58562,5.16026
1998-08-31,5.292000000000001,5.791,5.821000000000001,5.207999999999999,7825.84,600843,0.079,0.05946,0.03949,-0.14976,0.11344,0.25184,5.5258,5.35071,5.53658,5.59041,5.16499
1998-09-01,5.73,5.617000000000001,5.76,5.593999999999999,6250.2,600843,-0.03005,0.01794,0.00411,-0.16039,0.05404,0.18502,5.5456,5.35181,5.51927,5.59276,5.16856
1998-09-02,5.518,5.564,5.67,5.443,2714.69,600843,-0.00944,0.03671,0.0027,-0.10676,0.06203,0.12381,5.585,5.35252,5.50855,5.5954,5.17105
1998-09-03,5.556,5.579,5.632000000000001,5.518,1530.0,600843,0.0027,-0.00125,-0.01204,-0.0238,0.07744,0.12503,5.5836,5.34929,5.50635,5.59866,5.17357
1998-09-04,5.586,5.775,5.7829999999999995,5.586,4506.95,600843,0.03513,0.07602,0.00382,-0.00397,0.14018,0.20313,5.6652,5.35033,5.50598,5.60443,5.17753
1998-09-07,5.888999999999999,5.8660000000000005,5.896,5.685,5818.16,600843,0.01576,0.01295,0.04303,0.03329,0.1669,0.22005,5.6802,5.36186,5.50903,5.61125,5.18183
1998-09-08,5.836,5.692,5.8660000000000005,5.67,4141.0,600843,-0.02966,0.01335,-0.01437,-0.04689,0.12713,0.1953,5.6952,5.3579,5.50452,5.61647,5.18561
1998-09-09,5.655,5.836,5.859,5.632000000000001,5209.59,600843,0.0253,0.04889,0.04326,0.01056,0.08275,0.21205,5.7496,5.36943,5.5055,5.6201,5.18976
1998-09-10,5.836,5.888999999999999,6.032,5.836,8375.16,600843,0.00908,0.05557,0.10034,0.05557,0.11937,0.16452,5.8116,5.395,5.5105,5.6252,5.19315
1998-09-11,5.888999999999999,6.206,6.244,5.888999999999999,14960.88,600843,0.05383,0.07463,0.1465,0.08024,0.21448,0.29077,5.8978,5.43276,5.51794,5.63411,5.19883
1998-09-14,6.282,6.486000000000001,6.562,6.282,17663.66,600843,0.04512,0.10569,0.2543,0.10419,0.25261,0.29409,6.0218,5.49538,5.52781,5.64475,5.20482
1998-09-15,6.085,6.426,6.705,6.085,12277.26,600843,-0.00925,0.12895,0.37986,0.08145,0.1806,0.33875,6.1686,5.57962,5.53561,5.65274,5.21143
1998-09-16,6.426,6.736000000000001,6.751,6.312,14542.86,600843,0.04824,0.15422,0.49755,0.12229,0.2428,0.40979,6.3486,5.68619,5.54745,5.66344,5.21939
1998-09-17,6.766,6.486000000000001,6.879,6.388,17172.8,600843,-0.03711,0.10138,0.36634,0.10853,0.21007,0.36835,6.468,5.769,5.55769,5.67259,5.22649
1998-09-18,6.426,6.229,6.501,6.122999999999999,10525.38,600843,-0.03962,0.00371,0.26375,0.05648,0.08709,0.32251,6.4726,5.8309,5.56306,5.67665,5.23266
1998-09-21,6.184,6.645,6.712999999999999,6.108,9915.73,600843,0.06678,0.02451,0.33783,0.15666,0.15666,0.49225,6.5044,5.91081,5.57758,5.68397,5.24157
1998-09-22,6.645,6.728,7.053,6.577000000000001,23743.93,600843,0.01249,0.047,0.23088,0.17561,0.20595,0.51089,6.5648,5.9709,5.59379,5.69331,5.25082
1998-09-23,6.781000000000001,6.736000000000001,6.879,6.584,9000.4,600843,0.00119,0.0,0.22073,0.2172,0.1558,0.46562,6.5648,6.0289,5.61318,5.70069,5.25952
1998-09-24,6.736000000000001,6.426,6.736000000000001,6.388,5599.3,600843,-0.04602,-0.00925,0.19732,0.16119,0.12147,0.54545,6.5528,6.07933,5.62756,5.70635,5.26874
1998-09-25,6.35,6.6370000000000005,6.652,6.35,5359.8,600843,0.03284,0.0655,0.18815,0.21268,0.14018,0.71499,6.6344,6.12938,5.64634,5.71298,5.27999
1998-09-28,6.742999999999999,6.41,6.742999999999999,6.41,5688.5,600843,-0.0342,-0.03536,0.19434,0.16165,0.06798,0.57031,6.5874,6.17905,5.66073,5.7163,5.28945
1998-09-29,6.417999999999999,6.462999999999999,6.524,6.274,5301.46,600843,0.00827,-0.03939,0.11604,0.16471,0.0389,0.49468,6.5344,6.21105,5.67547,5.71827,5.29815
1998-09-30,6.462999999999999,6.577000000000001,6.607,6.456,4601.15,600843,0.01764,-0.0236,0.17091,0.21504,0.01169,0.40324,6.5026,6.25676,5.69424,5.71889,5.30583
1998-10-05,6.622000000000001,6.531000000000001,6.652,6.5089999999999995,3446.0,600843,-0.00699,0.01634,0.1738,0.22556,0.1034,0.46929,6.5236,6.30281,5.71363,5.72386,5.31431
1998-10-06,6.539,6.683,6.879,6.456,9771.5,600843,0.02327,0.00693,0.19788,0.22109,0.14808,0.49843,6.5328,6.35538,5.73315,5.73087,5.32335
1998-10-07,6.728,7.34,7.348,6.712999999999999,28932.79,600843,0.09831,0.14509,0.271,0.35599,0.33019,0.67389,6.7188,6.4299,5.76423,5.74568,5.33536
1998-10-08,7.332999999999999,7.4079999999999995,7.4079999999999995,7.068,19497.72,600843,0.00926,0.14622,0.26287,0.32238,0.31534,0.70142,6.9078,6.50333,5.79335,5.76012,5.34777
1998-10-09,7.468999999999999,7.242000000000001,7.62,7.166,18017.0,600843,-0.02241,0.10111,0.27231,0.30346,0.28587,0.5913,7.0408,6.57714,5.82055,5.77321,5.35871
1998-10-12,7.37,7.627999999999999,7.718,7.242000000000001,17456.27,600843,0.0533,0.16797,0.30706,0.41732,0.3636,0.61439,7.2602,6.66248,5.85677,5.78975,5.37051
1998-10-13,7.688,7.468999999999999,7.747999999999999,7.4079999999999995,10417.41,600843,-0.02084,0.11761,0.2683,0.38392,0.33161,0.58577,7.4174,6.73771,5.89019,5.80487,5.38173
1998-10-14,7.401,7.401,7.484,7.182,7239.15,600843,-0.0091,0.00831,0.19256,0.39853,0.26491,0.58412,7.4296,6.79462,5.92421,5.81747,5.39282
1998-10-15,7.416,7.431,7.672999999999999,7.318,7333.04,600843,0.00405,0.0031,0.1457,0.41247,0.28675,0.59054,7.4342,6.83962,5.95921,5.83093,5.40404
1998-10-16,7.4079999999999995,7.068,7.431,7.015,10279.98,600843,-0.04885,-0.02403,0.09991,0.32807,0.21277,0.51772,7.3994,6.87019,5.98737,5.84102,5.41384
1998-10-19,7.03,7.144,7.234,6.955,5893.98,600843,0.01075,-0.06345,0.06057,0.32174,0.26847,0.55169,7.3026,6.88962,6.01542,5.85331,5.42416
1998-10-20,7.166,7.1739999999999995,7.242000000000001,6.992999999999999,3915.47,600843,0.0042,-0.0395,0.10607,0.33669,0.33296,0.57913,7.2436,6.92238,6.04456,5.86788,5.43486
1998-10-21,7.1739999999999995,6.803999999999999,7.1739999999999995,6.796,6273.0,600843,-0.05158,-0.08066,0.09231,0.25535,0.32374,0.4756,7.1242,6.94976,6.06689,5.88141,5.44377
1998-10-22,6.766,6.864,6.879,6.516,7590.68,600843,0.00882,-0.0763,0.03296,0.24732,0.31394,0.5159,7.0108,6.96019,6.08884,5.89474,5.45327
1998-10-23,6.872000000000001,6.667000000000001,6.955,6.66,5805.3,600843,-0.0287,-0.05673,-0.00907,0.21972,0.28384,0.52041,6.9306,6.95729,6.10821,5.90672,5.46254
1998-10-26,6.615,6.41,6.615,6.237,7770.9,600843,-0.03855,-0.10274,-0.0484,0.12318,0.21126,0.47221,6.7838,6.94176,6.11955,5.91581,5.4709
1998-10-27,6.41,6.494,6.531000000000001,6.3420000000000005,3194.52,600843,0.0131,-0.09479,0.01058,0.15469,0.26886,0.51234,6.6478,6.945,6.13358,5.927,5.47985
1998-10-28,6.501,6.63,6.675,6.433,3808.05,600843,0.02094,-0.02557,-0.00105,0.18839,0.26382,0.45682,6.613,6.94467,6.15053,5.93825,5.4883
1998-10-29,6.562,6.426,6.652,6.395,4119.13,600843,-0.03077,-0.06381,0.0025,0.15347,0.19066,0.47082,6.5254,6.94543,6.16432,5.94662,5.49666
1998-10-30,6.365,6.335,6.569,6.289,3354.97,600843,-0.01416,-0.0498,-0.01981,0.13246,0.187,0.44999,6.459,6.93933,6.17627,5.95473,5.50465
1998-11-02,6.35,6.274,6.372999999999999,6.237,3183.1,600843,-0.00963,-0.02122,-0.04607,0.13065,0.13536,0.3856,6.4318,6.9249,6.18797,5.96081,5.51175
1998-11-03,6.274,6.417999999999999,6.5089999999999995,6.274,3115.5,600843,0.02295,-0.0117,-0.0173,0.13653,0.11715,0.35201,6.4166,6.91952,6.2004,5.96628,5.51854
1998-11-04,6.426,6.607,6.6370000000000005,6.38,3836.49,600843,0.02945,-0.00347,-0.01137,0.14844,0.19887,0.39831,6.412,6.9159,6.21418,5.9752,5.52619
1998-11-05,6.5920000000000005,6.486000000000001,6.667000000000001,6.426,3915.48,600843,-0.01831,0.00934,-0.11635,0.15327,0.12156,0.37067,6.424,6.87524,6.22808,5.98091,5.53332
1998-11-06,6.486000000000001,6.426,6.501,6.312,4744.15,600843,-0.00925,0.01436,-0.13256,0.11273,0.13956,0.33016,6.4422,6.82848,6.23858,5.98731,5.5398
1998-11-09,6.584,6.787999999999999,6.803999999999999,6.486000000000001,9385.77,600843,0.05633,0.08193,-0.06269,0.21344,0.23846,0.40306,6.545,6.80686,6.25784,5.99793,5.54773
1998-11-10,6.757999999999999,6.819,7.4079999999999995,6.5920000000000005,7558.02,600843,0.00457,0.06248,-0.10606,0.2741,0.26161,0.38767,6.6252,6.76833,6.2815,6.00943,5.55548
1998-11-11,6.819,6.879,7.091,6.819,10239.15,600843,0.0088,0.04117,-0.07899,0.27083,0.25506,0.36218,6.6796,6.74024,6.30515,6.0208,5.56291
1998-11-12,6.879,6.69,6.932,6.63,4284.05,600843,-0.02747,0.03145,-0.09607,0.29375,0.18156,0.37203,6.7204,6.70638,6.32965,6.02915,5.57028
1998-11-13,6.69,6.652,6.69,6.501,3012.15,600843,-0.00568,0.03517,-0.10483,0.42839,0.12956,0.37495,6.7656,6.66929,6.36182,6.03536,5.57766
1998-11-16,6.652,6.584,6.652,6.38,4392.28,600843,-0.01022,-0.03005,-0.06848,0.46376,0.11669,0.34203,6.7248,6.64624,6.39547,6.04095,5.58448
1998-11-17,6.569,6.562,6.599,6.433,2043.17,600843,-0.00334,-0.03769,-0.08147,0.38235,0.04457,0.33946,6.6734,6.61852,6.42474,6.04323,5.59124
1998-11-18,6.547000000000001,6.501,6.63,6.471,1160.2,600843,-0.0093,-0.05495,-0.09381,0.31893,0.05519,0.34374,6.5978,6.58648,6.4501,6.04599,5.598
1998-11-19,6.441,6.4479999999999995,6.531000000000001,6.38,1415.9,600843,-0.00815,-0.03617,-0.05232,0.29817,0.04404,0.33915,6.5494,6.56952,6.47398,6.0482,5.60464
1998-11-20,6.501,6.441,6.562,6.433,1426.5,600843,-0.00109,-0.03172,-0.06163,0.17838,0.02157,0.35258,6.5072,6.54938,6.48971,6.04931,5.61146
1998-11-23,6.462999999999999,6.426,6.501,6.335,1637.0,600843,-0.00233,-0.024,-0.03615,0.16455,0.05604,0.38223,6.4756,6.5379,6.50435,6.05208,5.61869
1998-11-24,6.41,6.441,6.486000000000001,6.41,1068.07,600843,0.00233,-0.01844,0.00484,0.20011,0.02662,0.44904,6.4514,6.53938,6.52168,6.05344,5.6268
1998-11-25,6.615,6.675,6.757999999999999,6.5089999999999995,4916.0,600843,0.03633,0.02677,0.02787,0.19495,-0.03177,0.49162,6.4862,6.548,6.53924,6.05166,5.63574
1998-11-26,6.675,6.615,6.72,6.569,3373.7,600843,-0.00899,0.0259,-0.00226,0.23253,-0.02878,0.46091,6.5196,6.54729,6.55937,6.05007,5.64423
1998-11-27,6.462999999999999,6.539,6.6370000000000005,6.462999999999999,2030.0,600843,-0.01149,0.01522,0.01758,0.12917,-0.02257,0.40866,6.5392,6.55267,6.57144,6.04884,5.65194
1998-11-30,6.712999999999999,6.751,6.864,6.63,7053.02,600843,0.03242,0.05058,0.06567,0.20189,0.0838,0.44499,6.6042,6.57248,6.58973,6.05308,5.66039
1998-12-01,6.787999999999999,6.562,6.803999999999999,6.547000000000001,2392.0,600843,-0.028,0.01879,0.0459,0.17937,0.14821,0.38235,6.6284,6.58619,6.60582,6.05997,5.66777
1998-12-02,6.577000000000001,6.426,6.577000000000001,6.372999999999999,1713.9,600843,-0.02073,-0.0373,0.00125,0.15182,0.10831,0.33875,6.5786,6.58657,6.61948,6.06507,5.67438
1998-12-03,6.441,6.35,6.471,6.335,1434.88,600843,-0.01183,-0.04006,-0.0389,0.09957,0.11855,0.3023,6.5256,6.57433,6.62876,6.07054,5.68037
1998-12-04,6.35,6.267,6.441,6.229,1937.0,600843,-0.01307,-0.0416,-0.03377,0.06836,0.0494,0.31798,6.4712,6.5639,6.63523,6.07294,5.68652
1998-12-07,6.41,6.025,6.41,6.017,2532.0,600843,-0.03861,-0.10754,-0.0624,0.0585,0.04329,0.24535,6.326,6.54481,6.6406,6.07498,5.69134
1998-12-08,6.01,6.017,6.138,5.9639999999999995,1634.3,600843,-0.00133,-0.08305,-0.11358,0.03101,0.07851,0.26354,6.217,6.5081,6.64352,6.07854,5.69644
1998-12-09,6.063,5.949,6.122999999999999,5.806,2764.2,600843,-0.0113,-0.07423,-0.12758,0.01019,0.03551,0.23346,6.1216,6.46667,6.64448,6.0802,5.70102
1998-12-10,5.957000000000001,5.791,5.957000000000001,5.791,1022.0,600843,-0.02656,-0.08803,-0.15816,-0.06687,-0.01413,0.2007,6.0098,6.41486,6.63779,6.07952,5.70496
1998-12-11,5.791,5.851,5.859,5.715,926.2,600843,0.01036,-0.06638,-0.12541,-0.0979,-0.01531,0.21693,5.9266,6.3749,6.62755,6.07878,5.7092
1998-12-14,5.896,5.723,5.896,5.715,650.46,600843,-0.02188,-0.05012,-0.13966,-0.1094,-0.04648,0.21714,5.8662,6.33067,6.61621,6.07651,5.71335
1998-12-15,5.745,5.745,5.745,5.534,1315.25,600843,0.00384,-0.04521,-0.12743,-0.14712,-0.01812,0.21024,5.8118,6.29071,6.60023,6.07565,5.7174
1998-12-16,5.73,5.797999999999999,5.851,5.67,1012.4,600843,0.00923,-0.02538,-0.11643,-0.10607,-0.01662,0.22321,5.7816,6.25433,6.58913,6.07485,5.7217
1998-12-17,5.707000000000001,5.655,5.791,5.534,659.2,600843,-0.02466,-0.02348,-0.13013,-0.09215,-0.01567,0.15079,5.7544,6.21405,6.57987,6.07412,5.72472
1998-12-18,5.632000000000001,5.593999999999999,5.67,5.571000000000001,704.5,600843,-0.01079,-0.04392,-0.13244,-0.15816,-0.02254,0.17078,5.703,6.17338,6.56292,6.07307,5.72803
1998-12-21,5.593999999999999,5.76,5.7829999999999995,5.593999999999999,897.2,600843,0.02967,0.00647,-0.10573,-0.14388,0.04084,0.18324,5.7104,6.14095,6.54731,6.07491,5.73166
1998-12-22,5.76,5.934,5.957000000000001,5.76,1486.0,600843,0.03021,0.0329,-0.07656,-0.11906,0.07228,0.17342,5.7482,6.11752,6.53437,6.07816,5.73522
1998-12-23,5.995,5.934,5.995,5.7829999999999995,1467.0,600843,0.0,0.02346,-0.07871,-0.07656,0.08423,0.12132,5.7754,6.09338,6.52644,6.08191,5.73783
1998-12-24,5.8660000000000005,6.032,6.04,5.821000000000001,1123.9,600843,0.01651,0.06667,-0.09633,-0.09116,0.09315,0.1699,5.8508,6.06276,6.51668,6.08609,5.74139
1998-12-25,6.047999999999999,6.07,6.169,6.04,3396.98,600843,0.0063,0.08509,-0.08239,-0.05304,0.09389,0.13416,5.946,6.03681,6.51119,6.09033,5.74431
1998-12-29,6.063,5.745,6.063,5.715,1078.29,600843,-0.05354,-0.0026,-0.12143,-0.11109,0.06133,0.08417,5.943,5.999,6.49961,6.09302,5.74613
1998-12-30,5.745,5.692,5.912000000000001,5.579,1115.0,600843,-0.00923,-0.04078,-0.15687,-0.13456,0.06812,0.0944,5.8946,5.94857,6.48534,6.09598,5.74812
1998-12-31,5.859,5.707000000000001,5.881,5.624,376.0,600843,0.00264,-0.03825,-0.1303,-0.12617,0.04276,0.09413,5.8492,5.90786,6.47205,6.09788,5.75012
1999-01-04,5.564,5.655,5.745,5.457999999999999,431.0,600843,-0.00911,-0.0625,-0.11998,-0.15382,0.04471,0.11144,5.7738,5.87114,6.45547,6.09985,5.75242
1999-01-05,5.502999999999999,5.602,5.67,5.4879999999999995,603.99,600843,-0.00937,-0.0771,-0.1178,-0.23678,0.0,0.16345,5.6802,5.83552,6.42744,6.09985,5.75562
1999-01-06,5.632000000000001,5.67,5.7379999999999995,5.632000000000001,586.0,600843,0.01214,-0.01305,-0.09526,-0.23461,0.02052,0.17757,5.6652,5.8071,6.3994,6.10077,5.7591
1999-01-07,5.609,5.662000000000001,5.692,5.367000000000001,930.3,600843,-0.00141,-0.00527,-0.06025,-0.21817,0.05203,0.19075,5.6592,5.78981,6.37392,6.10305,5.76278
1999-01-08,5.745,6.229,6.229,5.745,9821.44,600843,0.10014,0.09147,0.03523,-0.1834,0.15416,0.28938,5.7636,5.7999,6.35135,6.10981,5.76847
1999-01-11,6.426,6.2589999999999995,6.426,6.169,6668.43,600843,0.00482,0.10681,0.05211,-0.162,0.18273,0.33768,5.8844,5.81467,6.33184,6.11767,5.77489
1999-01-12,6.2589999999999995,5.972,6.2589999999999995,5.972,4136.67,600843,-0.04585,0.06605,0.03126,-0.19308,0.13515,0.25594,5.9584,5.82329,6.30879,6.12346,5.77984
1999-01-13,5.827999999999999,5.791,5.942,5.745,3059.0,600843,-0.03031,0.02134,-0.01025,-0.2207,0.08812,0.21024,5.9826,5.82043,6.28234,6.12727,5.78393
1999-01-14,5.752999999999999,5.827999999999999,5.957000000000001,5.7379999999999995,1030.12,600843,0.00639,0.02932,0.01835,-0.17544,0.07826,0.31796,6.0158,5.82543,6.26234,6.13071,5.78964
1999-01-15,5.806,5.45,5.806,5.45,4136.6,600843,-0.06486,-0.12506,-0.05135,-0.23712,0.01546,0.15908,5.86,5.81138,6.23502,6.13138,5.79268
1999-01-18,5.405,5.593999999999999,5.593999999999999,5.148,2170.87,600843,0.02642,-0.10625,-0.03518,-0.22024,0.0321,0.18971,5.727,5.80167,6.20953,6.1328,5.79631
1999-01-19,5.579,5.586,5.6770000000000005,5.42,1574.0,600843,-0.00143,-0.06463,-0.0122,-0.17901,0.01508,0.20155,5.6498,5.79838,6.18989,6.13347,5.80012
1999-01-20,5.593999999999999,5.579,5.6770000000000005,5.579,849.0,600843,-0.00125,-0.03661,-0.00268,-0.18721,0.02067,0.17157,5.6074,5.79767,6.16916,6.13439,5.80344
1999-01-21,5.579,5.655,5.685,5.556,969.0,600843,0.01362,-0.02968,-0.01823,-0.15179,-0.00911,0.22244,5.5728,5.79267,6.15284,6.13397,5.80762
1999-01-22,5.8660000000000005,5.692,5.881,5.593999999999999,874.0,600843,0.00654,0.0444,-0.04078,-0.11201,0.01209,0.25292,5.6212,5.78114,6.14126,6.13452,5.81229
1999-01-25,5.609,5.556,5.632000000000001,5.466,1072.35,600843,-0.02389,-0.00679,-0.0637,-0.14444,-0.00412,0.24351,5.6136,5.76314,6.12613,6.13433,5.81672
1999-01-26,5.518,5.526,5.609,5.502999999999999,677.0,600843,-0.0054,-0.01074,-0.08389,-0.16652,-0.00808,0.22446,5.6016,5.73905,6.10832,6.13397,5.82083
1999-01-27,5.518,5.6770000000000005,5.715,5.502999999999999,1514.8,600843,0.02733,0.01757,-0.06474,-0.11656,0.01484,0.22905,5.6212,5.72033,6.09624,6.13464,5.82513
1999-01-28,5.707000000000001,5.638999999999999,5.821000000000001,5.518,1215.0,600843,-0.00669,-0.00283,-0.01845,-0.10987,0.01622,0.21295,5.618,5.71529,6.08502,6.13537,5.82916
1999-01-29,5.541,5.647,5.67,5.518,1492.0,600843,0.00142,-0.00791,-0.00791,-0.09994,0.0,0.19513,5.609,5.71314,6.0749,6.13537,5.83291
1999-02-01,5.67,5.593999999999999,5.821000000000001,5.518,875.7,600843,-0.00939,0.00684,-0.0198,-0.12839,-0.02764,0.16179,5.6166,5.70776,6.06161,6.13408,5.83607
1999-02-02,5.564,5.632000000000001,5.632000000000001,5.367000000000001,1796.02,600843,0.00679,0.01918,-0.00407,-0.14757,0.00142,0.18071,5.6378,5.70667,6.04589,6.13415,5.83958
1999-02-03,5.609,5.593999999999999,5.821000000000001,5.457999999999999,1615.0,600843,-0.00675,-0.01462,-0.00143,-0.13753,-0.03134,0.16348,5.6212,5.70629,6.0315,6.13267,5.84277
1999-02-04,5.541,5.518,5.632000000000001,5.45,929.0,600843,-0.01359,-0.02146,-0.02681,-0.1413,-0.01359,0.16242,5.597,5.69905,6.01685,6.13206,5.84591
1999-02-05,5.502999999999999,5.382000000000001,5.564,5.329,885.0,600843,-0.02465,-0.04693,-0.04945,-0.20713,0.00561,0.13186,5.544,5.68571,5.99418,6.1323,5.84846
1999-02-08,5.2989999999999995,5.2989999999999995,5.526,5.292000000000001,881.25,600843,-0.01542,-0.05274,-0.1493,-0.22291,-0.02106,0.06363,5.485,5.64143,5.96966,6.13137,5.84974
1999-02-09,5.292000000000001,5.428,5.428,5.292000000000001,951.0,600843,0.02434,-0.03622,-0.13277,-0.21093,0.0497,0.11321,5.4442,5.60186,5.94626,6.13346,5.85199
1999-03-01,5.518,5.511,5.518,5.307,611.0,600843,0.01529,-0.01484,-0.07719,-0.17623,0.18338,0.13911,5.4276,5.5799,5.92724,6.14041,5.85472
1999-03-02,5.518,5.745,5.797999999999999,5.352,2654.52,600843,0.04246,0.04114,-0.00794,-0.13635,0.27723,0.20643,5.473,5.57771,5.91261,6.15054,5.85872
1999-03-03,5.768,5.987,6.199,5.768,7131.91,600843,0.04212,0.11241,0.02728,-0.09067,0.26122,0.23367,5.594,5.58529,5.90298,6.16063,5.86333
1999-03-04,5.904,5.896,5.972,5.797999999999999,3009.35,600843,-0.0152,0.11266,0.08183,-0.10149,0.19619,0.22045,5.7134,5.60652,5.89224,6.16849,5.86766
1999-03-05,5.7829999999999995,5.934,5.972,5.7829999999999995,2208.7,600843,0.00645,0.09322,0.06078,-0.08722,0.19468,0.22452,5.8146,5.62271,5.8831,6.17635,5.87208
1999-03-08,5.934,6.047999999999999,6.085,5.821000000000001,2318.24,600843,0.01921,0.09744,0.08271,-0.06203,0.10648,0.23077,5.922,5.64471,5.87665,6.18108,5.87669
1999-03-09,6.085,5.859,6.122999999999999,5.843,1369.0,600843,-0.03125,0.01984,0.05019,-0.09036,0.0618,0.19231,5.9448,5.65805,5.86726,6.18385,5.88053
1999-03-10,5.827999999999999,5.896,5.98,5.7829999999999995,1831.5,600843,0.00632,-0.0152,0.04262,-0.08248,0.09857,0.1554,5.9266,5.66952,5.85871,6.18815,5.88376
1999-03-11,5.9639999999999995,6.032,6.122999999999999,5.859,3546.5,600843,0.02307,0.02307,0.05973,-0.0635,0.07984,0.1874,5.9538,5.68571,5.85211,6.19178,5.88763
1999-03-12,6.047999999999999,6.335,6.417999999999999,6.047999999999999,9564.6,600843,0.05023,0.06758,0.14021,-0.05094,0.18036,0.24143,6.034,5.72281,5.84663,6.19965,5.89263
1999-03-15,6.403,6.2139999999999995,6.426,6.199,5149.0,600843,-0.0191,0.02745,0.1245,-0.06062,0.07304,0.19477,6.0672,5.75557,5.84016,6.20309,5.89675
1999-03-16,6.199,6.365,6.41,6.122999999999999,3199.7,600843,0.0243,0.08636,0.12119,-0.02661,0.13317,0.19441,6.1684,5.78833,5.83735,6.20917,5.90096
1999-03-17,6.403,6.169,6.486000000000001,6.169,4099.02,600843,-0.03079,0.0463,0.09399,-0.08621,0.10873,0.17751,6.223,5.81357,5.82797,6.21409,5.90474
1999-03-18,6.122999999999999,6.1160000000000005,6.191,6.063,2788.6,600843,-0.00859,0.01393,0.08305,-0.06797,0.09625,0.18115,6.2398,5.8359,5.82077,6.21846,5.90856
1999-03-19,6.063,6.199,6.199,6.063,2157.0,600843,0.01357,-0.02147,0.10815,-0.03533,0.07342,0.22389,6.2126,5.86471,5.81711,6.2219,5.91317
1999-03-22,6.252000000000001,6.191,6.252000000000001,6.085,2973.76,600843,-0.00129,-0.0037,0.09925,-0.02504,0.0554,0.23155,6.208,5.89133,5.81455,6.22454,5.9179
1999-03-23,6.199,6.237,6.297000000000001,6.101,1900.8,600843,0.00743,-0.02011,0.11494,-0.00479,0.09575,0.23505,6.1824,5.92195,5.81406,6.22898,5.92272
1999-03-24,6.237,6.252000000000001,6.305,6.199,2544.0,600843,0.00241,0.01345,0.13302,0.03768,0.07128,0.15993,6.199,5.9569,5.81773,6.23236,5.92623
1999-03-25,6.244,6.4479999999999995,6.547000000000001,6.229,10145.89,600843,0.03135,0.05428,0.19807,0.07163,0.09492,0.22562,6.2654,6.00767,5.82468,6.2369,5.93105
1999-03-26,6.456,6.622000000000001,6.712999999999999,6.372999999999999,12794.4,600843,0.02699,0.06824,0.24967,0.11313,0.06703,0.29589,6.35,6.07067,5.83553,6.24028,5.9372
1999-03-29,7.068,6.992999999999999,7.287000000000001,6.917000000000001,48666.71,600843,0.05603,0.12954,0.28832,0.20756,0.07817,0.35052,6.5104,6.14519,5.85492,6.24441,5.94458
1999-03-30,6.879,6.803999999999999,7.007999999999999,6.766,14801.25,600843,-0.02703,0.09091,0.23462,0.16288,0.05882,0.25005,6.6238,6.20676,5.87029,6.24748,5.95011
1999-03-31,6.803999999999999,7.082999999999999,7.166,6.736000000000001,9721.8,600843,0.04101,0.13292,0.2329,0.23764,0.05151,0.30683,6.79,6.27048,5.89223,6.2503,5.95687
1999-04-01,7.182,7.257000000000001,7.265,6.879,12619.65,600843,0.02457,0.12547,0.21213,0.26319,0.11887,0.35392,6.9518,6.33095,5.91661,6.25657,5.96458
1999-04-02,7.257000000000001,7.348,7.5520000000000005,7.182,17440.85,600843,0.01254,0.10963,0.24627,0.26733,0.17964,0.28237,7.097,6.4001,5.94161,6.26567,5.97116
1999-04-05,7.4079999999999995,7.484,7.499,7.197,11533.06,600843,0.01851,0.07021,0.26121,0.32343,0.12626,0.3027,7.1952,6.4739,5.97111,6.27249,5.97823
1999-04-06,7.476,7.332999999999999,7.484,7.242000000000001,6072.91,600843,-0.02018,0.07775,0.21247,0.31087,0.08992,0.31439,7.301,6.5351,5.99916,6.27741,5.98536
1999-04-07,7.325,7.182,7.325,7.068,7556.72,600843,-0.02059,0.01398,0.22581,0.24688,0.06621,0.23233,7.3208,6.5981,6.0221,6.28103,5.99086
1999-04-08,7.106,7.446000000000001,7.537000000000001,7.068,10093.85,600843,0.03676,0.02604,0.26289,0.2548,0.15873,0.29948,7.3586,6.6719,6.04648,6.28933,5.99784
1999-04-09,7.468999999999999,7.166,7.522,7.0760000000000005,8661.8,600843,-0.0376,-0.02477,0.188,0.20762,0.0797,0.23106,7.3222,6.7259,6.06635,6.29363,6.0033
1999-04-12,7.144,7.082999999999999,7.37,7.068,5852.5,600843,-0.01158,-0.05358,0.11807,0.17424,0.10499,0.18011,7.242,6.76152,6.08331,6.2991,6.0077
1999-04-13,7.068,6.894,7.068,6.819,5772.15,600843,-0.02668,-0.05987,0.10943,0.13575,0.06669,0.10818,7.1542,6.7939,6.0966,6.3026,6.01043
1999-04-14,6.902,6.932,6.992999999999999,6.819,2298.2,600843,0.00551,-0.03481,0.08908,0.20661,0.05398,0.0663,7.1042,6.8209,6.11574,6.30549,6.01219
1999-04-15,6.879,6.462999999999999,6.94,6.462999999999999,7496.3,600843,-0.06766,-0.13202,0.04766,0.13545,-0.01041,0.09191,6.9076,6.8349,6.12818,6.30493,6.0144
1999-04-16,6.426,6.41,6.607,6.335,5924.6,600843,-0.0082,-0.1055,0.04807,0.12318,-0.04085,0.10119,6.7564,6.8489,6.13952,6.30272,6.01679
1999-04-19,6.35,6.237,6.403,6.206,3619.1,600843,-0.02699,-0.11944,0.00613,0.10292,-0.15027,0.1303,6.5872,6.85071,6.1489,6.29375,6.01972
1999-04-20,6.267,6.471,6.5089999999999995,6.267,2793.09,600843,0.03752,-0.06136,0.04523,0.15512,-0.12648,0.14897,6.5026,6.86405,6.16292,6.28613,6.02313
1999-04-21,6.501,6.237,6.553999999999999,6.237,2952.0,600843,-0.03616,-0.10026,0.0,0.1,-0.13877,0.10742,6.3636,6.86405,6.17206,6.27796,6.02559
1999-04-22,6.199,6.312,6.335,6.055,3574.2,600843,0.01203,-0.02336,0.0096,0.1148,-0.17252,0.12835,6.3334,6.8669,6.18255,6.26726,6.0285
1999-04-23,6.335,6.2139999999999995,6.335,6.199,1897.6,600843,-0.01553,-0.03058,-0.03629,-0.00241,-0.16803,0.10786,6.2942,6.85576,6.18231,6.25706,6.03096
1999-04-26,6.199,5.821000000000001,6.2139999999999995,5.7829999999999995,4397.0,600843,-0.06324,-0.0667,-0.12096,-0.06998,-0.21348,-0.00513,6.211,6.81762,6.17524,6.24421,6.03084
1999-04-27,5.67,5.6770000000000005,5.881,5.534,3920.79,600843,-0.02474,-0.1227,-0.18819,-0.0494,-0.23604,-0.01697,6.0522,6.75495,6.17048,6.22995,6.03044
1999-04-28,5.7829999999999995,5.723,5.934,5.67,2082.93,600843,0.0081,-0.08241,-0.15888,-0.01174,-0.19029,-0.01802,5.9494,6.70348,6.16939,6.21902,6.03002
1999-04-29,5.859,6.055,6.122999999999999,5.827999999999999,3096.25,600843,0.05801,-0.04072,-0.14514,0.03895,-0.15244,0.07511,5.898,6.65452,6.17305,6.21016,6.03174
1999-04-30,6.085,6.07,6.169,5.987,2693.08,600843,0.00248,-0.02317,-0.16357,0.11376,-0.15389,0.12783,5.8692,6.598,6.18305,6.20119,6.03453
1999-05-04,6.07,5.957000000000001,6.146,5.934,1561.07,600843,-0.01862,0.02336,-0.1893,0.06489,-0.12449,0.15895,5.8964,6.53176,6.1889,6.1943,6.03785
1999-05-05,5.957000000000001,6.176,6.2139999999999995,5.957000000000001,2407.07,600843,0.03676,0.0879,-0.17477,0.10562,-0.10023,0.18224,5.9962,6.46948,6.19842,6.18871,6.04172
1999-05-06,6.2589999999999995,6.184,6.2589999999999995,6.093,1549.0,600843,0.0013,0.08055,-0.15669,0.10844,-0.07245,0.19083,6.0884,6.41476,6.20818,6.18478,6.04575
1999-05-07,6.184,6.063,6.237,6.01,1338.53,600843,-0.01957,0.00132,-0.15581,0.07215,-0.05413,0.14569,6.09,6.36148,6.21476,6.18196,6.04889
1999-05-10,5.896,5.655,5.934,5.571000000000001,2916.0,600843,-0.06729,-0.06837,-0.24053,-0.0065,-0.1292,0.10492,6.007,6.27619,6.21416,6.17514,6.05107
1999-05-11,5.67,5.797999999999999,5.881,5.67,1453.0,600843,0.02529,-0.02669,-0.1909,0.04356,-0.12549,0.10522,5.9752,6.21105,6.21806,6.16837,6.05331
1999-05-12,5.821000000000001,5.8660000000000005,5.912000000000001,5.7829999999999995,986.43,600843,0.01173,-0.05019,-0.17182,0.06153,-0.08715,0.0869,5.9132,6.1531,6.22355,6.16382,6.05522
1999-05-13,5.881,5.791,5.888999999999999,5.76,698.95,600843,-0.01279,-0.06355,-0.15999,0.02008,-0.08587,0.08507,5.8346,6.10057,6.22539,6.1594,6.05707
1999-05-14,5.745,5.593999999999999,5.745,5.564,1584.5,600843,-0.03402,-0.07735,-0.19302,-0.00798,-0.10838,0.01231,5.7408,6.03686,6.22466,6.15387,6.05734
1999-05-17,5.518,5.692,5.752999999999999,5.443,1067.04,600843,0.01752,0.00654,-0.11929,0.00797,-0.11312,-0.00923,5.7482,6.00014,6.22539,6.14797,6.05713
1999-05-18,5.7,5.821000000000001,5.934,5.67,1719.0,600843,0.02266,0.00397,-0.09189,0.04058,-0.11896,0.05625,5.7528,5.9721,6.22905,6.14158,6.05839
1999-05-19,5.791,6.138,6.146,5.791,4594.72,600843,0.05446,0.04637,-0.01587,0.08984,-0.05365,0.06139,5.8072,5.96738,6.23721,6.13875,6.05983
1999-05-20,6.2139999999999995,6.751,6.751,6.2139999999999995,13304.41,600843,0.09987,0.16577,0.04327,0.20683,0.05058,0.1972,5.9992,5.98071,6.25587,6.14139,6.06435
1999-05-21,6.751,6.751,6.955,6.577000000000001,15130.7,600843,0.0,0.20683,0.08241,0.22345,-0.00545,0.23171,6.2306,6.00519,6.27576,6.14109,6.06951
1999-05-24,6.728,6.705,7.03,6.462999999999999,14162.73,600843,-0.00681,0.17797,0.06226,0.24582,-0.01672,0.24052,6.4332,6.0239,6.2971,6.14016,6.0748
1999-05-25,6.728,6.547000000000001,6.992999999999999,6.516,11922.83,600843,-0.02356,0.12472,0.05359,0.23552,-0.04826,0.19449,6.5784,6.03976,6.31723,6.13746,6.07913
1999-05-26,6.501,6.6370000000000005,6.72,6.388,6677.57,600843,0.01375,0.0813,0.14018,0.22273,-0.00792,0.1722,6.6782,6.07862,6.33673,6.13703,6.08309
1999-05-27,6.6370000000000005,6.94,6.992999999999999,6.6370000000000005,13744.11,600843,0.04565,0.028,0.22248,0.2593,0.0433,0.17847,6.716,6.13876,6.35977,6.13937,6.08737
1999-05-28,6.992999999999999,6.577000000000001,7.03,6.539,7448.54,600843,-0.05231,-0.02577,0.14922,0.14482,-0.00106,0.1155,6.6812,6.17943,6.37319,6.13932,6.09013
1999-05-31,6.577000000000001,6.35,6.645,6.244,7619.1,600843,-0.03451,-0.05295,0.04872,0.06063,-0.03231,0.01082,6.6102,6.19348,6.37905,6.13759,6.09041
1999-06-01,6.35,6.6370000000000005,6.787999999999999,6.335,7179.6,600843,0.0452,0.01375,0.09341,0.12568,0.02092,0.07726,6.6282,6.22048,6.391,6.1387,6.09235
1999-06-02,6.66,6.462999999999999,6.955,6.441,7650.6,600843,-0.02622,-0.02622,0.08494,0.08915,0.00233,0.04647,6.5934,6.24457,6.39953,6.13882,6.09351
1999-06-03,6.433,6.652,6.712999999999999,6.388,5694.77,600843,0.02924,-0.0415,0.07707,0.09987,0.03276,0.05504,6.5358,6.26724,6.40927,6.14054,6.09492
1999-06-04,6.712999999999999,6.811,7.318,6.712999999999999,26262.34,600843,0.0239,0.03558,0.10139,0.16249,0.05991,0.11931,6.5826,6.2971,6.42463,6.14367,6.09787
1999-06-07,6.8260000000000005,6.917000000000001,6.992999999999999,6.615,10035.59,600843,0.01556,0.08929,0.14085,0.17317,0.0739,0.10249,6.696,6.33776,6.4411,6.14754,6.10049
1999-06-08,6.94,6.766,7.045,6.675,8756.75,600843,-0.02183,0.01944,0.19646,0.12168,0.01363,-0.01857,6.7218,6.39067,6.45294,6.14828,6.09997
1999-06-10,6.864,6.917000000000001,7.28,6.811,10895.93,600843,0.02232,0.07025,0.193,0.09187,0.04565,0.01556,6.8126,6.44395,6.46232,6.15073,6.1004
1999-06-11,6.909,7.218999999999999,7.257000000000001,6.841,12114.23,600843,0.04366,0.08524,0.23065,0.16173,0.10399,0.07907,6.926,6.50838,6.47853,6.15626,6.10255
1999-06-14,7.318,7.393,7.4910000000000005,7.1129999999999995,14155.82,600843,0.0241,0.08545,0.27664,0.16151,0.0951,0.18687,7.0424,6.58467,6.49511,6.16148,6.10728
1999-06-15,7.484,7.332999999999999,8.089,7.242000000000001,29699.09,600843,-0.00812,0.06014,0.31087,0.18869,0.11749,0.28311,7.1256,6.66748,6.51389,6.16775,6.11386
1999-06-16,7.567,7.937,8.013,7.567,28504.65,600843,0.08237,0.17307,0.39441,0.29774,0.23514,0.36892,7.3598,6.77438,6.54326,6.18003,6.12255
1999-06-17,7.937,7.779,8.013,7.529,15909.74,600843,-0.01991,0.12462,0.33637,0.25488,0.22504,0.37027,7.5322,6.86762,6.56874,6.19165,6.1311
1999-06-18,7.711,7.612,7.711,7.25,13893.4,600843,-0.02147,0.05444,0.24014,0.22953,0.21462,0.27461,7.6108,6.93781,6.59166,6.20259,6.13776
1999-06-21,7.559,7.672999999999999,7.763999999999999,7.37,12119.68,600843,0.00801,0.03787,0.13657,0.23024,0.27353,0.32866,7.6668,6.98171,6.61482,6.21598,6.14548
1999-06-22,7.711,7.885,8.066,7.559,11942.59,600843,0.02763,0.07528,0.16798,0.2612,0.31045,0.41334,7.7772,7.03571,6.64116,6.23117,6.15485
1999-06-23,8.027999999999999,7.809,8.058,7.62,13849.5,600843,-0.00964,-0.01613,0.16465,0.21107,0.31266,0.35927,7.7516,7.08829,6.66311,6.24629,6.16324
1999-06-24,7.869,8.383,8.588,7.635,24718.4,600843,0.0735,0.07764,0.28043,0.26593,0.44759,0.42714,7.8724,7.17571,6.69152,6.26737,6.17344
1999-06-25,8.482000000000001,8.027999999999999,9.033999999999999,8.013,36226.64,600843,-0.04235,0.05465,0.20958,0.14801,0.37207,0.35106,7.9556,7.24195,6.70821,6.28507,6.18192
1999-06-28,8.315,8.603,8.618,8.202,13379.76,600843,0.07162,0.1212,0.23963,0.2644,0.50323,0.43336,8.1416,7.32114,6.73723,6.30848,6.1925
1999-06-29,8.761000000000001,8.353,8.92,8.164,11587.97,600843,-0.02906,0.05935,0.27003,0.1793,0.45396,0.42762,8.2352,7.40571,6.75771,6.32968,6.20267
1999-06-30,8.368,7.771,8.467,7.733,11003.9,600843,-0.06968,-0.00487,0.22378,0.07083,0.34029,0.31801,8.2276,7.47338,6.766,6.34572,6.21029
1999-07-01,7.763999999999999,6.992999999999999,7.763999999999999,6.992999999999999,6391.8,600843,-0.10012,-0.16581,0.05364,-0.04831,0.2366,0.21723,7.9496,7.49033,6.76027,6.3566,6.21536
1999-07-02,7.045,7.212000000000001,7.401,6.803999999999999,5531.55,600843,0.03132,-0.10164,0.11589,-0.03634,0.28924,0.26018,7.7864,7.526,6.75589,6.36976,6.22141
1999-07-05,7.182,6.917000000000001,7.287000000000001,6.8870000000000005,4555.5,600843,-0.0409,-0.19598,0.03984,-0.05673,0.20087,0.24991,7.4492,7.53862,6.74918,6.37916,6.22704
1999-07-06,6.841,6.909,6.955,6.742999999999999,3448.4,600843,-0.00116,-0.17287,0.01439,-0.03801,0.16431,0.24846,7.1604,7.54329,6.74477,6.38709,6.23263
1999-07-07,6.955,7.166,7.182,6.909,3285.3,600843,0.0372,-0.07785,0.036,-0.0376,0.20762,0.30934,7.0394,7.55514,6.74026,6.39711,6.23951
1999-07-08,7.136,7.015,7.136,6.97,3063.9,600843,-0.02107,0.00315,0.0368,-0.02107,0.16296,0.27129,7.0438,7.567,6.73782,6.4051,6.24559
1999-07-09,7.0,6.97,7.144,6.947,2904.37,600843,-0.00641,-0.03356,0.00766,-0.01595,0.14827,0.25608,6.9954,7.56952,6.736,6.41241,6.25137
1999-07-12,6.97,6.675,6.97,6.645,4393.78,600843,-0.04232,-0.03499,-0.07536,-0.03177,0.16188,0.23314,6.947,7.54362,6.73247,6.41998,6.2565
1999-07-13,6.675,6.501,6.675,6.426,2227.9,600843,-0.02607,-0.05905,-0.12065,-0.06218,0.14213,0.21993,6.8654,7.50114,6.72552,6.42655,6.26126
1999-07-14,6.539,6.675,6.69,6.462999999999999,2409.8,600843,0.02677,-0.06852,-0.08973,0.0328,0.16962,0.21962,6.7672,7.46981,6.72894,6.43442,6.26615
1999-07-15,6.69,6.652,6.728,6.584,1963.1,600843,-0.00345,-0.05175,-0.1619,0.03775,0.1763,0.22889,6.6946,7.40862,6.73284,6.44253,6.27119
1999-07-16,6.667000000000001,6.562,6.69,6.516,1713.21,600843,-0.01353,-0.05854,-0.15645,0.05211,0.17137,0.17137,6.613,7.35067,6.73808,6.45033,6.27509
1999-07-19,6.462999999999999,6.562,6.652,6.4479999999999995,1692.36,600843,0.0,-0.01693,-0.13794,0.01406,0.15732,0.18107,6.5904,7.30067,6.73955,6.45759,6.27918
1999-07-20,6.577000000000001,6.841,6.872000000000001,6.516,2727.48,600843,0.04252,0.0523,-0.10843,0.09684,0.20823,0.27109,6.6584,7.26105,6.74929,6.46717,6.28511
1999-07-21,6.879,7.0760000000000005,7.182,6.803999999999999,6893.7,600843,0.03435,0.06007,-0.1026,0.12104,0.13598,0.3111,6.7386,7.22252,6.76161,6.47406,6.29193
1999-07-22,7.037999999999999,6.712999999999999,7.037999999999999,6.712999999999999,2763.0,600843,-0.0513,0.00917,-0.14035,0.0803,0.07254,0.26852,6.7508,7.17033,6.76966,6.47775,6.29771
1999-07-23,6.66,7.03,7.182,6.66,2823.18,600843,0.04722,0.07132,-0.1614,0.2077,0.17716,0.33625,6.8444,7.1059,6.78916,6.48635,6.3049
1999-07-26,7.03,7.189,7.257000000000001,6.977,3738.43,600843,0.02262,0.09555,-0.10451,0.26634,0.24141,0.35081,6.9698,7.06595,6.81355,6.49772,6.31249
1999-07-27,7.189,7.136,7.4079999999999995,7.0760000000000005,3526.98,600843,-0.00737,0.04312,-0.17052,0.2469,0.22443,0.32026,7.0288,6.9961,6.83634,6.50835,6.31953
1999-07-28,7.166,7.068,7.265,7.03,2196.0,600843,-0.00953,-0.00113,-0.15384,0.1673,0.29688,0.31694,7.0272,6.9349,6.85268,6.5215,6.32644
1999-07-29,7.182,7.098,7.182,7.03,1425.99,600843,0.00424,0.05735,-0.0866,0.16936,0.26886,0.30959,7.1042,6.90286,6.86926,6.53373,6.33326
1999-07-30,7.106,7.809,7.809,7.068,11636.42,600843,0.10017,0.11081,0.11669,0.31089,0.39796,0.41904,7.26,6.94171,6.89913,6.5518,6.34264
1999-08-02,8.036,8.164,8.482000000000001,7.937,22337.88,600843,0.04546,0.13562,0.132,0.32189,0.46334,0.4936,7.455,6.98705,6.93119,6.57282,6.35361
1999-08-03,8.089,8.277999999999999,8.656,8.058,11417.07,600843,0.01396,0.16003,0.19676,0.33862,0.46384,0.4505,7.6834,7.05186,6.96497,6.59415,6.36406
1999-08-04,8.504,8.308,8.527000000000001,8.164,7225.29,600843,0.00362,0.17544,0.20249,0.37028,0.45959,0.47724,7.9314,7.11848,7.00118,6.61541,6.37497
1999-08-05,8.361,8.625,8.92,8.21,15641.32,600843,0.03816,0.21513,0.2036,0.5252,0.55238,0.54598,8.2368,7.18795,7.04908,6.64037,6.38735
1999-08-06,8.693,8.58,8.981,8.255,11130.38,600843,-0.00522,0.09873,0.22309,0.47982,0.55266,0.54012,8.391,7.26248,7.09395,6.6652,6.39958
1999-08-09,8.542,8.308,8.542,8.255,6731.15,600843,-0.0317,0.01764,0.19197,0.4163,0.46345,0.48516,8.4198,7.32619,7.13334,6.68659,6.41061
1999-08-10,8.277999999999999,8.126,8.277999999999999,8.089,4515.71,600843,-0.02191,-0.01836,0.21738,0.40321,0.44104,0.46441,8.3894,7.39529,7.171,6.7068,6.42109
1999-08-11,8.089,8.149,8.361,8.089,3539.69,600843,0.00283,-0.01914,0.2535,0.45674,0.44307,0.44307,8.3576,7.47376,7.21221,6.72715,6.43126
1999-08-12,8.164,8.315,8.443999999999999,8.164,4479.39,600843,0.02037,-0.03594,0.24569,0.46082,0.48641,0.44533,8.2956,7.55186,7.25452,6.74927,6.44167
1999-08-13,8.315,8.323,8.693,8.315,4491.95,600843,0.00096,-0.02995,0.2512,0.42982,0.47781,0.47991,8.2442,7.63143,7.29487,6.77115,6.45265
1999-08-16,8.247,8.24,8.429,8.172,2503.35,600843,-0.00997,-0.00818,0.25571,0.34246,0.47301,0.42684,8.2306,7.71133,7.32877,6.79266,6.46267
1999-08-17,8.353,8.527000000000001,8.822000000000001,8.353,6899.94,600843,0.03483,0.04935,0.29945,0.26307,0.54531,0.52431,8.3108,7.8049,7.35742,6.81712,6.47459
1999-08-18,8.754,8.981,8.988,8.504,8471.15,600843,0.05324,0.1021,0.31282,0.33032,0.66871,0.67806,8.4772,7.90681,7.39339,6.84638,6.48934
1999-08-19,9.147,9.071,9.57,8.92,23765.95,600843,0.01002,0.09092,0.28194,0.35287,0.71183,0.67578,8.6284,8.00181,7.43155,6.87705,6.50421
1999-08-20,9.079,9.215,9.419,8.996,10593.82,600843,0.01587,0.10717,0.37271,0.40751,0.69768,0.78205,8.8068,8.12095,7.47458,6.90784,6.52065
1999-08-23,9.26,9.661,9.676,9.26,9413.38,600843,0.0484,0.17245,0.37425,0.45563,0.75304,1.07451,9.091,8.24624,7.52335,6.94158,6.54099
1999-08-24,9.676,9.601,9.805,9.419,9522.79,600843,-0.00621,0.12595,0.33551,0.38343,0.67119,1.1345,9.3058,8.3611,7.56627,6.97293,6.56174
1999-08-25,9.601,9.109,9.601,9.071,8360.61,600843,-0.05124,0.01425,0.27649,0.38498,0.52146,0.9189,9.3314,8.45505,7.60711,6.99831,6.57947
1999-08-26,9.147,9.979,10.024,9.147,13548.55,600843,0.09551,0.1001,0.41186,0.5715,0.6925,1.02455,9.513,8.59367,7.66565,7.0315,6.6
1999-08-27,9.963,9.661,9.963,9.601,9733.89,600843,-0.03187,0.0484,0.36109,0.45563,0.62808,0.94504,9.6022,8.71571,7.71442,7.0618,6.61908
1999-08-30,9.661,9.532,9.827,9.449,4855.85,600843,-0.01335,-0.01335,0.22064,0.47486,0.57606,0.74387,9.5764,8.79776,7.76392,7.09013,6.63561
1999-08-31,9.54,9.525,9.676,9.457,2574.0,600843,-0.00073,-0.00792,0.16671,0.4319,0.6257,0.72617,9.5612,8.86257,7.81026,7.11993,6.65189
1999-09-01,9.57,9.222999999999999,9.661,9.079,3289.0,600843,-0.03171,0.01252,0.11416,0.35413,0.56428,0.71846,9.584,8.90757,7.84916,7.14698,6.66757
1999-09-02,9.071,9.185,9.298,8.966000000000001,3954.12,600843,-0.00412,-0.07957,0.10556,0.32789,0.52271,0.64429,9.4252,8.94933,7.88574,7.17262,6.6822
1999-09-03,9.26,9.071,9.298,9.011000000000001,2140.82,600843,-0.01241,-0.06107,0.05171,0.34067,0.43189,0.69014,9.3072,8.97057,7.92292,7.19486,6.69726
1999-09-06,9.056000000000001,8.677999999999999,9.056000000000001,8.677999999999999,3102.5,600843,-0.04332,-0.08959,0.01142,0.25459,0.39652,0.49853,9.1364,8.97524,7.95132,7.21489,6.70899
1999-09-07,8.693,8.799,9.033999999999999,8.693,2213.03,600843,0.01394,-0.07622,0.0591,0.21887,0.3824,0.56649,8.9912,8.99862,7.97681,7.23468,6.72193
1999-09-08,8.845,8.92,8.988,8.731,1611.82,600843,0.01375,-0.03285,0.09771,0.20655,0.44594,0.60316,8.9306,9.03643,8.00144,7.25705,6.73557
1999-09-09,9.124,9.381,9.487,8.988,4088.47,600843,0.05168,0.02134,0.15118,0.27929,0.53385,0.68148,8.9698,9.0951,8.03447,7.28359,6.75102
1999-09-10,9.412,9.185,9.48,9.071,4262.35,600843,-0.02089,0.01257,0.10463,0.15724,0.48169,0.59048,8.9926,9.13652,8.0546,7.30787,6.76489
1999-09-13,9.185,9.374,9.601,9.109,3103.82,600843,0.02058,0.0802,0.12628,0.20504,0.51413,0.59802,9.1318,9.18657,8.08032,7.33375,6.77915
1999-09-14,9.389,9.389,9.676,9.389,3907.1,600843,0.0016,0.06705,0.13944,0.23345,0.50537,0.64951,9.2498,9.24129,8.10898,7.35937,6.79417
1999-09-15,9.434,9.185,9.555,9.147,1914.44,600843,-0.02173,0.02971,0.07717,0.19705,0.46913,0.57385,9.3028,9.27262,8.13337,7.38322,6.80779
1999-09-16,9.359,9.139,9.359,9.132,1477.6,600843,-0.00501,-0.0258,0.01759,0.15904,0.41734,0.55188,9.2544,9.28014,8.1536,7.4051,6.821
1999-09-17,9.139,9.147,9.222999999999999,9.056000000000001,1635.0,600843,0.00088,-0.00414,0.00838,0.17134,0.3813,0.4739,9.2468,9.28376,8.17518,7.42563,6.83296
1999-09-20,9.147,8.829,9.147,8.829,1394.0,600843,-0.03477,-0.05814,-0.04189,0.0532,0.26255,0.36124,9.1378,9.26538,8.18237,7.44055,6.84248
1999-09-21,8.807,8.807,8.92,8.769,2273.52,600843,-0.00249,-0.06199,-0.0884,0.09704,0.29439,0.37053,9.0214,9.22471,8.19494,7.45684,6.85216
1999-09-22,8.882,8.875,8.996,8.807,937.0,600843,0.00772,-0.03375,-0.07562,0.03162,0.253,0.31755,8.9594,9.19014,8.19932,7.47141,6.86085
1999-09-23,8.935,8.867,9.056000000000001,8.814,1809.5,600843,-0.0009,-0.02976,-0.02657,0.06153,0.22185,0.3671,8.905,9.17862,8.20761,7.4845,6.87053
1999-09-24,9.056000000000001,8.935,9.185,8.867,1386.94,600843,0.00767,-0.02318,-0.10462,0.14979,0.21598,0.43442,8.8626,9.1289,8.22639,7.4974,6.88153
1999-09-27,9.291,9.033999999999999,9.291,8.958,1650.8,600843,0.01108,0.02322,-0.0649,0.29186,0.20711,0.35952,8.9036,9.09905,8.25931,7.51,6.89124
1999-09-28,9.049,8.988,9.222999999999999,8.935,607.2,600843,-0.00509,0.02055,-0.05707,0.24626,0.22569,0.33591,8.9398,9.07314,8.28795,7.52346,6.90043
1999-09-29,8.996,8.943,9.086,8.867,656.0,600843,-0.00501,0.00766,-0.0611,0.2929,0.2452,0.32764,8.9534,9.04543,8.32063,7.53777,6.9094
1999-09-30,9.049,8.837,9.071,8.829,1021.54,600843,-0.01185,-0.00338,-0.04185,0.27906,0.18681,0.37519,8.9474,9.02705,8.35173,7.54908,6.9192
1999-10-08,8.769,8.777000000000001,8.882,8.769,837.0,600843,-0.00679,-0.01768,-0.04442,0.22481,0.22481,0.32243,8.9158,9.00762,8.37771,7.56218,6.9279
1999-10-11,8.693,8.814,8.935,8.693,1083.07,600843,0.00422,-0.02435,-0.02833,0.25645,0.24439,0.37504,8.8718,8.99538,8.40673,7.57625,6.93767
1999-10-12,8.905,8.814,8.905,8.769,522.0,600843,0.0,-0.01936,0.01567,0.26456,0.2785,0.36376,8.837,9.00186,8.43647,7.59186,6.94723
1999-10-13,8.981,8.792,8.981,8.792,406.0,600843,-0.0025,-0.01688,-0.0008,0.31715,0.26832,0.33678,8.8068,9.00152,8.47061,7.60698,6.95624
1999-10-14,8.807,8.92,8.996,8.807,983.3,600843,0.01456,0.00939,0.0,0.3721,0.38016,0.36579,8.8234,9.00152,8.50963,7.62696,6.96595
1999-10-15,8.996,9.812000000000001,9.812000000000001,8.996,19787.66,600843,0.1,0.11792,0.04594,0.46996,0.53073,0.4682,9.0304,9.02205,8.56023,7.65462,6.97867
1999-10-18,9.752,9.812000000000001,10.311,9.601,23244.76,600843,0.0,0.11323,0.06826,0.47505,0.57319,0.33678,9.23,9.0519,8.61119,7.68368,6.98872
1999-10-19,9.737,9.457,9.797,9.449,5487.05,600843,-0.03618,0.07295,0.00885,0.44118,0.46144,0.27659,9.3586,9.05586,8.65789,7.70796,6.99704
1999-10-20,9.548,9.676,9.737,9.207,3887.48,600843,0.02316,0.10055,0.03057,0.47455,0.55139,0.3361,9.5354,9.06952,8.70811,7.73592,7.00694
1999-10-21,9.752,9.827,10.167,9.464,12458.61,600843,0.01561,0.10168,0.0699,0.43649,0.55688,0.28828,9.7168,9.1001,8.75627,7.7645,7.01588
1999-10-22,9.827,9.767000000000001,9.895,9.457,7258.51,600843,-0.00611,-0.00459,0.06872,0.3803,0.57177,0.30767,9.7078,9.13,8.79968,7.79338,7.02522
1999-10-25,9.767000000000001,9.752,9.979,9.676,5410.46,600843,-0.00154,-0.00611,0.06614,0.4527,0.67531,0.31766,9.6958,9.15881,8.84869,7.82534,7.03478
1999-10-26,9.714,10.047,10.054,9.676,7309.8,600843,0.03025,0.06239,0.13795,0.42916,0.76977,0.35204,9.8138,9.21681,8.89735,7.86087,7.04541
1999-10-27,10.115,10.167,10.319,9.926,14886.95,600843,0.01194,0.05074,0.15442,0.41424,0.77652,0.43846,9.912,9.28157,8.94539,7.897,7.05801
1999-10-28,10.205,9.797,10.205,9.752,8049.94,600843,-0.03639,-0.00305,0.10389,0.3729,0.618,0.37136,9.906,9.32548,8.98831,7.92742,7.06879
1999-10-29,9.774,9.532,9.79,9.457,5848.15,600843,-0.02705,-0.02406,0.075,0.34861,0.57035,0.32869,9.859,9.35714,9.02805,7.95557,7.07838
1999-11-01,9.676,9.321,9.676,9.298,2849.0,600843,-0.02214,-0.0442,0.0432,0.31319,0.56471,0.36993,9.7728,9.37552,9.0639,7.98292,7.08861
1999-11-02,9.23,9.162,9.298,8.927999999999999,6156.6,600843,-0.01706,-0.08809,0.01417,0.17326,0.48348,0.33479,9.5958,9.38162,9.08573,8.0072,7.09795
1999-11-03,8.996,9.192,9.192,8.943,2578.0,600843,0.00327,-0.0959,0.0227,0.12592,0.48642,0.37873,9.4008,9.39133,9.10231,8.03165,7.10822
1999-11-04,9.147,9.049,9.147,8.807,3590.6,600843,-0.01556,-0.07635,0.01185,0.09314,0.4925,0.4117,9.2512,9.39638,9.11474,8.05593,7.11894
1999-11-05,8.92,8.882,9.109,8.845,1672.58,600843,-0.01846,-0.06819,0.00509,0.06909,0.57065,0.36772,9.1212,9.39852,9.124,8.08216,7.12865
1999-11-08,8.882,8.829,8.92,8.58,6342.5,600843,-0.00597,-0.05278,0.00592,0.02365,0.52277,0.33167,9.0228,9.401,9.12729,8.1068,7.13759
1999-11-09,8.731,8.55,8.92,8.55,2725.0,600843,-0.0316,-0.0668,-0.02995,-0.0035,0.45755,0.33053,8.9004,9.38843,9.12681,8.12863,7.14622
1999-11-10,8.542,8.232000000000001,8.542,8.149,4589.0,600843,-0.03719,-0.10444,-0.06603,-0.00915,0.42152,0.29945,8.7084,9.36071,9.12558,8.14847,7.15393
1999-11-11,8.225,8.081,8.3,8.074,1514.0,600843,-0.01834,-0.10697,-0.08087,-0.00554,0.44458,0.28801,8.5148,9.32686,9.12485,8.16869,7.16128
1999-11-12,8.179,8.467,8.61,8.126,3843.13,600843,0.04777,-0.04672,-0.05078,0.03902,0.48753,0.31926,8.4318,9.30529,9.12998,8.19125,7.16961
1999-11-15,8.315,8.565,8.588,8.3,1720.18,600843,0.01157,-0.0299,-0.12709,0.03007,0.4714,0.29635,8.379,9.2459,9.13402,8.21356,7.17757
1999-11-16,8.693,8.308,8.799,8.202,2735.32,600843,-0.03001,-0.0283,-0.15328,-0.0018,0.35354,0.28091,8.3306,9.17429,9.13377,8.2312,7.18498
1999-11-17,8.315,8.777000000000001,8.92,8.24,4150.84,600843,0.05645,0.06621,-0.0719,0.06517,0.3001,0.36586,8.4396,9.1419,9.14244,8.24767,7.19453
1999-11-18,8.783999999999999,8.792,8.996,8.633,5243.55,600843,0.00171,0.08798,-0.09136,0.03108,0.30233,0.29523,8.5818,9.09981,9.14671,8.26427,7.20268
1999-11-19,8.845,8.746,8.981,8.716000000000001,2836.0,600843,-0.00523,0.03295,-0.11,-0.02617,0.3044,0.28259,8.6376,9.04833,9.14292,8.28086,7.21051
1999-11-22,8.701,8.814,8.822000000000001,8.701,1344.22,600843,0.00777,0.02907,-0.09757,-0.02833,0.34627,0.28129,8.6874,9.00295,9.13877,8.29929,7.21838
1999-11-23,8.814,8.686,8.927999999999999,8.618,2424.0,600843,-0.01452,0.0455,-0.10931,-0.05741,0.30872,0.29836,8.763,8.95219,9.13024,8.31595,7.22649
1999-11-24,8.671,8.467,8.731,8.459,1528.0,600843,-0.02521,-0.03532,-0.15726,-0.12359,0.22003,0.27285,8.701,8.87695,9.11098,8.32837,7.23387
1999-11-25,8.391,8.459,8.542,8.391,845.1,600843,-0.00094,-0.03788,-0.16799,-0.11895,0.28615,0.28478,8.6344,8.79562,9.09256,8.34367,7.24149
1999-11-26,8.459,8.527000000000001,8.64,8.451,1030.4,600843,0.00804,-0.02504,-0.12963,-0.06389,0.34283,0.29945,8.5906,8.73514,9.08318,8.36137,7.24948
1999-11-29,8.512,8.701,8.92,8.512,2840.81,600843,0.02041,-0.01282,-0.08718,-0.12807,0.31098,0.33841,8.568,8.69557,9.06256,8.37815,7.25842
1999-11-30,8.905,8.693,8.905,8.677999999999999,2111.5,600843,-0.00092,0.00081,-0.06737,-0.1002,0.34504,0.34817,8.5694,8.66567,9.04695,8.39628,7.26755
1999-12-01,8.618,8.769,8.882,8.618,1356.41,600843,0.00874,0.03567,-0.04289,-0.08005,0.31825,0.36143,8.6298,8.64695,9.03465,8.41349,7.27701
1999-12-02,8.807,9.102,9.124,8.769,8026.02,600843,0.03797,0.07601,-0.00979,-0.04441,0.33637,0.41643,8.7584,8.64267,9.02782,8.43211,7.28789
1999-12-03,9.192,9.404,9.676,9.147,15790.67,600843,0.03318,0.10285,0.03923,0.01962,0.35955,0.46002,8.9338,8.65957,9.03074,8.45233,7.29993
1999-12-06,9.404,9.109,9.434,9.071,5027.68,600843,-0.03137,0.04689,0.02556,-0.00827,0.34629,0.36464,9.0154,8.67038,9.02952,8.47138,7.30983
1999-12-07,9.086,8.898,9.207,8.882,2597.03,600843,-0.02316,0.02358,0.00782,-0.01907,0.2864,0.34512,9.0564,8.67367,9.02673,8.48749,7.31911
1999-12-08,8.981,9.056000000000001,9.109,8.829,2192.34,600843,0.01776,0.03273,0.05918,0.04356,0.25447,0.38492,9.1138,8.69776,9.03282,8.50242,7.32934
1999-12-09,9.071,8.898,9.071,8.867,1292.64,600843,-0.01745,-0.02241,0.0809,0.01125,0.20357,0.31803,9.073,8.72948,9.03442,8.51466,7.33807
1999-12-10,8.845,8.572000000000001,8.943,8.542,3460.42,600843,-0.03664,-0.08847,0.06076,-0.03901,0.16896,0.30631,8.9066,8.75286,9.02881,8.52473,7.34624
1999-12-13,8.542,8.542,8.677999999999999,8.467,2587.93,600843,-0.0035,-0.06225,0.00886,-0.08944,0.07623,0.32929,8.7932,8.75643,9.01527,8.52965,7.35484
1999-12-14,8.527000000000001,8.58,8.709,8.527000000000001,1324.0,600843,0.00445,-0.03574,0.00175,-0.06587,0.10297,0.35118,8.7296,8.75714,9.00552,8.53616,7.36391
1999-12-15,8.588,8.731,8.769,8.504,3447.54,600843,0.0176,-0.03589,0.05091,-0.06859,0.147,0.39317,8.6646,8.77729,8.99515,8.54526,7.37392
1999-12-16,8.731,8.565,8.738999999999999,8.557,1344.5,600843,-0.01901,-0.03742,-0.02415,-0.08776,0.11625,0.42158,8.598,8.76719,8.98185,8.55251,7.38425
1999-12-17,8.58,8.807,8.958,8.542,2887.18,600843,0.02825,0.02741,0.00171,-0.04115,0.11693,0.46369,8.645,8.7679,8.97576,8.56001,7.39559
1999-12-21,8.807,8.58,8.807,8.542,782.6,600843,-0.02577,0.00445,-0.01898,-0.06117,0.09873,0.44226,8.6526,8.76,8.96674,8.56628,7.40628
1999-12-22,8.451,8.353,8.618,8.353,1785.0,600843,-0.02646,-0.02646,-0.0523,-0.0868,-0.00358,0.44241,8.6072,8.73805,8.95394,8.56603,7.4167
1999-12-23,8.353,7.997999999999999,8.399,7.975,1955.0,600843,-0.0425,-0.08395,-0.07921,-0.09412,-0.00374,0.36695,8.4606,8.70529,8.94053,8.56579,7.42543
1999-12-24,7.937,7.567,7.997999999999999,7.559,2307.24,600843,-0.05389,-0.11652,-0.1063,-0.1408,-0.12042,0.32221,8.261,8.66243,8.92053,8.55737,7.43292
1999-12-27,7.544,7.468999999999999,7.544,7.332999999999999,1696.91,600843,-0.01295,-0.15192,-0.11704,-0.15842,-0.10583,0.30009,7.9934,8.61529,8.89785,8.55018,7.43993
1999-12-28,7.468999999999999,7.529,7.771,7.468999999999999,843.5,600843,0.00803,-0.12249,-0.11704,-0.1509,-0.03114,0.29855,7.7832,8.56776,8.87627,8.54821,7.44697
1999-12-29,7.575,7.393,7.582000000000001,6.917000000000001,1880.68,600843,-0.01806,-0.11493,-0.15033,-0.17258,0.0572,0.30734,7.5912,8.50548,8.8514,8.55146,7.45403
1999-12-30,7.355,7.499,7.522,7.257000000000001,842.1,600843,0.01434,-0.06239,-0.13735,-0.16991,0.03979,0.34054,7.4914,8.44862,8.82665,8.5538,7.46178
2000-01-04,7.091,7.559,7.627999999999999,7.091,2627.25,600843,0.008,-0.00106,-0.13799,-0.15899,0.09281,0.31233,7.4898,8.391,8.8036,8.55902,7.46909
2000-01-05,7.559,7.862,8.081,7.559,5261.2,600843,0.04008,0.05262,-0.13623,-0.12088,0.13794,0.32491,7.5684,8.33195,8.78616,8.56676,7.47693
2000-01-06,7.854,8.013,8.157,7.7860000000000005,4510.47,600843,0.01921,0.06428,-0.14792,-0.09324,0.1182,0.35035,7.6652,8.26571,8.77287,8.57365,7.48538
2000-01-07,8.013,8.164,8.247,7.975,6159.2,600843,0.01884,0.10429,-0.10374,-0.06984,0.16379,0.35345,7.8194,8.22071,8.76298,8.58299,7.49404
2000-01-10,8.981,8.693,8.981,8.542,9171.68,600843,0.0648,0.15922,-0.02304,-0.01373,0.2472,0.43213,8.0582,8.21095,8.76103,8.597,7.50471
2000-01-11,8.693,8.193999999999999,8.693,8.074,3970.45,600843,-0.0574,0.08401,-0.09519,-0.07034,0.22757,0.42628,8.1852,8.1699,8.75103,8.60935,7.51466
2000-01-12,8.164,7.9,8.232000000000001,7.847,2378.0,600843,-0.03588,0.00483,-0.11216,-0.10146,0.2152,0.38791,8.1928,8.12238,8.73665,8.62072,7.52364
2000-01-13,7.862,7.9,8.157,7.824,1696.0,600843,0.0,-0.0141,-0.07839,-0.11435,0.18352,0.38426,8.1702,8.09038,8.72019,8.63068,7.53255
2000-01-14,7.9,7.665,7.937,7.635,1645.0,600843,-0.02975,-0.06112,-0.10267,-0.21881,0.15229,0.35544,8.0704,8.04862,8.68556,8.63892,7.54072
2000-01-17,7.597,7.65,7.747999999999999,7.416,2060.4,600843,-0.00196,-0.11998,-0.10839,-0.22034,0.1658,0.36558,7.8618,8.00433,8.65069,8.64776,7.54905
2000-01-18,7.65,7.7860000000000005,7.997999999999999,7.65,2031.0,600843,0.01778,-0.04979,-0.10824,-0.17669,0.18653,0.37319,7.7802,7.95933,8.62374,8.65772,7.55765
2000-01-19,7.696000000000001,7.6579999999999995,7.824,7.635,1164.69,600843,-0.01644,-0.03063,-0.1059,-0.20856,0.11943,0.35253,7.7318,7.91614,8.59119,8.66436,7.56576
2000-01-20,7.65,7.756,7.7860000000000005,7.635,2029.21,600843,0.0128,-0.01823,-0.11934,-0.21075,0.0961,0.24514,7.703,7.8661,8.55779,8.66989,7.57197
2000-01-21,7.771,7.597,7.892,7.559,3314.13,600843,-0.0205,-0.00887,-0.11457,-0.22218,0.13168,0.21377,7.6894,7.81929,8.52279,8.67707,7.57741
2000-01-24,7.559,7.416,7.597,7.318,4656.1,600843,-0.02383,-0.03059,-0.11218,-0.23954,0.05491,0.2418,7.6426,7.77467,8.48511,8.68021,7.58328
2000-01-25,7.348,7.582000000000001,7.7860000000000005,7.265,2676.0,600843,0.02238,-0.0262,-0.05201,-0.24535,0.05467,0.30927,7.6018,7.75486,8.44535,8.68341,7.59056
2000-01-26,7.635,7.809,7.824,7.582000000000001,2502.15,600843,0.02994,0.01972,0.03198,-0.23193,0.09431,0.33991,7.632,7.76638,8.40732,8.68888,7.59861
2000-01-27,7.937,7.62,7.937,7.499,4010.8,600843,-0.0242,-0.01753,0.02022,-0.22221,0.0781,0.39817,7.6048,7.77357,8.37221,8.69337,7.60743
2000-01-28,7.62,7.522,7.62,7.377999999999999,4643.12,600843,-0.01286,-0.00987,-0.00093,-0.21087,0.05974,0.34465,7.5898,7.77324,8.33979,8.69681,7.61527
2000-02-14,7.559,8.263,8.263,7.484,10586.08,600843,0.09851,0.11421,0.11768,-0.11351,0.05814,0.47923,7.7592,7.81467,8.32273,8.7005,7.62615
2000-02-15,8.3,7.937,8.353,7.862,9879.1,600843,-0.03945,0.04682,0.05841,-0.1337,-0.0278,0.42266,7.8302,7.83552,8.30297,8.69866,7.63574
2000-02-16,7.862,8.315,8.618,7.189,11030.16,600843,0.04763,0.0648,0.10001,-0.09541,0.00447,0.47038,7.9314,7.87152,8.28882,8.69896,7.64655
2000-02-17,8.323,7.937,8.618,7.862,8740.18,600843,-0.04546,0.0416,0.00954,-0.12289,-0.04466,0.39441,7.9948,7.8751,8.27089,8.69594,7.65568
2000-02-18,7.771,8.104,8.315,7.7410000000000005,8582.01,600843,0.02104,0.07737,0.01136,-0.08759,-0.06041,0.4586,8.1112,7.87943,8.25834,8.69171,7.66604
2000-02-21,8.202,8.913,8.913,8.164,21850.25,600843,0.09983,0.07866,0.09174,0.00951,0.03881,0.61292,8.2412,7.9151,8.25969,8.69441,7.6798
2000-02-22,9.298,8.24,9.344,8.164,11548.0,600843,-0.07551,0.03818,-0.05211,-0.03626,-0.00818,0.45147,8.3018,7.89352,8.25469,8.69386,7.69022
2000-02-23,8.149,7.937,8.149,7.885,5812.22,600843,-0.03677,-0.04546,-0.03136,-0.03584,-0.02326,0.40752,8.2262,7.88129,8.24994,8.69233,7.69957
2000-02-24,7.937,8.104,8.104,7.937,2648.43,600843,0.02104,0.02104,0.02582,0.00285,-0.00552,0.4351,8.2596,7.891,8.25031,8.69196,7.70955
2000-02-25,8.104,7.952999999999999,8.126,7.862,3305.0,600843,-0.01863,-0.01863,0.00671,-0.06071,-0.04354,0.4217,8.2294,7.89352,8.24202,8.68902,7.71914
2000-02-28,8.013,8.24,8.391,7.975,5654.22,600843,0.03609,-0.07551,0.07502,-0.03795,-0.00997,0.46307,8.0948,7.9209,8.23677,8.68834,7.72974
2000-02-29,8.391,8.164,8.391,8.058,4902.4,600843,-0.00922,-0.00922,0.06719,-0.01733,-0.00922,0.45942,8.0796,7.94538,8.23445,8.68772,7.74019
2000-03-01,8.315,8.497,8.829,8.315,9888.69,600843,0.04079,0.07056,0.09132,-0.0319,-0.00352,0.53987,8.1916,7.97924,8.22994,8.68748,7.7523
2000-03-02,8.542,8.542,8.769,8.315,4560.92,600843,0.0053,0.05405,0.11543,-0.02843,-0.04888,0.58714,8.2792,8.02133,8.2259,8.68391,7.76515
2000-03-03,8.542,8.882,8.882,8.542,13096.23,600843,0.0398,0.11681,0.14518,0.01555,-0.02084,0.67617,8.465,8.07495,8.2281,8.68237,7.77971
2000-03-06,9.071,8.55,9.155,8.542,11794.71,600843,-0.03738,0.03762,0.12544,-0.02995,-0.07216,0.57517,8.527,8.12033,8.22384,8.67697,7.7924
2000-03-07,8.391,8.263,8.504,8.096,4178.0,600843,-0.03357,0.01213,0.11421,-0.0487,-0.14471,0.49936,8.5468,8.16067,8.21702,8.6656,7.80359
2000-03-08,8.315,8.497,8.686,8.308,3808.73,600843,0.02832,0.0,0.12068,0.00354,-0.11499,0.47903,8.5468,8.20424,8.2175,8.65663,7.81478
2000-03-09,8.504,8.618,8.693,8.338,4389.47,600843,0.01424,0.0089,0.1036,0.0188,-0.0539,0.43945,8.562,8.24276,8.22006,8.65263,7.82547
2000-03-10,8.625,8.399,8.693,8.247,3819.36,600843,-0.02541,-0.05438,0.10223,-0.01501,-0.15833,0.42453,8.4654,8.27986,8.218,8.63979,7.83565
2000-03-13,8.376,8.467,8.595,8.353,4437.97,600843,0.0081,-0.00971,0.12563,-0.02689,-0.12359,0.42686,8.4488,8.32486,8.21423,8.63008,7.84594
2000-03-14,8.467,8.263,8.467,8.149,3636.19,600843,-0.02409,0.0,0.0,-0.04947,-0.13313,0.36624,8.4488,8.32486,8.20729,8.61976,7.85495
2000-03-15,8.263,8.361,8.504,8.013,4581.66,600843,0.01186,-0.01601,0.05342,-0.04653,-0.1222,0.42704,8.4216,8.34505,8.20071,8.6103,7.86512
2000-03-16,8.361,9.2,9.2,8.361,42796.2,600843,0.10035,0.06753,0.10643,0.01077,-0.00249,0.56038,8.538,8.38719,8.20229,8.61011,7.87855
2000-03-17,9.2,9.404,10.054,8.996,31986.97,600843,0.02217,0.11966,0.18483,0.0,0.02384,0.55902,8.739,8.45705,8.20229,8.61189,7.89226
2000-03-20,9.071,10.092,10.341,9.003,23998.08,600843,0.07316,0.19192,0.24531,0.10792,0.11256,0.59305,9.064,8.55171,8.21815,8.6202,7.90753
2000-03-21,10.077,10.047,10.432,9.676,13956.38,600843,-0.00446,0.2159,0.12723,0.12913,0.15776,0.61683,9.4208,8.60571,8.23668,8.63133,7.92311
2000-03-22,9.842,9.79,10.19,9.721,13202.23,600843,-0.02558,0.17091,0.18811,0.08105,0.11263,0.5381,9.7066,8.67952,8.24852,8.63938,7.93703
2000-03-23,9.812000000000001,10.205,10.356,9.721,13562.12,600843,0.04239,0.10924,0.28575,0.14689,0.14406,0.65424,9.9076,8.78752,8.2696,8.64983,7.95344
2000-03-24,10.280999999999999,10.319,11.112,10.205,17019.3,600843,0.01117,0.0973,0.27332,0.2038,0.09999,0.68721,10.0906,8.893,8.29777,8.65746,7.97052
2000-03-27,10.394,10.583,10.991,10.387,12220.02,600843,0.02558,0.04865,0.33069,0.23894,0.1522,0.70721,10.1888,9.01824,8.33069,8.66882,7.98835
2000-03-28,10.81,10.334000000000001,10.870999999999999,10.296,8964.88,600843,-0.02353,0.02857,0.25413,0.20443,0.10241,0.6692,10.2462,9.11795,8.35898,8.67663,8.00519
2000-03-29,10.432,10.432,10.575999999999999,10.167,6428.92,600843,0.00948,0.06558,0.2778,0.19482,0.11109,0.6726,10.3746,9.22595,8.38642,8.68511,8.02224
2000-03-30,10.583,11.309000000000001,11.324000000000002,10.583,15542.82,600843,0.08407,0.10818,0.33094,0.32037,0.23125,0.80886,10.5954,9.35986,8.43068,8.70237,8.0428
2000-03-31,11.225999999999999,10.886,11.248,10.81,6737.84,600843,-0.0374,0.05495,0.27441,0.23606,0.19116,0.68828,10.7088,9.47148,8.46421,8.71658,8.06084
2000-04-03,10.772,10.417,11.037,10.417,7501.75,600843,-0.04308,-0.01569,0.17282,0.2141,0.13884,0.57309,10.6756,9.54457,8.49384,8.7269,8.07626
2000-04-04,10.356,10.016,10.583,9.979,7321.0,600843,-0.03849,-0.03077,0.17146,0.19909,0.13444,0.43229,10.612,9.61438,8.52066,8.73655,8.08855
2000-04-05,10.054,10.243,10.356,10.054,4671.0,600843,0.02266,-0.01812,0.23962,0.2807,0.16305,0.50544,10.5742,9.70867,8.55687,8.74823,8.10253
2000-04-06,10.356,10.75,11.037,10.243,5410.52,600843,0.0495,-0.04943,0.26515,0.42064,0.21127,0.51772,10.4624,9.81595,8.60821,8.76347,8.11744
2000-04-07,10.886,11.232999999999999,11.339,10.417,11168.2,600843,0.04493,0.03188,0.30343,0.50395,0.26683,0.54788,10.5318,9.94048,8.66892,8.78271,8.1336
2000-04-10,11.300999999999998,11.052,11.324000000000002,10.863,3061.14,600843,-0.01611,0.06096,0.31587,0.46792,0.23693,0.50408,10.6588,10.06681,8.72574,8.79992,8.14866
2000-04-11,11.052,10.908,11.059000000000001,10.81,1951.4,600843,-0.01303,0.08906,0.2883,0.47545,0.20744,0.45751,10.8372,10.18305,8.78244,8.81515,8.16258
2000-04-12,10.81,10.727,10.960999999999999,10.568,3216.13,600843,-0.01659,0.04725,0.2982,0.43046,0.19348,0.46284,10.934,10.30038,8.8345,8.82929,8.17637
2000-04-13,10.659,10.659,10.923,10.493,4720.13,600843,-0.00634,-0.00847,0.27485,0.41011,0.19188,0.48413,10.9158,10.40981,8.8845,8.84324,8.19051
2000-04-14,10.81,10.508,10.81,10.47,2383.77,600843,-0.01417,-0.06454,0.14217,0.33656,0.18909,0.41123,10.7708,10.4721,8.92718,8.85683,8.20296
2000-04-17,10.432,10.273,10.432,9.979,2546.27,600843,-0.02236,-0.07048,0.09241,0.28204,0.17045,0.43358,10.615,10.51348,8.96363,8.86899,8.21559
2000-04-18,10.273,10.379000000000001,10.795,10.205,2255.17,600843,0.01032,-0.0485,0.02844,0.27131,0.17756,0.46534,10.5092,10.52714,8.99935,8.88172,8.22898
2000-04-19,10.508,10.552999999999999,10.946,10.485,1908.25,600843,0.01676,-0.01622,0.05036,0.21397,0.1973,0.53075,10.4744,10.55124,9.02935,8.89585,8.24386
2000-04-20,10.432,10.341,10.795,10.280999999999999,2514.0,600843,-0.02009,-0.02983,0.05628,0.26202,0.17618,0.49178,10.4108,10.57748,9.06398,8.90845,8.25772
2000-04-21,10.432,10.447000000000001,10.734000000000002,10.311,2906.0,600843,0.01025,-0.00581,0.02371,0.32241,0.17119,0.61643,10.3986,10.589,9.10506,8.92086,8.27391
2000-04-24,10.47,10.659,10.81,10.417,2763.4,600843,0.02029,0.03757,0.03295,0.34924,0.08632,0.66287,10.4758,10.60519,9.14956,8.92775,8.29118
2000-04-25,10.802,10.432,10.802,10.432,1373.5,600843,-0.0213,0.00511,-0.01427,0.36099,0.06319,0.6726,10.4864,10.598,9.19419,8.93279,8.30824
2000-04-26,10.659,11.037,11.248,10.644,8266.25,600843,0.05799,0.04586,0.06803,0.44275,0.16707,0.70561,10.5832,10.63148,9.24882,8.94563,8.3268
2000-04-27,10.975999999999999,10.697000000000001,10.991,10.659,3869.15,600843,-0.03081,0.03443,0.0254,0.37388,0.10552,0.71509,10.6544,10.6441,9.29577,8.95393,8.34493
2000-04-28,10.659,10.999,11.037,10.620999999999999,3695.54,600843,0.02823,0.05284,-0.02741,0.43628,0.11926,0.74255,10.7648,10.62933,9.34966,8.96346,8.36398
2000-05-08,10.960999999999999,10.923,10.999,10.644,1950.3,600843,-0.00691,0.02477,0.0034,0.40833,0.11836,0.7578,10.8176,10.6311,9.40074,8.97286,8.38312
2000-05-09,10.908,10.583,10.960999999999999,10.432,2389.3,600843,-0.03113,0.01447,0.01594,0.39305,0.08521,0.81807,10.8478,10.639,9.4489,8.97962,8.40248
2000-05-10,10.772,10.205,10.772,10.205,2816.9,600843,-0.03572,-0.07538,0.01887,0.37608,0.01573,0.7976,10.6814,10.648,9.49389,8.9809,8.42089
2000-05-11,10.213,10.273,10.387,9.933,1784.04,600843,0.00666,-0.03964,0.00293,0.35492,0.01043,0.79504,10.5966,10.64943,9.53729,8.98176,8.43938
2000-05-12,10.280999999999999,10.273,10.356,10.054,1422.1,600843,0.0,-0.06601,-0.04437,0.31553,0.04859,0.69661,10.4514,10.62671,9.57703,8.98563,8.45653
2000-05-15,10.205,10.280999999999999,10.334000000000001,10.054,1512.95,600843,0.00078,-0.05878,-0.08475,0.34921,0.07858,0.69374,10.323,10.58138,9.61995,8.99172,8.47365
2000-05-16,10.394,10.394,10.447000000000001,10.325999999999999,848.32,600843,0.01099,-0.01786,-0.05954,0.38181,0.11512,0.74484,10.2852,10.55005,9.66627,9.00045,8.49168
2000-05-17,10.47,10.402000000000001,10.508,10.394,557.0,600843,0.00077,0.0193,-0.04639,0.25886,0.13534,0.68426,10.3246,10.52595,9.70077,9.01053,8.50886
2000-05-18,10.409,10.515,10.515,10.273,669.47,600843,0.01086,0.02356,-0.01976,0.32481,0.14393,0.70036,10.373,10.51586,9.74235,9.02128,8.52647
2000-05-19,10.545,10.719000000000001,10.81,10.508,1919.94,600843,0.0194,0.04341,0.00563,0.28912,0.18455,0.76794,10.4622,10.51871,9.78113,9.03486,8.54539
2000-05-22,10.81,11.300999999999998,11.324000000000002,10.620999999999999,5838.15,600843,0.0543,0.09921,0.07547,0.42384,0.27235,0.99841,10.6662,10.55648,9.83539,9.05453,8.56835
2000-05-23,11.49,11.929,12.427999999999999,11.49,11301.27,600843,0.05557,0.14768,0.1612,0.47199,0.35112,1.05743,10.9732,10.63533,9.89708,9.07973,8.59327
2000-05-24,11.974,11.717,12.095,11.642000000000001,4692.21,600843,-0.01777,0.12642,0.12891,0.3146,0.37041,0.99744,11.2362,10.69905,9.94231,9.10548,8.61705
2000-05-25,12.004000000000001,12.08,12.231,11.565999999999999,5237.61,600843,0.03098,0.14883,0.1447,0.46602,0.46744,1.086,11.5492,10.77176,10.00424,9.13676,8.64262
2000-05-26,12.095,11.793,12.095,11.642000000000001,2049.45,600843,-0.02376,0.1002,0.14041,0.48583,0.45935,1.10815,11.764,10.8409,10.06644,9.16694,8.66782
2000-05-30,11.929,11.860999999999999,12.345,11.725,3300.62,600843,0.00577,0.04955,0.13535,0.4636,0.40085,1.0838,11.876,10.90824,10.12703,9.19454,8.69289
2000-05-31,11.868,11.823,12.095,11.717,2223.47,600843,-0.0032,-0.00889,0.1092,0.48661,0.38039,1.03109,11.8548,10.96367,10.18945,9.22102,8.71729
2000-06-01,11.793,11.362,11.944,11.317,5246.37,600843,-0.03899,-0.0303,0.08915,0.37888,0.3676,0.85109,11.7838,11.00795,10.23981,9.24585,8.73853
2000-06-02,11.475,11.4,11.49,11.339,2421.67,600843,0.00334,-0.05629,0.03289,0.39637,0.29885,0.68864,11.6478,11.02524,10.292,9.26718,8.75743
2000-06-05,11.354000000000001,11.626,12.072000000000001,11.354000000000001,4703.59,600843,0.01982,-0.01416,0.08685,0.36825,0.32234,0.72212,11.6144,11.06948,10.34247,9.29022,8.77724
2000-06-06,11.415,11.626,11.702,11.415,1424.7,600843,0.0,-0.01981,0.05701,0.36104,0.32929,0.73393,11.5674,11.09933,10.39221,9.31363,8.79725
2000-06-07,11.513,11.527999999999999,11.702,11.4,1544.9,600843,-0.00843,-0.02495,0.05539,0.29791,0.30792,0.76081,11.5084,11.12814,10.43489,9.3357,8.8175
2000-06-08,11.527999999999999,11.324000000000002,11.565999999999999,11.187999999999999,1810.0,600843,-0.0177,-0.00334,0.07002,0.32444,0.30371,0.70619,11.5008,11.16343,10.47963,9.35715,8.83655
2000-06-09,11.339,11.052,11.339,11.052,1326.0,600843,-0.02402,-0.03053,0.083,0.33753,0.3053,0.59251,11.4312,11.20376,10.52461,9.37816,8.85326
2000-06-12,11.075,10.960999999999999,11.165,10.78,1550.3,600843,-0.00823,-0.0572,0.06697,0.28998,0.29578,0.66657,11.2982,11.23652,10.56435,9.3985,8.87109
2000-06-13,11.037,11.332,11.339,11.029000000000002,1193.2,600843,0.03385,-0.02529,0.10309,0.31492,0.32896,0.78457,11.2394,11.28695,10.60813,9.42131,8.89134
2000-06-14,11.339,11.362,11.49,11.225999999999999,1293.48,600843,0.00265,-0.0144,0.10515,0.35278,0.30583,0.71192,11.2062,11.33843,10.65592,9.44294,8.91054
2000-06-15,11.347000000000001,11.543,11.672,11.300999999999998,1426.43,600843,0.01593,0.01934,0.11054,0.36329,0.32785,0.78601,11.25,11.39314,10.70553,9.46611,8.9312
2000-06-16,11.626,11.959000000000001,12.02,11.468,6690.09,600843,0.03604,0.08207,0.14968,0.4473,0.36378,0.79781,11.4314,11.46729,10.76515,9.49205,8.95277
2000-06-19,11.959000000000001,11.642000000000001,12.004000000000001,11.505999999999998,3106.75,600843,-0.02651,0.06213,0.10718,0.39242,0.27906,0.70929,11.5676,11.52095,10.81806,9.5127,8.97241
2000-06-20,11.589,11.187999999999999,11.589,10.946,4289.74,600843,-0.039,-0.01271,0.04375,0.21609,0.18971,0.61746,11.5388,11.54329,10.85013,9.5272,8.98977
2000-06-21,10.999,11.309000000000001,11.339,10.81,4078.57,600843,0.01082,-0.00466,0.00071,0.20257,0.24152,0.67145,11.5282,11.54367,10.88085,9.54509,9.00824
2000-06-22,11.324000000000002,11.014000000000001,11.324000000000002,11.014000000000001,1227.0,600843,-0.02609,-0.04583,-0.0767,0.09136,0.23781,0.59231,11.4224,11.5001,10.89573,9.56229,9.02489
2000-06-23,10.999,11.112,11.264000000000001,10.960999999999999,1402.3,600843,0.0089,-0.07083,-0.05163,0.106,0.22703,0.53927,11.253,11.47129,10.9129,9.57901,9.04072
2000-06-26,11.112,11.232999999999999,11.853,11.112,1983.84,600843,0.01089,-0.03513,-0.07012,0.1474,0.26242,0.51941,11.1712,11.43095,10.93618,9.59799,9.05633
2000-06-27,11.475,11.294,11.482999999999999,11.112,1266.51,600843,0.00543,0.00947,-0.04231,0.10671,0.31755,0.54016,11.1924,11.40719,10.95374,9.62012,9.07243
2000-06-28,11.445,11.037,11.445,11.007,1780.0,600843,-0.02276,-0.02405,-0.06947,0.06958,0.29209,0.39058,11.138,11.36795,10.96532,9.64041,9.08503
2000-06-29,10.960999999999999,11.097000000000001,11.187999999999999,10.923,4251.8,600843,0.00544,0.00754,-0.06141,0.04857,0.29336,0.42653,11.1546,11.33338,10.97361,9.66087,9.09852
2000-06-30,11.135,11.135,11.270999999999999,11.135,2067.0,600843,0.00342,0.00207,-0.01998,0.07751,0.27534,0.46282,11.1592,11.32257,10.98653,9.68041,9.11284
2000-07-03,11.187999999999999,11.173,11.187999999999999,11.067,1140.0,600843,0.00341,-0.00534,-0.01991,0.07103,0.3045,0.45614,11.1472,11.31176,10.99848,9.70162,9.12707
2000-07-04,11.187999999999999,11.196,11.225999999999999,11.082,1000.3,600843,0.00206,-0.00868,-0.03699,-0.00999,0.27126,0.41991,11.1276,11.29129,10.99666,9.72104,9.14052
2000-07-05,11.196,11.15,11.218,11.037,1418.8,600843,-0.00411,0.01024,-0.04094,0.02425,0.29953,0.42784,11.1502,11.26862,11.00092,9.74193,9.15411
2000-07-06,10.915999999999999,11.059000000000001,11.15,10.81,1389.0,600843,-0.00816,-0.00342,-0.04068,0.06163,0.32396,0.31922,11.1426,11.24629,11.01127,9.76393,9.16498
2000-07-07,11.09,10.923,11.15,10.863,2453.0,600843,-0.0123,-0.01904,-0.03541,0.09056,0.36572,0.36061,11.1002,11.22719,11.0259,9.78772,9.17675
2000-07-10,10.999,10.847999999999999,11.037,10.81,2228.0,600843,-0.00687,-0.02909,-0.01846,0.05906,0.43359,0.26096,11.0352,11.21748,11.03566,9.81439,9.18588
2000-07-11,10.818,10.795,10.975999999999999,10.75,3409.0,600843,-0.00489,-0.03582,-0.01514,0.00419,0.44531,0.29235,10.955,11.20957,11.03639,9.84143,9.1958
2000-07-12,10.802,10.960999999999999,11.12,10.432,3917.8,600843,0.01538,-0.01695,-0.03274,-0.02421,0.45584,0.4105,10.9172,11.1919,11.032,9.86933,9.20877
2000-07-13,11.187999999999999,10.931,11.187999999999999,10.901,2184.0,600843,-0.00274,-0.01157,-0.03793,-0.01095,0.47856,0.56313,10.8916,11.17138,11.03005,9.8981,9.22478
2000-07-14,10.999,11.105,11.112,10.946,1293.35,600843,0.01592,0.01666,-0.03795,0.01806,0.48086,0.53979,10.928,11.15052,11.03323,9.92741,9.24061
2000-07-17,11.105,11.112,11.225999999999999,11.052,1997.86,600843,0.00063,0.02434,-0.07083,0.03589,0.47004,0.60648,10.9808,11.11019,11.03944,9.9563,9.25766
2000-07-18,11.12,11.225999999999999,11.309000000000001,11.075,1507.32,600843,0.01026,0.03993,-0.03573,0.05319,0.42788,0.62484,11.067,11.09038,11.04858,9.98365,9.27521
2000-07-19,11.264000000000001,11.225999999999999,11.279000000000002,11.158,721.0,600843,0.0,0.02418,0.0034,0.06833,0.40097,0.56656,11.12,11.09219,11.06016,10.00977,9.29171
2000-07-20,11.225999999999999,11.15,11.255999999999998,11.022,704.4,600843,-0.00677,0.02003,-0.01406,0.08537,0.36575,0.58945,11.1638,11.08462,11.07431,10.03405,9.30852
2000-07-21,11.173,11.037,11.173,11.037,836.85,600843,-0.01013,-0.00612,0.00209,0.0634,0.26964,0.5835,11.1502,11.08571,11.08492,10.05311,9.32505
2000-07-24,11.037,10.886,11.112,10.847999999999999,1194.6,600843,-0.01368,-0.02034,-0.02034,0.03156,0.32853,0.63086,11.105,11.07495,11.09029,10.07499,9.34217
2000-07-25,11.037,11.248,11.300999999999998,10.847999999999999,4243.66,600843,0.03325,0.00196,0.00134,0.08771,0.4238,0.7302,11.1094,11.07567,11.10492,10.10221,9.36147
2000-07-26,11.248,11.453,11.49,11.248,2931.6,600843,0.01823,0.02022,0.01408,0.0963,0.44975,0.71581,11.1548,11.08324,11.12115,10.1311,9.38089
2000-07-27,11.49,11.482999999999999,11.610999999999999,11.339,3313.5,600843,0.00262,0.02987,0.04041,0.07731,0.49811,0.72625,11.2214,11.10448,11.13444,10.16214,9.40053
2000-07-28,11.49,11.793,11.868,11.339,6829.41,600843,0.027,0.0685,0.06272,0.13046,0.54157,0.79717,11.3726,11.13762,11.15639,10.19582,9.42179
2000-07-31,11.8,12.057,12.155999999999999,11.642000000000001,8601.97,600843,0.02239,0.10757,0.0828,0.09242,0.54855,0.8374,11.6068,11.18152,11.17284,10.23054,9.44413
2000-08-01,12.02,11.944,12.02,11.679,2188.4,600843,-0.00937,0.06188,0.06901,0.11657,0.55968,0.74594,11.746,11.21824,11.19295,10.26539,9.46487
2000-08-02,11.974,11.793,11.974,11.498,1938.17,600843,-0.01264,0.02969,0.05332,0.07219,0.5205,0.66662,11.814,11.24667,11.20576,10.29821,9.48405
2000-08-03,11.793,11.642000000000001,11.793,11.565999999999999,1203.0,600843,-0.0128,0.01385,0.04413,0.06582,0.53245,0.73425,11.8458,11.2701,11.21735,10.3311,9.50409
2000-08-04,11.679,11.619000000000002,11.793,11.565999999999999,2403.27,600843,-0.00198,-0.01475,0.05064,0.09789,0.56675,0.65277,11.811,11.29676,11.23406,10.36527,9.52274
2000-08-07,11.619000000000002,11.642000000000001,11.860999999999999,11.565999999999999,852.95,600843,0.00198,-0.03442,0.06582,0.14081,0.53548,0.61942,11.728,11.331,11.25724,10.39828,9.54084
2000-08-08,11.793,11.634,11.793,11.339,2061.0,600843,-0.00069,-0.02595,0.07246,0.13248,0.48982,0.63033,11.666,11.36843,11.27919,10.42937,9.55913
2000-08-09,11.619000000000002,11.642000000000001,11.732000000000001,11.475,2008.01,600843,0.00069,-0.0128,0.07846,0.13326,0.52782,0.64714,11.6358,11.40876,11.30127,10.46207,9.57772
2000-08-10,11.785,11.853,12.004000000000001,11.642000000000001,4549.28,600843,0.01812,0.01812,0.08138,0.1529,0.57578,0.66991,11.678,11.45124,11.32663,10.49728,9.59705
2000-08-11,11.853,11.642000000000001,11.929,11.642000000000001,1584.59,600843,-0.0178,0.00198,0.06504,0.12007,0.40893,0.49084,11.6826,11.4851,11.34676,10.52476,9.61263
2000-08-14,10.946,11.71,11.717,10.946,1694.37,600843,0.00584,0.00584,0.05448,0.12575,0.47537,0.43435,11.6962,11.5139,11.36785,10.55543,9.62704
2000-08-15,11.793,11.694,11.793,11.498,2088.0,600843,-0.00137,0.00516,0.05238,0.11213,0.40637,0.41266,11.7082,11.54162,11.38687,10.5829,9.64093
2000-08-16,11.565999999999999,11.702,11.785,11.536,2347.0,600843,0.00068,0.00515,0.0424,0.09171,0.47436,0.40852,11.7202,11.56429,11.40273,10.61351,9.65473
2000-08-17,11.702,11.717,11.77,11.664000000000001,2094.0,600843,0.00128,-0.01147,0.04374,0.03681,0.44583,0.35849,11.693,11.58767,11.40944,10.64289,9.6673
2000-08-18,11.755,11.929,12.171,11.732000000000001,5326.85,600843,0.01809,0.02465,0.06987,0.0,0.33838,0.39033,11.7504,11.62476,11.40944,10.66741,9.68091
2000-08-21,11.944,12.231,12.284,11.929,7044.21,600843,0.02532,0.04449,0.10818,0.04387,0.48434,0.4722,11.8546,11.68162,11.41773,10.69985,9.69686
2000-08-22,12.245999999999999,11.899000000000001,12.322000000000001,11.853,5834.0,600843,-0.02714,0.01753,0.09306,-0.01498,0.49918,0.46431,11.8956,11.72986,11.41481,10.73207,9.7122
2000-08-23,11.952,11.997,12.057,11.527999999999999,6927.87,600843,0.00824,0.02521,0.06659,0.0173,0.48038,0.47221,11.9546,11.76552,11.4181,10.76372,9.72784
2000-08-24,12.08,12.821,13.199000000000002,12.08,29435.16,600843,0.06868,0.09422,0.11944,0.08094,0.6121,0.54191,12.1754,11.83067,11.43358,10.80329,9.74615
2000-08-25,12.609000000000002,13.229000000000001,13.29,12.587,12386.76,600843,0.03182,0.10898,0.15205,0.11892,0.60546,0.58945,12.4354,11.91381,11.45626,10.84385,9.7661
2000-08-28,13.199000000000002,13.107999999999999,13.305,12.942,9826.27,600843,-0.00915,0.0717,0.11151,0.15367,0.60559,0.59078,12.6108,11.97643,11.48442,10.88405,9.78589
2000-08-29,13.107999999999999,13.078,13.342,12.775,6330.04,600843,-0.00229,0.09908,0.08468,0.14719,0.53913,0.53372,12.8466,12.02505,11.51148,10.92129,9.80439
2000-08-30,13.002,12.472999999999999,13.078,12.472999999999999,2948.6,600843,-0.04626,0.03968,0.04429,0.07285,0.4602,0.38882,12.9418,12.05024,11.52515,10.95325,9.81858
2000-08-31,12.458,12.254000000000001,13.062999999999999,12.171,4285.1,600843,-0.01756,-0.04422,0.03909,0.05402,0.37964,0.3509,12.8284,12.07219,11.53527,10.98067,9.83152
2000-09-01,12.345,12.322000000000001,12.435,12.118,2897.35,600843,0.00555,-0.06856,0.05841,0.06888,0.44117,0.33717,12.647,12.10457,11.54808,11.01133,9.84415
2000-09-04,12.307,12.382,12.466,12.171,1232.0,600843,0.00487,-0.05539,0.06567,0.09343,0.49849,0.28165,12.5018,12.1409,11.56515,11.04482,9.85521
2000-09-05,12.435,12.398,12.472999999999999,12.209000000000001,1437.2,600843,0.00129,-0.052,0.06494,0.12179,0.4591,0.29132,12.3658,12.1769,11.58685,11.07654,9.86658
2000-09-06,12.322000000000001,12.398,12.571,12.148,2088.69,600843,0.0,-0.00601,0.06567,0.1311,0.43862,0.36107,12.3508,12.21329,11.61003,11.10727,9.87995
2000-09-07,12.382,12.269,12.579,12.209000000000001,2161.0,600843,-0.0104,0.00122,0.05386,0.08269,0.46077,0.22948,12.3538,12.24314,11.62515,11.13873,9.88926
2000-09-08,12.307,12.245999999999999,12.382,12.148,1889.88,600843,-0.00187,-0.00617,0.03316,0.0778,0.44632,0.26757,12.3386,12.26186,11.6394,11.16946,9.89977
2000-09-11,12.322000000000001,12.352,12.352,12.095,618.5,600843,0.00866,-0.00242,0.06099,0.07009,0.49486,0.29585,12.3326,12.29567,11.65245,11.2027,9.91123
2000-09-12,12.322000000000001,12.458,12.534,12.322000000000001,1634.6,600843,0.00858,0.00484,0.06388,0.04173,0.49001,0.30793,12.3446,12.33129,11.6605,11.23601,9.92315
2000-09-13,12.534,12.67,12.67,12.39,2284.4,600843,0.01702,0.02194,0.08346,0.0883,0.37717,0.37374,12.399,12.37776,11.67708,11.26422,9.93717
2000-09-14,12.7,12.67,12.775,12.472999999999999,1267.5,600843,0.0,0.03268,0.08272,0.13246,0.3473,0.37942,12.4792,12.42386,11.70098,11.29077,9.95133
2000-09-15,12.609000000000002,12.398,12.624,12.398,907.29,600843,-0.02147,0.01241,0.05812,0.09629,0.2285,0.36677,12.5096,12.45629,11.71855,11.30952,9.96486
2000-09-18,12.549000000000001,12.45,12.556,12.261,879.0,600843,0.00419,0.00793,0.04368,0.13038,0.23918,0.43466,12.5292,12.4811,11.74171,11.32906,9.98019
2000-09-19,12.36,12.004000000000001,12.511,11.921,3494.97,600843,-0.03582,-0.03644,-0.01856,0.08027,0.22615,0.36425,12.4384,12.47029,11.7561,11.34706,9.99322
2000-09-20,11.868,12.443,12.443,11.574000000000002,10834.14,600843,0.03657,-0.01792,0.04572,0.10772,0.2193,0.39496,12.393,12.49619,11.77561,11.36525,10.00754
2000-09-21,12.472999999999999,12.027000000000001,12.495999999999999,12.004000000000001,2379.0,600843,-0.03343,-0.05075,0.0025,0.0649,0.16552,0.28206,12.2644,12.49762,11.78744,11.37914,10.0183
2000-09-22,12.095,11.610999999999999,12.095,11.339,1421.5,600843,-0.03459,-0.06348,-0.09438,0.05201,0.09714,0.26413,12.107,12.44,11.79669,11.3875,10.02816
2000-09-25,11.49,11.536,11.642000000000001,11.339,1907.25,600843,-0.00646,-0.07341,-0.12798,0.03956,0.11632,0.23064,11.9242,12.35938,11.80377,11.39727,10.03695
2000-09-26,11.610999999999999,11.634,11.717,11.339,1411.3,600843,0.0085,-0.03082,-0.11245,0.04481,0.11522,0.23911,11.8502,12.28919,11.81182,11.40704,10.04607
2000-09-27,11.565999999999999,11.565999999999999,11.642000000000001,11.415,384.0,600843,-0.00584,-0.07048,-0.11561,0.03517,0.02273,0.25923,11.6748,12.21719,11.81816,11.40913,10.05575
2000-09-28,11.574000000000002,11.475,11.642000000000001,11.354000000000001,631.0,600843,-0.00787,-0.0459,-0.08001,0.02492,0.05411,0.25561,11.5644,12.16967,11.82266,11.41392,10.06525
2000-10-09,11.642000000000001,11.520999999999999,11.642000000000001,11.264000000000001,1237.1,600843,0.00401,-0.00775,-0.05982,0.03327,0.10598,0.25954,11.5464,12.13476,11.82865,11.42289,10.0749
2000-10-10,11.558,12.004000000000001,12.004000000000001,11.422,3292.0,600843,0.04192,0.04057,-0.02581,0.08545,0.19848,0.35961,11.64,12.11962,11.84389,11.43906,10.0878
2000-10-11,11.982000000000001,12.08,12.155999999999999,11.793,2589.5,600843,0.00633,0.03834,-0.02439,0.10592,0.17934,0.37164,11.7292,12.10524,11.86255,11.45399,10.10111
2000-10-12,12.095,12.095,12.245999999999999,11.868,1871.09,600843,0.00124,0.04574,-0.02444,0.11495,0.12512,0.36282,11.835,12.09081,11.88266,11.46493,10.1142
2000-10-13,12.095,12.095,12.095,11.929,895.66,600843,0.0,0.05403,-0.02444,0.12043,0.07674,0.36405,11.959,12.07638,11.90363,11.47193,10.12732
2000-10-16,12.08,12.02,12.209000000000001,11.793,952.0,600843,-0.0062,0.04331,-0.0203,0.09662,0.08759,0.34527,12.0588,12.06452,11.92071,11.4798,10.13986
2000-10-17,11.952,11.944,11.952,11.755,388.0,600843,-0.00632,-0.005,-0.02466,0.09267,0.09498,0.32212,12.0468,12.05014,11.93705,11.48823,10.15169
2000-10-18,11.793,12.02,12.095,11.777999999999999,1347.3,600843,0.00636,-0.00497,-0.02688,0.0824,0.12054,0.33734,12.0348,12.03433,11.95181,11.49874,10.16402
2000-10-19,12.02,12.133,12.322000000000001,11.982000000000001,2991.4,600843,0.0094,0.00314,-0.02609,0.09188,0.13829,0.3567,12.0424,12.01886,11.96827,11.51072,10.17698
2000-10-20,12.133,12.08,12.133,11.339,2481.0,600843,-0.00437,-0.00124,-0.04657,0.07607,0.1496,0.36698,12.0394,11.99076,11.98205,11.5235,10.19017
2000-10-23,11.959000000000001,11.982000000000001,12.057,11.717,861.0,600843,-0.00811,-0.00316,-0.0543,0.06734,0.16636,0.36516,12.0318,11.958,11.99424,11.5374,10.2032
2000-10-24,11.982000000000001,12.02,12.057,11.793,766.0,600843,0.00317,0.00636,-0.03049,0.07803,0.15811,0.36374,12.047,11.94,12.00827,11.55074,10.21623
2000-10-25,11.929,12.284,12.284,11.853,2968.73,600843,0.02196,0.02196,-0.01333,0.11298,0.16403,0.39369,12.0998,11.9321,12.02839,11.56481,10.23033
2000-10-26,12.245999999999999,12.245999999999999,12.435,12.02,2778.13,600843,-0.00309,0.00931,0.02016,0.12493,0.18422,0.39286,12.1224,11.94362,12.05032,11.5803,10.24437
2000-10-27,12.245999999999999,12.245999999999999,12.398,12.133,2612.0,600843,0.0,0.01374,-0.01583,0.08873,0.1722,0.37287,12.1556,11.93424,12.06642,11.59493,10.25789
2000-10-30,12.245999999999999,12.042,12.245999999999999,11.876,749.0,600843,-0.01666,0.00501,0.00125,0.05143,0.12975,0.22727,12.1676,11.93495,12.07592,11.60617,10.26696
2000-10-31,11.929,12.307,12.435,11.929,4905.61,600843,0.02201,0.02388,0.05994,0.07176,0.17974,0.25428,12.225,11.9681,12.08921,11.62141,10.2771
2000-11-01,12.245999999999999,12.36,12.517999999999999,12.231,4175.03,600843,0.00431,0.00619,0.07143,0.04808,0.11987,0.30697,12.2402,12.00733,12.09835,11.63217,10.2889
2000-11-02,12.36,12.367,12.511,12.14,2044.5,600843,0.00057,0.00988,0.063,0.02571,0.15612,0.27811,12.2644,12.04224,12.10335,11.64575,10.29984
2000-11-03,12.224,12.511,12.587,12.171,5013.1,600843,0.01164,0.02164,0.0817,0.04747,0.13747,0.27313,12.3174,12.08724,12.1125,11.65804,10.31075
2000-11-06,12.511,12.767999999999999,12.767999999999999,12.398,5834.76,600843,0.02054,0.06029,0.11268,0.08268,0.16891,0.30726,12.4626,12.14881,12.12823,11.67304,10.32295
2000-11-07,12.76,12.98,12.98,12.624,7036.67,600843,0.0166,0.05468,0.12664,0.11493,0.2265,0.33101,12.5972,12.21829,12.14981,11.69253,10.33607
2000-11-08,13.025,12.7,13.04,12.7,3126.9,600843,-0.02157,0.02751,0.05798,0.09304,0.24449,0.26406,12.6652,12.25143,12.16724,11.71281,10.34686
2000-11-09,12.7,12.685,12.812999999999999,12.488,2943.46,600843,-0.00118,0.02571,0.05008,0.08959,0.23479,0.24766,12.7288,12.28024,12.18406,11.73242,10.35709
2000-11-10,12.753,12.7,12.775,12.549000000000001,2774.42,600843,0.00118,0.01511,0.05002,0.09163,0.23625,0.29632,12.7666,12.30905,12.20126,11.75215,10.36889
2000-11-13,12.624,12.692,12.7,12.534,2110.0,600843,-0.00063,-0.00595,0.04936,0.09019,0.23451,0.33151,12.7514,12.33748,12.21819,11.77176,10.38174
2000-11-14,12.7,12.738,12.859000000000002,12.398,4844.4,600843,0.00362,-0.01864,0.05973,0.07466,0.22551,0.36659,12.703,12.37167,12.23247,11.79081,10.39563
2000-11-15,12.7,12.821,12.919,12.481,5003.88,600843,0.00652,0.00953,0.07343,0.10127,0.23255,0.39937,12.7272,12.41343,12.25148,11.81048,10.4105
2000-11-16,12.812999999999999,12.972000000000001,12.98,12.624,5129.85,600843,0.01178,0.02263,0.0792,0.10777,0.23367,0.41123,12.7846,12.45876,12.27184,11.83046,10.42587
2000-11-17,13.062999999999999,13.04,13.138,12.790999999999999,5667.12,600843,0.00524,0.02677,0.07475,0.1151,0.21653,0.44104,12.8526,12.50195,12.29355,11.84933,10.44209
2000-11-20,13.078,12.850999999999999,13.078,12.738,1500.0,600843,-0.01449,0.01253,0.06382,0.09819,0.13716,0.44686,12.8844,12.53867,12.31208,11.86193,10.45823
2000-11-21,12.835999999999999,12.835999999999999,12.912,12.685,4271.89,600843,-0.00117,0.00769,0.07127,0.0955,0.07603,0.45385,12.904,12.57933,12.33013,11.8693,10.47452
2000-11-22,12.707,12.850999999999999,12.912,12.662,3758.2,600843,0.00117,0.00234,0.06913,0.07729,0.09678,0.50304,12.91,12.6189,12.345,11.87852,10.492
2000-11-23,12.927,12.874,13.130999999999998,12.828,7522.5,600843,0.00179,-0.00755,0.04803,0.05257,0.06573,0.5639,12.8904,12.647,12.35537,11.88498,10.51087
2000-11-24,12.912,12.715,13.190999999999999,12.715,7464.02,600843,-0.01235,-0.02492,0.0383,0.06858,0.07818,0.57344,12.8254,12.66933,12.36853,11.89247,10.52971
2000-11-27,12.7,13.206,13.297,12.7,7048.15,600843,0.03862,0.02762,0.07839,0.10078,0.1134,0.5597,12.8964,12.71505,12.38803,11.90341,10.54897
2000-11-28,13.305,13.38,13.440999999999999,13.152999999999999,4003.66,600843,0.01318,0.04238,0.11111,0.0436,0.13169,0.56217,13.0052,12.77876,12.39705,11.91607,10.56854
2000-11-29,13.342,13.190999999999999,13.38,13.078,1690.9,600843,-0.01413,0.02646,0.07183,-0.00287,0.16098,0.58775,13.0732,12.82086,12.39644,11.93093,10.58839
2000-11-30,13.190999999999999,13.902000000000001,14.061,13.116,9082.93,600843,0.0539,0.07985,0.12476,0.06057,0.21947,0.58391,13.2788,12.89429,12.40924,11.95128,10.60923
2000-12-01,13.985,13.902000000000001,14.052999999999999,13.683,7757.56,600843,0.0,0.09335,0.12412,0.06301,0.19577,0.58121,13.5162,12.96738,12.42253,11.96978,10.63
2000-12-04,13.947000000000001,13.683,14.120999999999999,13.668,6658.67,600843,-0.01575,0.03612,0.09368,0.09701,0.17693,0.56449,13.6116,13.02319,12.44205,11.9865,10.65007
2000-12-05,13.758,13.773,13.894,13.569,6514.22,600843,0.00658,0.02937,0.07871,0.12396,0.19474,0.56263,13.6902,13.07105,12.46655,12.00476,10.67023
2000-12-06,13.796,13.985,14.287,13.440999999999999,18565.45,600843,0.01539,0.06019,0.07743,0.13496,0.23499,0.61006,13.849,13.1189,12.49337,12.02639,10.69177
2000-12-07,13.985,14.817,14.854000000000001,13.819,22368.36,600843,0.05949,0.06582,0.16669,0.19666,0.34066,0.74997,14.032,13.21971,12.53265,12.057,10.71758
2000-12-08,14.741,13.985,14.953,13.758,13641.7,600843,-0.05615,0.00597,0.10248,0.128,0.27589,0.65327,14.0486,13.28162,12.55824,12.08159,10.74004
2000-12-11,13.909,13.856,14.136,13.440999999999999,6427.09,600843,-0.00922,0.01264,0.09102,0.1176,0.22273,0.62496,14.0832,13.33667,12.58176,12.10211,10.76171
2000-12-12,13.607000000000001,13.819,13.909,13.463,4447.0,600843,-0.00267,0.00334,0.0888,0.12633,0.21625,0.58821,14.0924,13.39033,12.60676,12.12208,10.78251
2000-12-13,13.607000000000001,13.456,13.819,13.440999999999999,2638.12,600843,-0.02627,-0.03783,0.05637,0.09881,0.16573,0.54791,13.9866,13.42452,12.62627,12.13763,10.80187
2000-12-14,13.607000000000001,13.825999999999999,13.856,13.448,4920.59,600843,0.0275,-0.06688,0.07839,0.11933,0.15612,0.57669,13.7884,13.47238,12.65005,12.15281,10.82243
2000-12-15,13.796,13.985,14.295,13.796,7547.69,600843,0.0115,0.0,0.07809,0.12257,0.20125,0.53648,13.7884,13.52062,12.67468,12.17186,10.84228
2000-12-18,14.431,14.982999999999999,15.005999999999998,14.234000000000002,30712.53,600843,0.07136,0.08134,0.149,0.18256,0.3392,0.59326,14.0138,13.61314,12.71198,12.20272,10.86496
2000-12-19,14.854000000000001,14.817,15.142000000000001,14.499,20090.53,600843,-0.01108,0.07222,0.15298,0.16946,0.3102,0.62663,14.2134,13.70676,12.74661,12.23124,10.88816
2000-12-20,15.043,14.93,15.247,14.514000000000001,8732.64,600843,0.00763,0.10954,0.16313,0.20423,0.35555,0.67791,14.5082,13.80648,12.78745,12.26307,10.91268
2000-12-21,14.907,14.779000000000002,14.982999999999999,14.514000000000001,8907.72,600843,-0.01011,0.06893,0.15003,0.18707,0.33,0.63196,14.6988,13.89829,12.82502,12.29289,10.93595
2000-12-22,14.93,15.724,16.245,14.817,29485.57,600843,0.06394,0.12435,0.22138,0.3099,0.3998,0.76714,15.0466,14.034,12.88502,12.3294,10.9637
2000-12-25,15.709000000000001,15.345999999999998,15.875,15.119000000000002,11518.24,600843,-0.02404,0.02423,0.20692,0.2333,0.35877,0.79025,15.1192,14.15929,12.93184,12.36234,10.99123
2000-12-26,15.345999999999998,15.557,15.633,15.172,7228.65,600843,0.01375,0.04994,0.17803,0.29351,0.40953,0.82124,15.2672,14.27124,12.98877,12.39909,11.01975
2000-12-27,15.497,14.968,15.557,14.892000000000001,5739.63,600843,-0.03786,0.00255,0.11868,0.28912,0.34883,0.74452,15.2748,14.34686,13.04292,12.43056,11.04572
2000-12-28,14.93,14.386,14.93,14.347999999999999,7337.16,600843,-0.03888,-0.02659,0.09059,0.24705,0.29196,0.64769,15.1962,14.40376,13.08889,12.45699,11.0687
2000-12-29,14.363,13.35,14.363,12.964,11952.05,600843,-0.07201,-0.15098,-0.03971,0.1475,0.19484,0.55867,14.7214,14.37748,13.11656,12.47469,11.08815
2001-01-02,13.456,13.327,13.592,13.078,6832.06,600843,-0.00172,-0.13157,-0.04136,0.15226,0.19034,0.51323,14.3176,14.3501,13.14497,12.49202,11.10653
2001-01-03,13.38,13.909,13.94,13.078,6775.29,600843,0.04367,-0.10593,0.01652,0.21211,0.24744,0.6211,13.988,14.36086,13.18423,12.51445,11.12819
2001-01-04,14.605,14.25,14.605,13.872,7033.38,600843,0.02452,-0.04797,0.03463,0.23687,0.28854,0.70597,13.8444,14.38357,13.22824,12.54039,11.15216
2001-01-05,14.25,13.804,14.272,13.683,6405.16,600843,-0.0313,-0.04046,-0.01294,0.14995,0.26376,0.72593,13.728,14.37495,13.25727,12.56381,11.17576
2001-01-08,13.758,13.373,13.758,13.229000000000001,4959.04,600843,-0.03122,0.00172,-0.09746,0.10704,0.23276,0.76728,13.7326,14.30619,13.27813,12.58434,11.19937
2001-01-09,13.342,13.38,13.509,13.169,2621.15,600843,0.00052,0.00398,-0.04326,0.10624,0.23946,0.7914,13.7432,14.27738,13.29885,12.60536,11.22339
2001-01-10,13.515999999999998,13.569,13.592,13.229000000000001,2155.62,600843,0.01413,-0.02444,-0.02071,0.12187,0.23793,0.80223,13.6752,14.26371,13.32263,12.62656,11.24795
2001-01-11,13.569,13.365,13.569,13.244000000000002,2102.72,600843,-0.01503,-0.06211,-0.03285,0.1119,0.22267,0.80779,13.4982,14.2421,13.34432,12.64635,11.27222
2001-01-12,13.297,13.509,13.743,13.152999999999999,3124.73,600843,0.01077,-0.02137,0.00394,0.13103,0.21648,0.80144,13.4392,14.24462,13.36956,12.66589,11.29665
2001-01-15,13.373,12.821,13.373,12.775,1870.5,600843,-0.05093,-0.04128,-0.07269,0.06664,0.1538,0.69612,13.3288,14.19676,13.38248,12.67979,11.31804
2001-01-16,12.481,12.624,12.889000000000001,12.481,1849.29,600843,-0.01537,-0.0565,-0.09732,0.04047,0.12453,0.6057,13.1776,14.13195,13.3904,12.69115,11.3374
2001-01-17,12.624,12.639000000000001,12.844000000000001,12.549000000000001,876.47,600843,0.00119,-0.06854,-0.15644,0.04627,0.12587,0.57731,12.9916,14.02033,13.39942,12.70264,11.35621
2001-01-18,12.639000000000001,12.624,12.806,12.609000000000002,1418.32,600843,-0.00119,-0.05544,-0.14801,0.05358,0.1322,0.5463,12.8434,13.9159,13.40977,12.71463,11.37434
2001-01-19,12.685,12.76,12.835999999999999,12.556,1491.92,600843,0.01077,-0.05544,-0.14534,0.06156,0.15611,0.46785,12.6936,13.81257,13.42171,12.72863,11.39087
2001-02-05,12.850999999999999,12.329,12.98,12.322000000000001,1918.0,600843,-0.03378,-0.03837,-0.16578,0.00366,0.13256,0.50464,12.5952,13.6959,13.42244,12.74037,11.40768
2001-02-06,12.08,12.133,12.171,11.944,909.5,600843,-0.0159,-0.03889,-0.22838,-0.00923,0.07868,0.53582,12.497,13.5249,13.42061,12.74756,11.42489
2001-02-07,12.171,11.982000000000001,12.292,11.982000000000001,1065.0,600843,-0.01245,-0.05198,-0.21921,-0.02156,0.04619,0.51671,12.3656,13.36471,13.41635,12.75186,11.44148
2001-02-08,11.868,11.248,12.042,11.173,2051.31,600843,-0.06126,-0.109,-0.27698,-0.06594,-0.02047,0.46745,12.0904,13.15952,13.40355,12.74995,11.45604
2001-02-09,11.642000000000001,11.793,11.899000000000001,11.415,2218.92,600843,0.04845,-0.07578,-0.21212,-0.04176,0.0,0.54157,11.897,13.00833,13.39526,12.74995,11.47289
2001-02-12,12.103,12.617,12.7,11.853,4882.78,600843,0.06987,0.02336,-0.12297,0.02079,0.04645,0.62047,11.9546,12.9241,13.3994,12.7545,11.49252
2001-02-13,12.662,12.427999999999999,12.677,12.398,1985.5,600843,-0.01498,0.02431,-0.06906,0.00493,0.04052,0.62288,12.0136,12.88019,13.40039,12.75844,11.51191
2001-02-14,12.458,12.352,12.472999999999999,12.277000000000001,644.21,600843,-0.00612,0.03088,-0.07316,-0.01271,0.0474,0.59257,12.0876,12.83376,13.39782,12.76298,11.5306
2001-02-15,12.337,11.982000000000001,12.398,11.982000000000001,927.0,600843,-0.02995,0.06526,-0.13854,-0.06156,0.0292,0.5772,12.2344,12.742,13.38515,12.76575,11.54842
2001-02-16,11.868,12.245999999999999,12.261,11.679,1164.68,600843,0.02203,0.03841,-0.14063,-0.05655,0.05396,0.65129,12.325,12.64657,13.37331,12.77085,11.56806
2001-02-19,12.254000000000001,12.895999999999999,13.138,11.959000000000001,4810.45,600843,0.05308,0.02211,-0.06578,0.01543,0.10771,0.70087,12.3808,12.60333,13.37647,12.78104,11.58966
2001-02-20,12.895999999999999,12.36,12.927,12.245999999999999,4426.03,600843,-0.04156,-0.00547,-0.07575,-0.02562,0.0624,0.58279,12.3672,12.5551,13.37123,12.78694,11.60816
2001-02-21,12.133,11.868,12.133,11.642000000000001,4559.4,600843,-0.03981,-0.03918,-0.113,-0.06551,0.01941,0.55748,12.2704,12.4831,13.35781,12.78878,11.62543
2001-02-22,11.642000000000001,12.245999999999999,12.540999999999999,11.565999999999999,3847.16,600843,0.03185,0.02203,-0.0975,-0.03514,0.03316,0.62802,12.3232,12.4201,13.35061,12.79198,11.64463
2001-02-23,12.095,12.39,12.534,12.02,2489.9,600843,0.01176,0.01176,-0.07295,-0.02732,0.06425,0.49946,12.352,12.37367,13.345,12.79806,11.66141
2001-02-26,12.307,12.367,12.382,12.095,1008.12,600843,-0.00186,-0.04102,-0.08454,-0.03541,0.05611,0.55815,12.2462,12.31929,13.33768,12.8034,11.67941
2001-02-27,12.314,12.624,12.7,12.193,3640.51,600843,0.02078,0.02136,-0.01537,-0.02683,0.07953,0.51822,12.299,12.3099,13.33206,12.81096,11.69693
2001-02-28,12.662,12.375,12.775,12.245999999999999,1357.19,600843,-0.01972,0.04272,-0.01972,-0.051,0.05751,0.55915,12.4004,12.29805,13.32134,12.81643,11.71497
2001-03-01,12.398,12.322000000000001,12.398,12.155999999999999,952.62,600843,-0.00428,0.00621,-0.02508,-0.04116,0.05163,0.52048,12.4156,12.28295,13.31281,12.82135,11.73212
2001-03-02,12.209000000000001,12.382,12.458,12.209000000000001,892.4,600843,0.00487,-0.00065,-0.01917,-0.03537,0.03797,0.38921,12.414,12.27143,13.30548,12.82503,11.74622
2001-03-05,12.382,12.231,12.382,12.171,1070.0,600843,-0.0122,-0.011,-0.04146,-0.04825,0.0,0.48434,12.3868,12.24624,13.29548,12.82503,11.76244
2001-03-07,12.322000000000001,12.245999999999999,12.458,12.231,456.97,600843,0.00123,-0.02994,-0.00673,-0.04878,0.02916,0.5429,12.3112,12.24229,13.28535,12.82785,11.77996
2001-03-08,12.36,12.472999999999999,12.617,12.245999999999999,930.0,600843,0.01854,0.00792,0.02802,-0.01903,0.03968,0.53912,12.3308,12.25848,13.28145,12.83172,11.79772
2001-03-09,12.624,12.398,12.624,12.322000000000001,1345.0,600843,-0.00601,0.00617,0.03472,-0.06118,-0.03299,0.55891,12.346,12.27829,13.26842,12.82828,11.81579
2001-03-12,12.398,12.337,12.549000000000001,12.292,614.0,600843,-0.00492,-0.00363,0.09682,-0.07795,-0.06743,0.49721,12.337,12.33014,13.2516,12.82103,11.83244
2001-03-13,12.322000000000001,12.398,12.517999999999999,12.307,1210.02,600843,0.00494,0.01365,0.0513,-0.06012,-0.05417,0.51862,12.3704,12.35895,13.23881,12.81526,11.84965
2001-03-14,12.254000000000001,12.435,12.435,12.254000000000001,972.46,600843,0.00298,0.01543,-0.01442,-0.10552,-0.04917,0.46346,12.4082,12.35029,13.21515,12.81003,11.86566
2001-03-15,12.435,12.472999999999999,12.511,12.322000000000001,1099.41,600843,0.00306,0.0,0.00362,-0.10279,0.0,0.4602,12.4082,12.35243,13.1921,12.81003,11.88164
2001-03-16,12.398,12.685,12.685,12.329,1661.17,600843,0.017,0.02315,0.02696,-0.07294,0.03517,0.42817,12.4656,12.36829,13.176,12.81354,11.8971
2001-03-19,12.624,13.190999999999999,13.418,12.587,9187.87,600843,0.03989,0.06922,0.1009,-0.04226,0.07052,0.54281,12.6364,12.42586,13.16661,12.8206,11.91597
2001-03-20,13.220999999999998,13.220999999999998,13.274000000000001,13.04,2971.26,600843,0.00227,0.06638,0.07962,-0.05463,0.06776,0.60002,12.801,12.47229,13.15429,12.82742,11.93612
2001-03-21,13.305,13.32,13.38,13.152999999999999,2743.86,600843,0.00749,0.07117,0.03288,-0.10103,0.07437,0.56761,12.978,12.49248,13.13015,12.83492,11.95573
2001-03-22,13.365,13.72,13.962,12.866,8139.27,600843,0.03003,0.09998,0.11003,-0.01895,0.10663,0.59202,13.2274,12.55724,13.12587,12.84567,11.97647
2001-03-23,13.758,13.433,13.834000000000001,13.229000000000001,6579.76,600843,-0.02092,0.05897,0.13187,-0.03053,0.09487,0.59936,13.377,12.63176,13.11905,12.85513,11.99693
2001-03-26,13.456,13.72,13.909,13.433,4853.49,600843,0.02137,0.0401,0.12037,-0.00716,0.12037,0.62041,13.4828,12.70195,13.11745,12.86711,12.01828
2001-03-27,13.758,13.592,13.834000000000001,13.38,3906.67,600843,-0.00933,0.02806,0.09701,0.01011,0.10039,0.64492,13.557,12.75919,13.11965,12.8772,12.03995
2001-03-28,13.607000000000001,13.395,13.607000000000001,13.305,2322.51,600843,-0.01449,0.00563,0.08312,-0.03117,0.07521,0.60208,13.572,12.80814,13.11269,12.88481,12.06041
2001-03-29,13.38,13.41,13.599,13.38,1496.2,600843,0.00112,-0.02259,0.06226,-0.04112,0.05841,0.45761,13.51,12.84557,13.10342,12.89083,12.07752
2001-03-30,13.41,13.592,13.668,13.41,2260.63,600843,0.01357,0.01184,0.09834,-0.09284,0.07277,0.44534,13.5418,12.90352,13.08098,12.89833,12.09455
2001-04-02,13.63,13.547,13.72,13.456,1775.83,600843,-0.00331,-0.01261,0.09942,-0.08571,0.09268,0.34235,13.5072,12.96186,13.0605,12.90767,12.10859
2001-04-03,13.592,13.569,13.683,13.494000000000002,1740.3,600843,0.00162,-0.00169,0.09586,-0.09116,0.08988,0.35055,13.5026,13.01838,13.03855,12.91676,12.12291
2001-04-04,13.683,13.622,13.894,13.539000000000001,6946.21,600843,0.00391,0.01695,0.11373,-0.07829,0.13479,0.39142,13.548,13.08462,13.01989,12.92992,12.13849
2001-04-05,13.607000000000001,13.645,13.819,13.456,2341.5,600843,0.00169,0.01752,0.11424,-0.13222,0.0966,0.33709,13.595,13.15124,12.98635,12.93969,12.15247
2001-04-06,13.72,14.097999999999999,14.174000000000001,13.615,7360.91,600843,0.0332,0.03723,0.13028,-0.08132,0.1722,0.36622,13.6962,13.22862,12.96623,12.95653,12.16783
2001-04-09,14.287,14.363,14.628,14.136,9788.35,600843,0.0188,0.06023,0.15849,-0.07675,0.23702,0.35718,13.8594,13.32219,12.94697,12.9789,12.1832
2001-04-10,14.370999999999999,14.28,14.475999999999999,14.144,2914.02,600843,-0.00578,0.0524,0.15749,-0.04596,0.23786,0.38185,14.0016,13.41471,12.93587,13.00121,12.19924
2001-04-11,14.212,14.097999999999999,14.363,13.932,3818.63,600843,-0.01275,0.03494,0.13712,-0.02002,0.21179,0.35142,14.0968,13.49567,12.93123,13.02124,12.21414
2001-04-12,14.136,13.607000000000001,14.136,13.395,10857.96,600843,-0.03483,-0.00278,0.09425,0.01925,0.17647,0.2032,14.0892,13.55148,12.93537,13.03784,12.22348
2001-04-13,13.569,13.365,13.569,13.237,7680.25,600843,-0.01778,-0.05199,0.07151,0.00285,0.16471,0.22772,13.9426,13.59395,12.93598,13.0532,12.23356
2001-04-16,13.305,13.267000000000001,13.32,12.874,9155.11,600843,-0.00733,-0.07631,0.04588,-0.04616,0.15155,0.27359,13.7234,13.62167,12.92563,13.0674,12.24515
2001-04-17,13.305,13.418,13.569,13.305,4646.85,600843,0.01138,-0.06036,0.01721,-0.05839,0.11779,0.33966,13.551,13.63248,12.91221,13.07889,12.25898
2001-04-18,13.524000000000001,13.622,13.758,13.312000000000001,7101.44,600843,0.0152,-0.03376,0.03033,-0.01318,0.12765,0.32988,13.4558,13.65157,12.90927,13.09143,12.27271
2001-04-19,13.607000000000001,13.804,13.804,13.456,6743.07,600843,0.01336,0.01448,0.03634,0.03223,0.1413,0.28409,13.4952,13.67462,12.91623,13.10533,12.28513
2001-04-20,13.834000000000001,14.061,14.287,13.834000000000001,12203.85,600843,0.01862,0.05208,0.02485,0.0509,0.16255,0.25176,13.6344,13.69086,12.92721,13.12131,12.29662
2001-04-23,14.174000000000001,14.725999999999999,15.027999999999999,14.174000000000001,26837.51,600843,0.04729,0.10997,0.09626,0.08527,0.22512,0.33243,13.9262,13.75243,12.94587,13.14331,12.31156
2001-04-24,15.027999999999999,15.285,16.177,15.013,37716.61,600843,0.03796,0.13914,0.11407,0.14366,0.27972,0.40127,14.2996,13.82695,12.97684,13.17047,12.32935
2001-04-25,15.285,14.212,15.285,13.909,21566.15,600843,-0.0702,0.04331,0.04562,0.05204,0.18236,0.32488,14.4176,13.85648,12.98818,13.18829,12.34352
2001-04-26,14.061,13.94,14.439,13.758,8440.38,600843,-0.01914,0.00985,0.04069,0.08728,0.14893,0.30781,14.4448,13.88243,13.00623,13.20298,12.35685
2001-04-27,13.909,14.114,14.514000000000001,13.909,4971.1,600843,0.01248,0.00377,0.0525,0.11803,0.16838,0.34317,14.4554,13.91595,13.03026,13.21952,12.37151
2001-04-30,14.136,14.287,14.514000000000001,14.136,4276.69,600843,0.01226,-0.02981,0.05113,0.13039,0.19237,0.39073,14.3676,13.94905,13.05684,13.23826,12.38783
2001-05-08,14.514000000000001,14.174000000000001,14.514000000000001,14.091,1931.59,600843,-0.00791,-0.07269,0.04628,0.12278,0.1792,0.36564,14.1454,13.9789,13.08184,13.25577,12.40326
2001-05-09,14.212,14.318,14.59,14.061,3824.44,600843,0.01016,0.00746,0.0552,0.1221,0.16558,0.35677,14.1666,14.01457,13.10697,13.27231,12.41856
2001-05-10,14.363,15.512,15.58,14.363,20685.19,600843,0.08339,0.11277,0.13875,0.25817,0.2667,0.50005,14.481,14.10457,13.15831,13.29886,12.43958
2001-05-11,15.512,15.172,15.572000000000001,14.93,7153.33,600843,-0.02192,0.07496,0.11191,0.25047,0.23894,0.45228,14.6926,14.17729,13.20732,13.32265,12.45879
2001-05-14,15.119000000000002,15.421,15.535,14.755999999999998,9603.75,600843,0.01641,0.07937,0.09384,0.28701,0.2806,0.44676,14.9194,14.24029,13.26279,13.35012,12.47815
2001-05-15,15.421,15.081,15.421,15.005999999999998,5171.02,600843,-0.02205,0.06399,0.04999,0.34077,0.2254,0.44565,15.1008,14.27448,13.32461,13.37267,12.49704
2001-05-16,15.119000000000002,15.058,15.263,14.839,4363.86,600843,-0.00153,0.05168,0.05448,0.27686,0.21828,0.36432,15.2488,14.31152,13.37727,13.39461,12.51339
2001-05-17,15.050999999999998,14.877,15.232000000000001,14.809000000000001,4654.68,600843,-0.01202,-0.04094,0.05526,0.17912,0.20296,0.39076,15.1218,14.34862,13.41373,13.41502,12.53038
2001-05-18,14.915,14.953,15.043,14.749,3246.73,600843,0.00511,-0.01443,0.09892,0.20317,0.19519,0.35949,15.078,14.41271,13.45445,13.43487,12.54646
2001-05-21,15.027999999999999,15.27,15.557,15.027999999999999,6831.74,600843,0.0212,-0.00979,0.14254,0.23624,0.19596,0.39797,15.0478,14.50343,13.50152,13.45521,12.56413
2001-05-22,15.345999999999998,14.968,15.345999999999998,14.817,2663.79,600843,-0.01978,-0.00749,0.12821,0.24921,0.15316,0.41434,15.0252,14.58443,13.54968,13.47137,12.58195
2001-05-23,14.892000000000001,14.764000000000001,14.99,14.575,4546.66,600843,-0.01363,-0.01952,0.10031,0.20562,0.16252,0.44674,14.9664,14.64852,13.59029,13.48815,12.60048
2001-05-24,14.764000000000001,14.582,14.817,14.499,3910.26,600843,-0.01233,-0.01983,0.07047,0.13074,0.14955,0.41945,14.9074,14.69424,13.61748,13.50358,12.618
2001-05-25,14.59,14.817,14.892000000000001,14.59,2474.07,600843,0.01612,-0.0091,0.07338,0.19879,0.16669,0.44232,14.8802,14.74248,13.65711,13.52079,12.63647
2001-05-28,14.800999999999998,14.234000000000002,14.817,14.174000000000001,3872.56,600843,-0.03935,-0.06785,0.0123,0.19936,0.12149,0.3845,14.673,14.75071,13.69527,13.53333,12.65254
2001-05-29,13.909,14.197000000000001,14.439,13.909,2595.93,600843,-0.0026,-0.05151,-0.03592,0.15932,0.11454,0.36588,14.5188,14.72552,13.72674,13.54519,12.668
2001-05-30,14.197000000000001,14.741,14.755999999999998,14.136,2952.33,600843,0.03832,-0.00156,-0.03559,0.18975,0.14975,0.41713,14.5142,14.69962,13.76466,13.5608,12.68564
2001-05-31,14.998,15.421,16.026,14.794,17535.07,600843,0.04613,0.05754,0.08507,0.24695,0.18879,0.46657,14.682,14.75719,13.81392,13.58071,12.70558
2001-06-01,15.497,15.142000000000001,15.784,15.110999999999999,9970.73,600843,-0.01809,0.02193,0.08623,0.19946,0.1612,0.41263,14.747,14.81443,13.85453,13.5978,12.72356
2001-06-04,15.081,15.323,15.497,15.081,6554.4,600843,0.01195,0.07651,0.08566,0.23822,0.19236,0.3559,14.9648,14.872,13.90208,13.61789,12.73991
2001-06-05,15.315,15.777000000000001,15.777000000000001,15.195,11947.31,600843,0.02963,0.11129,0.10429,0.28039,0.22912,0.32258,15.2808,14.94295,13.95781,13.6418,12.75555
2001-06-06,15.875,16.070999999999998,17.296,15.875,36415.43,600843,0.01863,0.09022,0.13384,0.29793,0.25056,0.3716,15.5468,15.03329,14.01731,13.66798,12.77325
2001-06-07,16.328,16.366,16.858,16.102,24156.37,600843,0.01836,0.06128,0.14304,0.33808,0.27124,0.3548,15.7358,15.13081,14.084,13.69637,12.79067
2001-06-12,15.95,15.414000000000001,16.026,15.119000000000002,13719.38,600843,-0.05817,0.01796,-0.00632,0.2587,0.21227,0.30705,15.7902,15.12614,14.1351,13.71832,12.80539
2001-06-13,15.383,15.572000000000001,15.724,15.232000000000001,6726.16,600843,0.01025,0.01625,0.02636,0.24846,0.17916,0.31287,15.84,15.14519,14.18508,13.73755,12.82048
2001-06-14,15.497,14.975,15.572000000000001,14.975,7210.62,600843,-0.03834,-0.05083,-0.02892,0.20786,0.11921,0.2666,15.6796,15.12395,14.22665,13.75052,12.83329
2001-06-15,14.877,14.968,15.043,14.665,5626.85,600843,-0.00047,-0.06863,-0.00749,0.21326,0.13471,0.31737,15.459,15.11857,14.26908,13.76497,12.84795
2001-06-18,14.953,14.642999999999999,14.953,14.242,8756.74,600843,-0.02171,-0.10528,-0.02756,0.18108,0.0533,0.28447,15.1144,15.09881,14.30529,13.77099,12.86113
2001-06-19,14.386,14.642999999999999,14.696,14.378,1632.82,600843,0.0,-0.05002,-0.01573,0.17756,0.0533,0.2595,14.9602,15.08767,14.3409,13.77702,12.8734
2001-06-20,14.710999999999999,14.953,15.232000000000001,14.642999999999999,3361.51,600843,0.02117,-0.03975,0.0,0.19883,0.09282,0.28617,14.8364,15.08767,14.3809,13.78734,12.88692
2001-06-21,14.953,14.892000000000001,15.005999999999998,14.658,1477.99,600843,-0.00408,-0.00554,-0.02475,0.17399,0.08125,0.29181,14.8198,15.06967,14.4165,13.79644,12.9006
2001-06-22,14.892000000000001,14.68,14.892000000000001,14.65,2167.5,600843,-0.01424,-0.01924,-0.01924,0.11288,0.0497,0.29636,14.7622,15.05595,14.44052,13.80209,12.91424
2001-06-25,14.59,14.854000000000001,14.869000000000002,14.423,3522.02,600843,0.01185,0.01441,0.0061,0.12352,0.0025,0.34401,14.8044,15.06024,14.46685,13.80239,12.9297
2001-06-26,14.96,14.862,15.005999999999998,14.665,1666.43,600843,0.00054,0.01496,0.0192,0.11577,0.06271,0.3559,14.8482,15.07357,14.49173,13.80952,12.94555
2001-06-27,14.635,14.741,15.119000000000002,14.431,2148.59,600843,-0.00814,-0.01418,-0.00513,0.07442,0.06387,0.30083,14.8058,15.06995,14.50819,13.81672,12.95941
2001-06-28,14.68,14.537,14.854000000000001,14.522,1638.91,600843,-0.01384,-0.02384,0.02129,0.08219,0.05196,0.27944,14.7348,15.08438,14.526,13.82255,12.97232
2001-06-29,14.56,14.552,14.741,14.514000000000001,1195.18,600843,0.00103,-0.00872,0.02501,0.06064,0.08145,0.26068,14.7092,15.10129,14.53942,13.83146,12.98455
2001-07-02,14.567,14.212,14.59,14.212,2497.5,600843,-0.02336,-0.04322,-0.03589,0.04562,0.02792,0.18839,14.5808,15.0761,14.54942,13.8346,12.99371
2001-07-03,14.212,14.386,14.439,14.182,1249.6,600843,0.01224,-0.03203,-0.06712,0.07398,0.02867,0.2357,14.4856,15.02681,14.5654,13.83786,13.00486
2001-07-04,14.439,14.242,14.439,14.212,1069.9,600843,-0.01001,-0.03385,-0.05944,0.06204,-0.04946,0.27297,14.3858,14.98395,14.57882,13.83184,13.01728
2001-07-05,14.25,13.887,14.25,13.872,2024.7,600843,-0.02493,-0.04471,-0.09372,0.0217,-0.06277,0.22796,14.2558,14.91557,14.58358,13.82428,13.02776
2001-07-06,13.887,13.743,13.985,13.69,1275.53,600843,-0.01037,-0.05559,-0.12892,0.01447,-0.0795,0.24778,14.094,14.81871,14.58674,13.81463,13.03885
2001-07-09,13.668,13.388,13.743,13.373,2275.01,600843,-0.02583,-0.05798,-0.16695,-0.01334,-0.09412,0.20482,13.9292,14.69095,14.58382,13.80332,13.0481
2001-07-10,13.38,13.872,13.894,13.38,1378.64,600843,0.03615,-0.03573,-0.15239,0.01835,-0.11778,0.23493,13.8264,14.57219,14.58785,13.78826,13.05883
2001-07-11,13.834000000000001,13.530999999999999,13.872,13.479000000000001,1294.16,600843,-0.02458,-0.04992,-0.12216,-0.00835,-0.11827,0.19807,13.6842,14.48252,14.58602,13.7735,13.06792
2001-07-12,13.456,13.539000000000001,13.607000000000001,13.418,442.07,600843,0.00059,-0.02506,-0.13055,-0.03965,-0.12972,0.22669,13.6146,14.38571,14.577,13.7571,13.07809
2001-07-13,13.547,13.645,13.758,13.547,550.0,600843,0.00783,-0.00713,-0.08881,-0.04999,-0.08839,0.22961,13.595,14.32238,14.56542,13.74634,13.08845
2001-07-16,13.864,13.470999999999998,13.864,13.456,939.57,600843,-0.01275,0.0062,-0.10001,-0.05665,-0.0636,0.20979,13.6116,14.2511,14.55237,13.7389,13.09795
2001-07-17,13.494000000000002,13.305,13.524000000000001,13.130999999999998,1224.64,600843,-0.01232,-0.04087,-0.09137,-0.05625,-0.00337,0.19082,13.4982,14.18738,14.53958,13.73854,13.10661
2001-07-18,13.305,13.607000000000001,13.743,13.267000000000001,1153.21,600843,0.0227,0.00562,-0.07075,0.0,0.02101,0.21534,13.5134,14.13805,14.53958,13.74081,13.11641
2001-07-19,13.607000000000001,13.530999999999999,13.63,13.402999999999999,665.2,600843,-0.00559,-0.00059,-0.0951,0.01242,-0.02718,0.21354,13.5118,14.07033,14.54226,13.73774,13.12609
2001-07-20,13.683,13.765999999999998,13.849,13.615,1252.26,600843,0.01737,0.00887,-0.07561,0.03761,-0.03396,0.24478,13.536,14.01671,14.55031,13.7338,13.1371
2001-07-23,13.796,13.72,13.796,13.615,1040.49,600843,-0.00334,0.01848,-0.0654,0.02251,-0.00609,0.25607,13.5858,13.971,14.55518,13.73312,13.14847
2001-07-24,13.72,13.607000000000001,13.72,13.577,1033.0,600843,-0.00824,0.0227,-0.08395,-0.0011,0.0175,0.25433,13.6462,13.91162,14.55494,13.73502,13.15968
2001-07-25,13.433,13.72,13.985,13.38,2273.8,600843,0.0083,0.0083,-0.07684,-0.00609,0.02541,0.27096,13.6688,13.85724,14.55358,13.73779,13.17157
2001-07-26,13.735999999999999,13.97,13.97,13.645,2246.2,600843,0.01822,0.03244,-0.0523,-0.00647,0.02955,0.27452,13.7566,13.82052,14.55211,13.74105,13.1838
2001-07-27,14.045,12.866,14.061,12.715,5893.93,600843,-0.07903,-0.06538,-0.11495,-0.12631,-0.03734,0.17702,13.5766,13.74095,14.52211,13.73699,13.19167
2001-07-30,12.609000000000002,11.581,12.609000000000002,11.581,8816.0,600843,-0.09988,-0.1559,-0.20416,-0.24233,-0.14272,0.04286,13.1488,13.59948,14.46237,13.72132,13.19361
2001-07-31,11.187999999999999,11.105,11.49,10.81,5759.85,600843,-0.0411,-0.18388,-0.21862,-0.21862,-0.13384,-0.00063,12.6484,13.45152,14.41226,13.70737,13.19358
2001-08-01,11.187999999999999,11.876,12.08,11.187999999999999,4117.01,600843,0.06943,-0.1344,-0.17448,-0.14806,-0.05925,0.0579,12.2796,13.332,14.37897,13.70128,13.19622
2001-08-02,11.914000000000001,11.793,11.959000000000001,11.339,3458.64,600843,-0.00699,-0.15583,-0.17196,-0.16445,-0.06694,0.05051,11.8442,13.21538,14.34153,13.69441,13.19852
2001-08-03,11.793,11.831,11.899000000000001,11.550999999999998,1051.0,600843,0.00322,-0.08044,-0.14805,-0.1719,-0.06282,0.06108,11.6372,13.11748,14.30192,13.68796,13.20129
2001-08-06,11.777999999999999,11.475,11.785,11.339,1957.5,600843,-0.03009,-0.00915,-0.16503,-0.19042,-0.10071,0.03968,11.616,13.00948,14.25839,13.67751,13.20307
2001-08-07,11.339,11.626,11.755,11.264000000000001,1241.1,600843,0.01316,0.04692,-0.13161,-0.18802,-0.05702,0.06798,11.7202,12.92557,14.21497,13.6718,13.20608
2001-08-08,11.642000000000001,11.626,11.777999999999999,11.49,1146.5,600843,0.0,-0.02105,-0.16191,-0.25052,-0.04179,0.03361,11.6702,12.81862,14.15229,13.66767,13.20762
2001-08-09,11.626,11.959000000000001,11.959000000000001,11.626,1773.22,600843,0.02864,0.01408,-0.11618,-0.21177,-0.00192,0.04418,11.7034,12.74376,14.10047,13.66749,13.20967
2001-08-10,11.967,12.057,12.155999999999999,11.944,2338.17,600843,0.00819,0.0191,-0.10946,-0.21814,0.07192,0.04999,11.7486,12.67319,14.04621,13.67407,13.21201
2001-08-13,12.171,12.171,12.245999999999999,11.944,1783.54,600843,0.00946,0.06065,-0.10802,-0.19296,0.03205,0.03205,11.8878,12.603,13.99927,13.67714,13.21354
2001-08-14,12.095,11.959000000000001,12.307,11.944,1664.04,600843,-0.01742,0.02864,-0.11224,-0.2058,-0.05215,-0.00813,11.9544,12.531,13.94929,13.67179,13.21315
2001-08-15,11.853,12.155999999999999,12.209000000000001,11.853,1419.17,600843,0.01647,0.04559,-0.08636,-0.1829,-0.02189,0.01775,12.0604,12.47629,13.9054,13.66958,13.21401
2001-08-16,12.155999999999999,11.905999999999999,12.171,11.905999999999999,977.0,600843,-0.02057,-0.00443,-0.12501,-0.20377,-0.03611,0.00958,12.0498,12.39529,13.85626,13.66595,13.21447
2001-08-17,11.876,11.77,11.876,11.717,1074.28,600843,-0.01142,-0.0238,-0.13015,-0.22921,-0.01769,0.01099,11.9924,12.31143,13.79981,13.66423,13.21499
2001-08-20,11.77,11.982000000000001,12.057,11.77,653.35,600843,0.01801,-0.01553,-0.12959,-0.19949,-0.02156,0.03124,11.9546,12.22648,13.75165,13.66208,13.21646
2001-08-21,12.08,12.239,12.245999999999999,12.08,1864.19,600843,0.02145,0.02341,-0.10794,-0.17102,-0.05095,0.05128,12.0106,12.15595,13.71092,13.65674,13.21889
2001-08-22,12.209000000000001,11.989,12.224,11.838,1515.01,600843,-0.02043,-0.01374,-0.11891,-0.17782,-0.03002,0.03051,11.9772,12.0789,13.6691,13.65372,13.22033
2001-08-23,11.936,11.860999999999999,11.967,11.717,813.0,600843,-0.01068,-0.00378,-0.1355,-0.1995,-0.00059,0.01881,11.9682,11.99038,13.62142,13.65367,13.22122
2001-08-24,11.929,11.838,12.02,11.831,602.28,600843,-0.00194,0.00578,-0.15261,-0.16833,-0.03332,-0.00127,11.9818,11.88886,13.58277,13.65035,13.22116
2001-08-27,11.831,11.392000000000001,11.831,11.377,1459.6,600843,-0.03768,-0.04924,-0.11457,-0.19758,-0.08055,-0.02147,11.8638,11.81867,13.53753,13.64224,13.22015
2001-08-28,11.339,11.49,11.520999999999999,11.173,1295.01,600843,0.0086,-0.0612,-0.00786,-0.22054,-0.07091,-0.01879,11.714,11.81433,13.4851,13.63511,13.21925
2001-08-29,11.49,11.604000000000001,11.793,11.453,707.25,600843,0.00992,-0.03211,0.04493,-0.24752,-0.0808,-0.0077,11.637,11.8381,13.42353,13.62681,13.21889
2001-08-30,11.702,11.422,11.77,11.385,348.0,600843,-0.01568,-0.03701,-0.03823,-0.24567,-0.07701,-0.02393,11.5492,11.81648,13.36353,13.61907,13.21775
2001-08-31,11.415,11.43,11.49,11.415,332.25,600843,0.0007,-0.03447,-0.03078,-0.25406,-0.07239,-0.02449,11.4676,11.79919,13.30074,13.61181,13.21658
2001-09-03,11.46,11.377,11.702,11.354000000000001,518.05,600843,-0.00464,-0.00132,-0.03837,-0.27889,-0.08117,-0.04627,11.4646,11.77757,13.22977,13.60364,13.21434
2001-09-04,11.377,11.815,11.831,11.339,724.86,600843,0.0385,0.02829,0.02963,-0.26482,-0.03401,-0.03401,11.5296,11.79376,13.16113,13.60026,13.21265
2001-09-05,11.853,11.929,12.209000000000001,11.785,2069.47,600843,0.00965,0.02801,0.02606,-0.27111,-0.02589,0.00252,11.5946,11.80819,13.08956,13.59768,13.21277
2001-09-06,11.890999999999998,11.905999999999999,12.148,11.763,908.71,600843,-0.00193,0.04237,0.02408,-0.22759,-0.04546,-0.00759,11.6914,11.82152,13.03298,13.59307,13.2124
2001-09-07,11.868,11.453,11.905999999999999,11.453,1241.08,600843,-0.03805,0.00201,-0.04231,-0.26451,-0.07622,-0.1067,11.696,11.79743,12.96655,13.58539,13.20684
2001-09-10,11.415,11.785,11.853,11.264000000000001,958.47,600843,0.02899,0.03586,-0.02256,-0.21302,-0.04474,-0.10915,11.7776,11.78448,12.9151,13.5809,13.20097
2001-09-12,11.196,11.527999999999999,11.702,11.196,1335.8,600843,-0.02181,-0.02429,-0.05283,-0.22982,-0.07017,-0.12054,11.7202,11.75386,12.85961,13.57383,13.19454
2001-09-13,11.527999999999999,11.565999999999999,11.604000000000001,11.49,509.25,600843,0.0033,-0.03043,-0.03286,-0.21013,-0.06988,-0.11561,11.6476,11.73514,12.80998,13.56676,13.1884
2001-09-14,11.565999999999999,11.385,11.565999999999999,11.339,810.82,600843,-0.01565,-0.04376,-0.06343,-0.2225,-0.08723,-0.08723,11.5434,11.69843,12.75744,13.55792,13.18398
2001-09-17,11.362,11.203,11.520999999999999,11.187999999999999,907.53,600843,-0.01599,-0.02183,-0.05905,-0.25079,-0.11683,-0.08577,11.4934,11.66495,12.69695,13.54587,13.1797
2001-09-18,11.187999999999999,11.264000000000001,11.482999999999999,11.187999999999999,512.6,600843,0.00544,-0.04421,-0.04299,-0.24362,-0.14608,-0.08586,11.3892,11.64086,12.63844,13.5302,13.1754
2001-09-19,11.264000000000001,11.43,11.49,11.187999999999999,456.33,600843,0.01474,-0.0085,-0.04607,-0.22139,-0.13547,-0.07689,11.3696,11.61457,12.58602,13.51564,13.17153
2001-09-20,11.49,11.377,11.604000000000001,11.300999999999998,407.38,600843,-0.00464,-0.01634,-0.07043,-0.23408,-0.14587,-0.08235,11.3318,11.57352,12.52994,13.49985,13.16738
2001-09-21,11.339,11.264000000000001,11.445,11.264000000000001,619.5,600843,-0.00993,-0.01063,-0.06047,-0.24209,-0.17901,-0.09147,11.3076,11.539,12.4719,13.47988,13.16277
2001-09-24,11.225999999999999,11.241,11.339,11.196,344.95,600843,-0.00204,0.00339,-0.05227,-0.23743,-0.16318,-0.08379,11.3152,11.50948,12.41545,13.46206,13.15859
2001-09-25,11.49,11.248,11.49,11.218,276.49,600843,0.00062,-0.00142,-0.04984,-0.22625,-0.18017,-0.0815,11.312,11.48138,12.3624,13.44196,13.15454
2001-09-26,11.264000000000001,11.037,11.264000000000001,11.007,555.0,600843,-0.01876,-0.03438,-0.03116,-0.24155,-0.18798,-0.10646,11.2334,11.46448,12.30571,13.42119,13.14919
2001-09-27,11.044,10.946,11.196,10.892999999999999,597.66,600843,-0.00824,-0.03788,-0.04735,-0.22981,-0.18283,-0.12137,11.1472,11.43857,12.25303,13.40128,13.14304
2001-09-28,11.007,10.795,11.007,10.765,724.2,600843,-0.01379,-0.04164,-0.06972,-0.24962,-0.195,-0.14799,11.0534,11.40005,12.19511,13.38002,13.13542
2001-10-08,10.644,10.280999999999999,10.818,10.280999999999999,869.4,600843,-0.04761,-0.0854,-0.09989,-0.27812,-0.2436,-0.18856,10.8614,11.34571,12.13123,13.3531,13.12571
2001-10-09,10.280999999999999,10.545,10.568,10.280999999999999,550.31,600843,0.02568,-0.0625,-0.07743,-0.24066,-0.2216,-0.14946,10.7208,11.30357,12.07732,13.32869,13.11818
2001-10-10,10.538,10.092,10.538,9.51,758.0,600843,-0.04296,-0.08562,-0.11295,-0.26566,-0.25625,-0.1894,10.5318,11.24238,12.01844,13.30042,13.10859
2001-10-11,9.902999999999999,9.699,10.062000000000001,9.487,1167.0,600843,-0.03894,-0.11392,-0.17909,-0.27555,-0.28799,-0.19202,10.2824,11.14162,11.95894,13.26853,13.09922
2001-10-12,9.676,10.054,10.115,9.562999999999999,1163.88,600843,0.0366,-0.06864,-0.15718,-0.27523,-0.26317,-0.192,10.1342,11.05233,11.89735,13.23933,13.08951
2001-10-15,10.054,10.372,10.508,9.865,1325.39,600843,0.03163,0.00885,-0.12884,-0.23346,-0.26429,-0.13761,10.1524,10.97929,11.8464,13.20904,13.08278
2001-10-16,10.372,10.054,10.372,9.986,526.38,600843,-0.03066,-0.04656,-0.12215,-0.2574,-0.30001,-0.1341,10.0542,10.91267,11.79019,13.17401,13.07646
2001-10-17,9.994,9.948,10.13,9.902999999999999,359.0,600843,-0.01054,-0.01427,-0.15588,-0.27094,-0.30336,-0.13766,10.0254,10.82519,11.73056,13.13879,13.07
2001-10-18,9.752,9.714,9.979,9.691,430.03,600843,-0.02352,0.00155,-0.15736,-0.2789,-0.31097,-0.16503,10.0284,10.73881,11.66997,13.10315,13.0622
2001-10-19,9.714,9.578,9.79,9.449,972.49,600843,-0.014,-0.04734,-0.17188,-0.28012,-0.2961,-0.17188,9.9332,10.64414,11.60985,13.07039,13.05411
2001-10-22,9.359,9.298,9.706,9.298,607.0,600843,-0.02923,-0.10355,-0.18331,-0.31668,-0.3043,-0.18972,9.7184,10.54476,11.54035,13.03733,13.04526
2001-10-23,10.228,10.228,10.228,9.85,2683.91,600843,0.10002,0.01731,-0.08703,-0.24411,-0.22906,-0.11223,9.7532,10.49833,11.48708,13.01262,13.04001
2001-10-24,10.583,10.697000000000001,10.999,10.485,4469.0,600843,0.04585,0.07529,-0.05034,-0.22294,-0.20279,-0.10888,9.903,10.47133,11.43758,12.9905,13.0347
2001-10-25,10.591,10.288,10.644,10.213,1912.5,600843,-0.03824,0.05909,-0.09991,-0.25015,-0.24475,-0.14834,10.0178,10.41695,11.38223,12.96339,13.02741
2001-10-26,10.288,10.47,10.545,10.22,975.77,600843,0.01769,0.09313,-0.07972,-0.23054,-0.24152,-0.13435,10.1962,10.37376,11.33163,12.93628,13.0208
2001-10-29,10.53,10.908,10.960999999999999,10.508,4022.69,600843,0.04183,0.17316,-0.03161,-0.20496,-0.22424,-0.09814,10.5182,10.35681,11.28627,12.91065,13.01598
2001-10-30,10.908,10.863,11.037,10.734000000000002,2110.09,600843,-0.00413,0.06208,-0.03363,-0.22241,-0.26233,-0.09626,10.6452,10.33881,11.23616,12.87924,13.01128
2001-10-31,10.939,11.007,11.007,10.81,1602.88,600843,0.01326,0.02898,-0.02143,-0.14449,-0.27988,-0.07845,10.7072,10.32733,11.20618,12.84446,13.00747
2001-11-01,11.037,11.09,11.142999999999999,11.007,1978.1,600843,0.00754,0.07795,0.0048,-0.0424,-0.21967,-0.07737,10.8676,10.32986,11.19826,12.81908,13.00369
2001-11-02,11.022,10.847999999999999,11.022,10.81,1134.0,600843,-0.02182,0.0361,-0.00895,-0.02314,-0.22181,-0.10591,10.9432,10.32519,11.19411,12.79394,12.99846
2001-11-05,10.772,10.712,10.78,10.629000000000001,699.43,600843,-0.01254,-0.01797,-0.00769,-0.09801,-0.24104,-0.11325,10.904,10.32124,11.17534,12.76628,12.9929
2001-11-06,10.727,10.81,10.999,10.704,1166.0,600843,0.00915,-0.00488,0.05145,-0.08335,-0.24337,-0.09781,10.8934,10.34643,11.15948,12.73802,12.98814
2001-11-07,10.719000000000001,10.054,10.727,10.054,1522.74,600843,-0.06994,-0.08658,-0.04656,-0.1502,-0.29067,-0.16356,10.7028,10.32305,11.13082,12.70452,12.98015
2001-11-08,9.857999999999999,10.243,10.280999999999999,9.676,3162.8,600843,0.0188,-0.07638,0.01496,-0.10736,-0.28461,-0.16615,10.5334,10.33024,11.11095,12.67139,12.97185
2001-11-09,10.243,10.296,10.387,10.009,877.7,600843,0.00517,-0.05088,0.06155,-0.1144,-0.33626,-0.15924,10.423,10.35867,11.0895,12.62898,12.96392
2001-11-12,10.356,10.265999999999998,10.432,10.205,565.0,600843,-0.00291,-0.04164,0.02109,-0.11698,-0.32336,-0.16169,10.3338,10.36876,11.06756,12.5891,12.95587
2001-11-13,9.888,10.13,10.265999999999998,9.888,352.0,600843,-0.01325,-0.0629,-0.02333,-0.15294,-0.3431,-0.15878,10.1978,10.35724,11.03806,12.54608,12.9481
2001-11-14,10.243,10.243,10.5,10.19,601.3,600843,0.01115,0.0188,0.0188,-0.15045,-0.3208,-0.16771,10.2356,10.36624,11.00881,12.50675,12.93971
2001-11-15,10.425,10.394,10.455,10.319,982.84,600843,0.01474,0.01474,0.04483,-0.146,-0.30974,-0.15906,10.2658,10.38748,10.98015,12.46883,12.93172
2001-11-16,11.210999999999999,10.561,11.264000000000001,10.545,2621.82,600843,0.01607,0.02574,0.08719,-0.1169,-0.29011,-0.14603,10.3188,10.42781,10.9576,12.43374,12.92438
2001-11-19,10.583,10.757,10.772,10.561,837.33,600843,0.01856,0.04783,0.12309,-0.11509,-0.28061,-0.1402,10.417,10.48395,10.93503,12.39963,12.91725
2001-11-20,10.734000000000002,10.931,10.946,10.719000000000001,1548.06,600843,0.01618,0.07907,0.17563,-0.08189,-0.28415,-0.14388,10.5772,10.56171,10.91931,12.36435,12.90978
2001-11-21,10.908,10.863,10.946,10.757,996.99,600843,-0.00622,0.06053,0.06208,-0.07706,-0.27425,-0.1631,10.7012,10.59195,10.90468,12.33098,12.90117
2001-11-22,10.886,10.984000000000002,11.037,10.78,1090.4,600843,0.01114,0.05676,0.02683,-0.08329,-0.25603,-0.13512,10.8192,10.60562,10.88858,12.30024,12.8942
2001-11-23,10.975999999999999,10.870999999999999,10.975999999999999,10.787,779.2,600843,-0.01029,0.02935,0.05667,-0.11177,-0.25449,-0.143,10.8812,10.63338,10.86652,12.27007,12.88683
2001-11-26,10.870999999999999,10.772,10.878,10.697000000000001,544.0,600843,-0.00911,0.00139,0.02884,-0.10151,-0.273,-0.15181,10.8842,10.64776,10.84689,12.23719,12.87899
2001-11-27,10.802,10.855,10.923,10.772,763.7,600843,0.00771,-0.00695,-0.00486,-0.08482,-0.23739,-0.14474,10.869,10.64524,10.83066,12.20972,12.87152
2001-11-28,10.870999999999999,11.128,11.279000000000002,10.870999999999999,2672.01,600843,0.02515,0.02439,0.02439,-0.05998,-0.21617,-0.12639,10.922,10.65786,10.81921,12.18476,12.86498
2001-11-29,11.037,11.354000000000001,11.626,10.999,3750.8,600843,0.02031,0.03369,0.03153,-0.00334,-0.22977,-0.11442,10.996,10.67438,10.8186,12.15723,12.85901
2001-11-30,11.407,11.415,11.550999999999998,11.309000000000001,1656.94,600843,0.00537,0.05004,0.02931,-0.00653,-0.25978,-0.12003,11.1048,10.68986,10.81739,12.12466,12.85268
2001-12-03,11.520999999999999,11.475,11.672,11.453,2554.01,600843,0.00526,0.06526,0.0578,-0.01112,-0.24217,-0.12002,11.2454,10.71971,10.81531,12.09485,12.84632
2001-12-04,11.49,11.520999999999999,11.604000000000001,11.362,1284.94,600843,0.00401,0.06135,0.07552,0.00867,-0.24812,-0.10349,11.3786,10.75824,10.8169,12.06393,12.84091
2001-12-05,11.49,11.210999999999999,11.498,11.210999999999999,2004.8,600843,-0.02691,0.00746,0.0371,-0.01916,-0.28941,-0.1266,11.3952,10.77733,10.81337,12.02681,12.83431
2001-12-06,11.173,11.362,11.415,11.173,1698.83,600843,0.01347,0.0007,0.1301,-0.00132,-0.29301,-0.11587,11.3968,10.83962,10.81313,11.98853,12.82826
2001-12-07,11.339,11.347000000000001,11.415,11.264000000000001,798.0,600843,-0.00132,-0.00596,0.10778,-0.03961,-0.30667,-0.11861,11.3832,10.89219,10.80558,11.94772,12.82205
2001-12-10,11.279000000000002,11.558,11.793,11.279000000000002,2411.79,600843,0.0186,0.00723,0.12257,-0.0311,-0.25016,-0.09099,11.3998,10.95229,10.7996,11.91637,12.81735
2001-12-11,11.679,11.4,11.679,11.4,1433.0,600843,-0.01367,-0.0105,0.11046,-0.0425,-0.26792,-0.13676,11.3756,11.00629,10.79144,11.88246,12.81
2001-12-12,11.362,11.187999999999999,11.377,11.187999999999999,642.01,600843,-0.0186,-0.00205,0.10444,-0.02314,-0.25289,-0.16383,11.371,11.05667,10.78716,11.85167,12.80109
2001-12-13,11.18,10.901,11.232999999999999,10.886,930.0,600843,-0.02565,-0.04057,0.06424,-0.07501,-0.27171,-0.1736,11.2788,11.088,10.7729,11.8186,12.79178
2001-12-14,10.825,10.795,10.946,10.742,866.7,600843,-0.00972,-0.04865,0.03858,-0.06358,-0.26279,-0.22349,11.1684,11.1071,10.76108,11.78732,12.77915
2001-12-17,10.795,10.870999999999999,10.946,10.795,409.4,600843,0.00704,-0.05944,0.02935,-0.06009,-0.2576,-0.21803,11.031,11.12186,10.74987,11.75665,12.76683
2001-12-18,10.960999999999999,11.007,11.007,10.870999999999999,460.61,600843,0.01251,-0.03447,0.02324,-0.0332,-0.26389,-0.19557,10.9524,11.13376,10.74377,11.72457,12.75596
2001-12-19,11.007,10.892999999999999,11.082,10.84,783.0,600843,-0.01036,-0.02637,-0.00348,-0.02767,-0.26853,-0.2091,10.8934,11.13195,10.73877,11.69206,12.74425
2001-12-20,10.847999999999999,10.620999999999999,10.954,10.583,1059.87,600843,-0.02497,-0.02569,-0.02228,-0.05708,-0.2765,-0.24054,10.8374,11.12043,10.7284,11.65906,12.73057
2001-12-21,10.583,10.855,10.870999999999999,10.545,576.55,600843,0.02203,0.00556,-0.01174,-0.05031,-0.26922,-0.2674,10.8494,11.11429,10.71913,11.62654,12.71447
2001-12-24,10.855,11.052,11.059000000000001,10.629000000000001,1656.09,600843,0.01815,0.01665,0.01665,-0.02857,-0.25636,-0.20972,10.8856,11.1229,10.71389,11.59557,12.70254
2001-12-25,11.014000000000001,11.332,11.339,10.960999999999999,3202.47,600843,0.02533,0.02953,0.05199,0.00604,-0.23126,-0.18216,10.9506,11.14957,10.71498,11.56785,12.69228
2001-12-26,11.317,11.264000000000001,11.445,10.960999999999999,3872.21,600843,-0.006,0.03406,0.03768,0.00205,-0.22515,-0.18489,11.0248,11.16905,10.71535,11.54124,12.6819
2001-12-27,11.225999999999999,10.863,11.225999999999999,10.818,2421.0,600843,-0.0356,0.02279,-0.02381,-0.03423,-0.2535,-0.1927,11.0732,11.15643,10.70915,11.51125,12.67136
2001-12-28,10.954,10.719000000000001,11.059000000000001,10.583,2486.68,600843,-0.01326,-0.01253,-0.05593,-0.02881,-0.24578,-0.22472,11.046,11.12619,10.70402,11.48285,12.65873
2001-12-31,10.795,10.847999999999999,10.886,10.674000000000001,1097.0,600843,0.01203,-0.01846,-0.04967,-0.00895,-0.24593,-0.22431,11.0052,11.09919,10.70244,11.45409,12.64598
2002-01-04,10.742,10.795,10.84,10.697000000000001,544.0,600843,-0.00489,-0.04739,-0.05926,0.0,-0.24203,-0.27952,10.8978,11.06681,10.70244,11.42607,12.62895
2002-01-07,11.022,10.659,11.022,10.613,637.5,600843,-0.0126,-0.05371,-0.07482,0.03677,-0.23245,-0.28062,10.7768,11.02576,10.70853,11.39982,12.61205
2002-01-08,10.620999999999999,10.620999999999999,10.999,10.583,912.07,600843,-0.00357,-0.02228,-0.05263,0.00721,-0.22717,-0.28861,10.7284,10.99767,10.70976,11.37444,12.59453
2002-01-09,10.620999999999999,10.258,10.644,10.205,1100.0,600843,-0.03418,-0.04301,-0.09717,0.01645,-0.23379,-0.30591,10.6362,10.9451,10.71244,11.34899,12.57615
2002-01-10,10.205,10.432,10.493,10.039,1009.21,600843,0.01696,-0.03835,-0.08064,0.07557,-0.24798,-0.33656,10.553,10.90152,10.72426,11.32102,12.55464
2002-01-11,10.432,10.092,10.432,10.062000000000001,542.0,600843,-0.03259,-0.06512,-0.12684,0.00378,-0.25416,-0.34237,10.4124,10.83171,10.72487,11.29307,12.53328
2002-01-14,9.835,9.79,10.031,9.752,1150.5,600843,-0.02992,-0.08153,-0.14123,-0.05611,-0.2769,-0.3707,10.2386,10.75505,10.71548,11.26259,12.50984
2002-01-15,9.706,9.532,9.895,9.525,854.0,600843,-0.02635,-0.10253,-0.14802,-0.05192,-0.30143,-0.36317,10.0208,10.67619,10.70706,11.22915,12.48774
2002-01-16,9.57,9.601,9.684,9.412,784.0,600843,0.00724,-0.06405,-0.11926,-0.03488,-0.28728,-0.33262,9.8894,10.61429,10.70147,11.19768,12.46829
2002-01-17,9.601,8.852,9.601,8.837,2130.95,600843,-0.07801,-0.15146,-0.17999,-0.08874,-0.33469,-0.33693,9.5734,10.52176,10.68756,11.16148,12.45001
2002-01-18,8.693,8.557,8.799,8.164,1743.53,600843,-0.03333,-0.1521,-0.21286,-0.1066,-0.37113,-0.35792,9.2664,10.41157,10.6711,11.12042,12.43062
2002-01-21,8.467,8.217,8.603,8.172,1277.12,600843,-0.03973,-0.16067,-0.25348,-0.11626,-0.39273,-0.40923,8.9518,10.27871,10.65366,11.07722,12.40748
2002-01-22,8.187000000000001,8.429,8.588,8.187000000000001,1368.9,600843,0.0258,-0.11572,-0.2262,-0.17589,-0.38769,-0.40849,8.7312,10.16138,10.62465,11.03383,12.38382
2002-01-23,8.391,9.033999999999999,9.056000000000001,8.24,1772.31,600843,0.07178,-0.05906,-0.14942,-0.15546,-0.34155,-0.34555,8.6178,10.08581,10.59782,10.99573,12.36443
2002-01-24,9.033999999999999,9.071,9.412,8.542,2920.11,600843,0.0041,0.02474,-0.16435,-0.11829,-0.33336,-0.32169,8.6616,10.00086,10.57819,10.95885,12.34694
2002-01-25,9.033999999999999,9.071,9.147,8.958,1094.68,600843,0.0,0.06007,-0.17924,-0.13362,-0.33885,-0.32205,8.7644,9.90652,10.55563,10.92106,12.32942
2002-01-28,9.147,8.829,9.827,8.777000000000001,3687.91,600843,-0.02668,0.07448,-0.22088,-0.19059,-0.368,-0.34933,8.8868,9.78733,10.5221,10.87926,12.31015
2002-01-29,8.693,9.109,9.124,8.618,1560.57,600843,0.03171,0.08067,-0.19132,-0.16147,-0.29201,-0.31844,9.0228,9.68471,10.49381,10.84872,12.29285
2002-01-30,9.071,9.086,9.222999999999999,8.927999999999999,1043.0,600843,-0.00252,0.00576,-0.16358,-0.17453,-0.21544,-0.32741,9.0332,9.6001,10.46282,10.82843,12.27487
2002-01-31,9.162,9.827,9.941,9.162,6116.39,600843,0.08155,0.08334,-0.08322,-0.11389,-0.11508,-0.23352,9.1844,9.55762,10.44245,10.81804,12.2627
2002-02-01,9.827,9.631,9.865,9.616,3331.0,600843,-0.01995,0.06174,-0.11219,-0.11219,-0.18904,-0.23709,9.2964,9.49967,10.42282,10.79979,12.25054
2002-02-04,9.601,9.744,9.759,9.601,1106.6,600843,0.01173,0.10364,-0.09736,-0.09037,-0.17375,-0.22905,9.4794,9.44962,10.40721,10.78313,12.23877
2002-02-05,9.676,9.652999999999999,9.805,9.646,1331.47,600843,-0.00934,0.05972,-0.09438,-0.10703,-0.18409,-0.23535,9.5882,9.40171,10.38855,10.76542,12.22669
2002-02-06,9.652999999999999,9.374,9.782,9.359,1840.0,600843,-0.0289,0.0317,-0.11741,-0.06763,-0.18309,-0.26536,9.6458,9.34233,10.37758,10.74834,12.21293
2002-02-07,9.26,9.562999999999999,9.631,9.26,1060.87,600843,0.02016,-0.02686,-0.06775,-0.06639,-0.17745,-0.22435,9.593,9.30924,10.36661,10.73157,12.20168
2002-02-08,9.676,9.578,9.752,9.57,1082.0,600843,0.00157,-0.0055,-0.08186,-0.06974,-0.17616,-0.21058,9.5824,9.26857,10.35503,10.71492,12.1913
2002-02-25,9.616,9.699,9.827,9.616,912.24,600843,0.01263,-0.00462,-0.03894,-0.05523,-0.18898,-0.19054,9.5734,9.24986,10.34589,10.69654,12.18202
2002-02-26,9.699,9.79,9.979,9.652999999999999,1737.86,600843,0.00938,0.01419,0.0,-0.03356,-0.18802,-0.12962,9.6008,9.24986,10.3404,10.67811,12.17609
2002-02-27,9.91,9.752,9.91,9.684,942.26,600843,-0.00388,0.04032,0.02308,-0.04794,-0.19875,-0.17307,9.6764,9.26033,10.33248,10.65845,12.16779
2002-02-28,9.752,9.548,9.752,9.532,1314.49,600843,-0.02092,-0.00157,-0.00552,-0.08139,-0.20161,-0.24324,9.6734,9.25781,10.31884,10.63885,12.15532
2002-03-01,9.669,9.487,9.669,9.449,535.0,600843,-0.00639,-0.0095,0.07174,-0.10169,-0.21956,-0.23664,9.6552,9.28805,10.30152,10.61715,12.14336
2002-03-04,9.487,9.601,9.601,9.374,859.0,600843,0.01202,-0.0101,0.12201,-0.10746,-0.1936,-0.22272,9.6356,9.33776,10.28287,10.59841,12.13218
2002-03-05,9.57,9.82,9.902999999999999,9.562999999999999,2117.64,600843,0.02281,0.00306,0.19508,-0.10164,-0.16568,-0.18044,9.6416,9.4141,10.26495,10.58255,12.12339
2002-03-06,9.888,9.926,10.243,9.888,4694.12,600843,0.01079,0.01784,0.1776,-0.08626,-0.17159,-0.18945,9.6764,9.48538,10.24984,10.56584,12.11396
2002-03-07,9.926,10.13,10.16,9.902999999999999,2989.22,600843,0.02055,0.06096,0.12132,-0.07775,-0.17232,-0.21449,9.7928,9.53757,10.23606,10.54869,12.10272
2002-03-08,10.417,10.251,10.417,10.13,3047.3,600843,0.01194,0.08053,0.13008,-0.05703,-0.14497,-0.17063,9.9456,9.59376,10.22606,10.53456,12.09414
2002-03-11,10.280999999999999,10.409,10.47,10.167,3018.15,600843,0.01541,0.08416,0.1475,-0.0337,-0.12242,-0.12294,10.1072,9.65748,10.22021,10.52276,12.08821
2002-03-12,10.417,10.304,10.545,10.167,4376.93,600843,-0.01009,0.04929,0.16706,-0.05076,-0.12958,-0.15858,10.204,9.72771,10.21132,10.51028,12.08032
2002-03-13,10.280999999999999,10.107000000000001,10.402000000000001,10.092,1795.82,600843,-0.01912,0.01823,0.10956,-0.09175,-0.1128,-0.18426,10.2402,9.77524,10.19485,10.49984,12.07104
2002-03-14,10.107000000000001,10.825,10.886,10.107000000000001,6362.62,600843,0.07104,0.06861,0.19139,-0.04659,-0.05788,-0.12469,10.3792,9.85805,10.18632,10.49443,12.06477
2002-03-15,10.960999999999999,10.53,11.075,10.493,9294.43,600843,-0.02725,0.02722,0.07154,-0.07753,-0.09255,-0.16587,10.435,9.89152,10.17205,10.4857,12.05626
2002-03-18,10.772,10.545,10.878,10.364,2524.34,600843,0.00142,0.01307,0.0949,-0.08105,-0.07678,-0.14788,10.4622,9.93505,10.15705,10.47857,12.04882
2002-03-19,10.44,10.629000000000001,10.734000000000002,10.425,1931.76,600843,0.00797,0.03154,0.09083,-0.07742,-0.07008,-0.1374,10.5272,9.97719,10.14266,10.47206,12.04193
2002-03-20,10.659,10.81,11.022,10.659,3052.21,600843,0.01703,0.06956,0.11986,-0.03577,-0.04984,-0.12696,10.6678,10.03229,10.13619,10.46745,12.03554
2002-03-21,10.818,10.719000000000001,10.923,10.689,1577.65,600843,-0.00842,-0.00979,0.14348,-0.05659,-0.09276,-0.12362,10.6466,10.09633,10.12582,10.45854,12.0294
2002-03-22,10.734000000000002,10.575999999999999,10.772,10.545,1452.74,600843,-0.01334,0.00437,0.10593,-0.06795,-0.11342,-0.13637,10.6558,10.14457,10.11339,10.44754,12.02261
2002-03-25,10.432,10.545,10.659,10.432,870.22,600843,-0.00293,0.0,0.10096,-0.08764,-0.11431,-0.15457,10.6558,10.19062,10.09705,10.43647,12.01477
2002-03-26,10.508,10.334000000000001,10.515,10.280999999999999,1545.0,600843,-0.02001,-0.02775,0.06547,-0.09351,-0.0977,-0.16648,10.5968,10.22086,10.07985,10.42737,12.00638
2002-03-27,10.334000000000001,10.425,10.425,10.288,805.07,600843,0.00881,-0.03562,0.06486,-0.0682,-0.1154,-0.15498,10.5198,10.2511,10.06755,10.41632,11.99861
2002-03-28,10.47,10.508,10.734000000000002,10.356,937.22,600843,0.00796,-0.01968,0.07752,-0.03605,-0.08848,-0.15244,10.4776,10.2871,10.06121,10.40802,11.99093
2002-03-29,10.44,10.183,10.493,10.167,1350.0,600843,-0.03093,-0.03716,0.06651,-0.05669,-0.11957,-0.1811,10.399,10.31733,10.05134,10.39678,11.98177
2002-04-01,10.115,10.145,10.280999999999999,9.926,817.33,600843,-0.00373,-0.03793,0.06936,-0.06678,-0.10892,-0.18664,10.319,10.34867,10.03963,10.3867,11.97231
2002-04-02,9.979,10.099,10.477,9.979,1125.7,600843,-0.00453,-0.02274,0.05187,-0.08249,-0.09855,-0.20386,10.272,10.37238,10.02498,10.37772,11.9618
2002-04-03,10.205,10.115,10.205,10.099,448.95,600843,0.00158,-0.02974,0.03004,-0.07142,-0.10201,-0.23319,10.21,10.38643,10.01244,10.36838,11.94929
2002-04-04,10.115,10.409,10.432,10.115,1041.98,600843,0.02907,-0.00942,0.04866,-0.01996,-0.08933,-0.21269,10.1902,10.40943,10.00902,10.36008,11.93786
2002-04-05,10.493,10.379000000000001,10.659,10.341,1067.6,600843,-0.00288,0.01925,0.02458,-0.04385,-0.08772,-0.2208,10.2294,10.42129,10.00134,10.35197,11.92591
2002-04-08,10.47,10.432,10.552999999999999,10.372,563.6,600843,0.00511,0.02829,0.01766,-0.0561,-0.07386,-0.23965,10.2868,10.4299,9.99134,10.3452,11.91254
2002-04-09,10.53,10.825,10.999,10.53,4095.92,600843,0.03767,0.07189,0.03997,-0.04474,-0.03701,-0.19415,10.432,10.44971,9.98316,10.34182,11.90194
2002-04-10,10.772,11.09,11.264000000000001,10.583,7168.92,600843,0.02448,0.09639,0.07628,-0.01545,-0.01405,-0.19169,10.627,10.48714,9.98035,10.34054,11.89125
2002-04-11,11.112,10.908,11.369000000000002,10.886,7120.44,600843,-0.01641,0.04794,0.07925,0.00414,-0.01169,-0.19747,10.7268,10.52529,9.98108,10.33949,11.88034
2002-04-12,10.870999999999999,10.923,11.075,10.795,2792.15,600843,0.00138,0.05241,0.00905,0.01903,-0.0021,-0.18455,10.8356,10.52995,9.98437,10.3393,11.87029
2002-04-15,10.931,10.765,11.022,10.719000000000001,1409.21,600843,-0.01446,0.03192,0.02232,-0.00765,-0.00278,-0.19724,10.9022,10.54114,9.98303,10.33906,11.85954
2002-04-16,10.772,10.787,10.855,10.674000000000001,856.8,600843,0.00204,-0.00351,0.02295,-0.00074,0.04922,-0.20637,10.8946,10.55267,9.9829,10.34317,11.84813
2002-04-17,10.697000000000001,10.772,10.923,10.697000000000001,591.94,600843,-0.00139,-0.02867,0.01345,0.0106,0.02153,-0.20484,10.831,10.55948,9.98473,10.34502,11.83685
2002-04-18,10.757,10.5,10.802,10.493,1600.0,600843,-0.02525,-0.0374,-0.02868,-0.01139,0.04043,-0.22618,10.7494,10.54471,9.98277,10.34833,11.82438
2002-04-19,10.432,10.583,10.583,10.349,1463.75,600843,0.0079,-0.03113,-0.01269,0.03168,0.09114,-0.22309,10.6814,10.53824,9.98802,10.35552,11.81202
2002-04-22,10.545,10.719000000000001,10.772,10.44,965.61,600843,0.01285,-0.00427,0.01352,0.02751,0.06614,-0.21444,10.6722,10.54505,9.99265,10.36093,11.80013
2002-04-23,10.772,10.606,10.886,10.508,775.78,600843,-0.01054,-0.01678,0.00578,0.05093,0.02256,-0.24769,10.636,10.54795,10.00094,10.36283,11.78593
2002-04-24,10.515,10.697000000000001,10.886,10.515,2112.8,600843,0.00858,-0.00696,0.03513,0.09265,0.06395,-0.25524,10.621,10.56524,10.01556,10.36806,11.77103
2002-04-25,10.734000000000002,11.105,11.187999999999999,10.665999999999999,11285.36,600843,0.03814,0.05762,0.06523,0.16502,0.1163,-0.22234,10.742,10.59762,10.04094,10.37746,11.75813
2002-04-26,11.12,12.216,12.216,11.12,21077.74,600843,0.10005,0.1543,0.16254,0.27237,0.25757,-0.13349,11.0686,10.67895,10.08311,10.3978,11.75048
2002-04-29,13.365,13.440999999999999,13.440999999999999,12.866,45026.0,600843,0.10028,0.25394,0.31995,0.51841,0.40332,-0.0122,11.613,10.8341,10.15713,10.42921,11.7498
2002-04-30,13.909,12.934000000000001,13.977,12.775,35745.4,600843,-0.03772,0.2195,0.27491,0.51151,0.39105,-0.03225,12.0786,10.9669,10.22773,10.45877,11.74805
2002-05-08,12.844000000000001,12.186,12.844000000000001,12.133,13642.16,600843,-0.05783,0.1392,0.20665,0.48302,0.19144,-0.08148,12.3764,11.06629,10.29174,10.47469,11.74365
2002-05-09,12.155999999999999,12.057,12.549000000000001,12.02,9617.16,600843,-0.01059,0.08573,0.19199,0.43042,0.12714,-0.10143,12.5668,11.15876,10.35026,10.48575,11.73812
2002-05-14,12.057,11.626,12.08,11.505999999999998,11847.47,600843,-0.03575,-0.0483,0.11692,0.28692,0.13005,-0.14653,12.4488,11.21671,10.39206,10.49663,11.73001
2002-05-15,11.513,11.610999999999999,11.679,11.385,7301.07,600843,-0.00129,-0.13615,0.1187,0.28001,0.10898,-0.15887,12.0828,11.27538,10.43303,10.5059,11.72109
2002-05-16,11.717,11.241,11.755,11.187999999999999,9165.98,600843,-0.03187,-0.1309,0.07755,0.23922,0.03053,-0.20055,11.7442,11.3139,10.46803,10.50861,11.70963
2002-05-17,11.270999999999999,11.059000000000001,11.453,10.878,6946.33,600843,-0.01619,-0.09248,0.02162,0.25258,0.01804,-0.24902,11.5188,11.32505,10.504,10.5102,11.69472
2002-05-20,11.022,10.886,11.037,10.575999999999999,4512.25,600843,-0.01564,-0.09712,-0.01839,0.19508,-0.01099,-0.2878,11.2846,11.31533,10.53266,10.50922,11.67684
2002-05-21,11.044,11.422,11.527999999999999,11.044,8463.88,600843,0.04924,-0.01755,0.04712,0.2571,0.02994,-0.19631,11.2438,11.33981,10.57034,10.51192,11.6655
2002-05-22,11.437000000000001,10.991,11.453,10.960999999999999,4449.49,600843,-0.03773,-0.0534,0.00623,0.11845,0.01318,-0.21155,11.1198,11.34305,10.58911,10.51308,11.65351
2002-05-23,11.097000000000001,11.173,11.264000000000001,10.960999999999999,3851.46,600843,0.01656,-0.00605,0.0379,0.16011,0.04304,-0.20837,11.1062,11.36248,10.61398,10.51683,11.64156
2002-05-24,11.173,10.975999999999999,11.196,10.901,2581.0,600843,-0.01763,-0.00751,0.01752,0.12644,0.01536,-0.23175,11.0896,11.37148,10.63385,10.51818,11.6281
2002-05-27,10.960999999999999,11.128,11.173,10.892999999999999,2170.2,600843,0.01385,0.02223,0.03305,0.1528,0.10682,-0.2149,11.138,11.38843,10.65765,10.52691,11.61572
2002-05-28,11.173,10.984000000000002,11.173,10.969000000000001,2293.54,600843,-0.01294,-0.03835,0.0461,0.17175,0.07234,-0.23285,11.0504,11.41148,10.68361,10.53293,11.60216
2002-05-29,10.954,10.485,10.954,10.432,4361.7,600843,-0.04543,-0.04604,-0.00926,0.09641,0.01836,-0.32407,10.9492,11.40681,10.69848,10.53447,11.58173
2002-05-30,10.485,10.319,10.515,10.001,4014.92,600843,-0.01583,-0.07643,-0.03732,0.07736,0.00516,-0.31987,10.7784,11.38776,10.71044,10.5349,11.562
2002-05-31,10.372,10.145,10.372,10.077,2073.78,600843,-0.01686,-0.07571,-0.04347,0.04598,0.00148,-0.34213,10.6122,11.36581,10.71763,10.53502,11.54055
2002-06-03,10.054,9.601,10.054,9.601,3593.87,600843,-0.05362,-0.13722,-0.10246,-0.01931,-0.06268,-0.36337,10.3068,11.31362,10.71458,10.5298,11.51828
2002-06-04,9.562999999999999,9.676,9.752,9.502,2942.26,600843,0.00781,-0.11908,-0.12868,-0.00779,-0.06908,-0.35742,10.0452,11.24557,10.71335,10.52397,11.4964
2002-06-05,9.676,9.381,9.676,9.351,1747.0,600843,-0.03049,-0.10529,-0.23207,-0.01749,-0.11173,-0.36943,9.8244,11.11057,10.71066,10.51437,11.47406
2002-06-06,9.26,10.084,10.280999999999999,9.26,4508.58,600843,0.07494,-0.02277,-0.24976,0.06293,-0.06256,-0.32562,9.7774,10.95071,10.72029,10.5089,11.45426
2002-06-07,10.054,10.137,10.334000000000001,9.835,4837.67,600843,0.00526,-0.00079,-0.21625,0.05583,-0.07264,-0.33615,9.7758,10.81752,10.72894,10.50245,11.4334
2002-06-10,9.918,9.926,10.092,9.888,2716.7,600843,-0.02081,0.03385,-0.18546,0.01079,-0.08626,-0.33685,9.8408,10.7099,10.73065,10.49483,11.4129
2002-06-11,9.979,10.613,10.825,9.979,10038.13,600843,0.06921,0.09684,-0.11976,0.06921,-0.03378,-0.28116,10.0282,10.64114,10.74173,10.49181,11.39603
2002-06-12,10.583,10.402000000000001,10.629000000000001,10.213,5133.13,600843,-0.01988,0.10884,-0.10528,0.02685,-0.04314,-0.28665,10.2324,10.58286,10.74611,10.488,11.37904
2002-06-13,10.265999999999998,10.205,10.432,10.205,1840.72,600843,-0.01894,0.012,-0.12109,-0.00449,-0.05264,-0.31126,10.2566,10.5159,10.74537,10.48339,11.36029
2002-06-14,10.054,9.986,10.198,9.979,1927.5,600843,-0.02146,-0.0149,-0.11164,-0.04064,-0.08006,-0.29844,10.2264,10.45614,10.73855,10.47633,11.34302
2002-06-17,9.902999999999999,10.107000000000001,10.115,9.827,1368.14,600843,0.01212,0.01823,-0.08608,-0.01912,-0.09175,-0.28809,10.2626,10.41081,10.73537,10.46802,11.32639
2002-06-18,10.19,10.341,10.447000000000001,10.19,2500.59,600843,0.02315,-0.02563,-0.05006,0.02315,-0.08922,-0.29849,10.2082,10.38486,10.73915,10.45979,11.30851
2002-06-19,10.394,10.13,10.394,10.115,893.0,600843,-0.0204,-0.02615,-0.11312,-0.0642,-0.11257,-0.3431,10.1538,10.32333,10.72794,10.44934,11.287
2002-06-20,10.137,10.19,10.341,9.986,1376.51,600843,0.00592,-0.00147,-0.07288,-0.03229,-0.11198,-0.32704,10.1508,10.28519,10.72245,10.43889,11.26687
2002-06-21,10.280999999999999,10.712,10.734000000000002,10.280999999999999,7449.99,600843,0.05123,0.0727,-0.04126,0.01584,-0.07022,-0.30092,10.296,10.26324,10.72515,10.43232,11.24813
2002-06-24,11.785,11.785,11.785,11.324000000000002,15976.22,600843,0.10017,0.16602,0.07371,0.10876,0.0512,-0.25303,10.6316,10.30176,10.74379,10.43698,11.2319
2002-06-25,11.785,11.105,11.785,10.960999999999999,12297.66,600843,-0.0577,0.07388,-0.00207,0.02729,-0.02262,-0.309,10.7844,10.30067,10.74855,10.43489,11.21171
2002-06-26,11.105,11.369000000000002,11.49,11.029000000000002,5818.38,600843,0.02377,0.12231,0.03505,0.06064,0.00194,-0.30533,11.0322,10.319,10.75903,10.43507,11.1914
2002-06-27,11.339,11.300999999999998,11.475,11.203,3185.84,600843,-0.00598,0.10903,0.07783,0.06855,-0.02224,-0.26684,11.2544,10.35786,10.77073,10.43298,11.17468
2002-06-28,11.347000000000001,11.218,11.527999999999999,11.037,3821.8,600843,-0.00734,0.04724,0.08712,0.06382,-0.01596,-0.2796,11.3556,10.40067,10.78158,10.4315,11.15698
2002-07-01,11.037,11.082,11.187999999999999,11.037,1690.4,600843,-0.01212,-0.05965,0.09236,0.07238,-0.00947,-0.25997,11.215,10.44529,10.79365,10.43064,11.14115
2002-07-02,11.052,11.377,11.4,11.037,2196.87,600843,0.02662,0.02449,0.18498,0.09132,0.04367,-0.23991,11.2694,10.52986,10.809,10.43451,11.12656
2002-07-03,11.49,11.300999999999998,11.49,11.264000000000001,1381.48,600843,-0.00668,-0.00598,0.16794,0.07547,0.04687,-0.22823,11.2558,10.60724,10.82179,10.43863,11.11297
2002-07-04,11.270999999999999,11.279000000000002,11.565999999999999,11.270999999999999,3753.36,600843,-0.00195,-0.00195,0.20232,0.10763,0.03753,-0.22973,11.2514,10.69762,10.83947,10.44194,11.0993
2002-07-05,11.187999999999999,11.565999999999999,11.868,11.187999999999999,7731.12,600843,0.02545,0.03102,0.14697,0.14007,0.05079,-0.22651,11.321,10.76819,10.86239,10.44649,11.08553
2002-07-08,11.717,11.868,12.057,11.679,9629.25,600843,0.02611,0.07093,0.17076,0.17517,0.08951,-0.20306,11.4782,10.85062,10.89092,10.45441,11.07324
2002-07-09,11.868,11.610999999999999,11.868,11.581,3724.64,600843,-0.02165,0.02057,0.16976,0.1479,0.09321,-0.20906,11.525,10.93086,10.91505,10.46246,11.06076
2002-07-10,11.565999999999999,11.300999999999998,11.610999999999999,11.255999999999998,3298.7,600843,-0.0267,0.0,0.06483,0.0857,0.04109,-0.23919,11.525,10.96362,10.92944,10.46609,11.04632
2002-07-11,11.339,11.339,11.422,11.187999999999999,1975.43,600843,0.00336,0.00532,0.09008,0.09249,0.02597,-0.23705,11.537,11.00824,10.94492,10.46842,11.032
2002-07-12,11.415,11.407,11.595999999999998,11.225999999999999,1982.41,600843,0.006,-0.01375,0.11779,0.09346,0.00662,-0.22617,11.5052,11.06548,10.96065,10.46903,11.01844
2002-07-15,11.415,11.324000000000002,11.415,11.300999999999998,1119.0,600843,-0.00728,-0.04584,0.13399,0.0461,0.00533,-0.22102,11.3964,11.12919,10.96869,10.46952,11.00538
2002-07-16,11.317,11.255999999999998,11.482999999999999,11.225999999999999,1080.37,600843,-0.006,-0.03057,0.11368,0.01497,0.03618,-0.2265,11.3254,11.1839,10.97137,10.47272,10.99198
2002-07-17,11.279000000000002,11.475,11.49,11.187999999999999,878.9,600843,0.01946,0.0154,0.10966,0.05198,0.07053,-0.19258,11.3602,11.2379,10.98052,10.47886,10.98086
2002-07-18,11.550999999999998,11.362,11.550999999999998,11.225999999999999,1256.97,600843,-0.00985,0.00203,0.12162,0.04019,0.04738,-0.2102,11.3648,11.29657,10.9876,10.48304,10.96857
2002-07-19,11.46,11.921,12.209000000000001,11.46,11924.23,600843,0.0492,0.04506,0.16987,0.10739,0.10431,-0.16297,11.4676,11.379,11.00624,10.4922,10.95913
2002-07-22,11.860999999999999,11.649000000000001,11.974,11.574000000000002,7575.65,600843,-0.02282,0.0287,0.08747,0.07991,0.09288,-0.16116,11.5326,11.42362,11.02015,10.50024,10.95003
2002-07-23,11.702,11.543,11.71,11.475,2670.15,600843,-0.0091,0.0255,-0.02053,0.07157,0.08681,-0.16008,11.59,11.4121,11.03258,10.50774,10.94109
2002-07-24,11.71,11.845999999999998,11.929,11.513,6094.12,600843,0.02625,0.03233,0.06673,0.12819,0.15481,-0.11518,11.6642,11.44738,11.05429,10.52065,10.93482
2002-07-25,11.905999999999999,11.831,11.944,11.755,4584.17,600843,-0.00127,0.04128,0.04064,0.11792,0.13411,-0.14713,11.758,11.46938,11.07442,10.53202,10.92652
2002-07-26,11.831,11.482999999999999,11.899000000000001,11.453,3224.55,600843,-0.02941,-0.03674,0.0161,0.07128,0.13783,-0.15136,11.6704,11.47805,11.08674,10.54333,10.9182
2002-07-29,11.187999999999999,10.969000000000001,11.317,10.818,7691.73,600843,-0.04476,-0.05837,-0.0222,0.03423,0.12043,-0.18982,11.5344,11.46619,11.0926,10.55292,10.90775
2002-07-30,10.984000000000002,11.022,11.112,10.923,2490.41,600843,0.00483,-0.04514,-0.00541,0.03038,0.15632,-0.19223,11.4302,11.46333,11.09784,10.56503,10.89709
2002-07-31,11.022,10.939,11.09,10.923,1388.0,600843,-0.00753,-0.07657,-0.0385,-0.01495,0.13936,-0.18796,11.2488,11.44248,11.09516,10.57591,10.8868
2002-08-01,10.833,11.014000000000001,11.105,10.833,1485.83,600843,0.00686,-0.06906,-0.0254,-0.0984,0.24424,-0.17219,11.0854,11.42881,11.07577,10.59349,10.87748
2002-08-02,11.014000000000001,10.975999999999999,11.097000000000001,10.969000000000001,765.0,600843,-0.00345,-0.04415,-0.02686,-0.18339,0.28269,-0.19336,10.984,11.41438,11.03602,10.61315,10.86679
2002-08-05,10.975999999999999,10.878,10.999,10.870999999999999,1314.41,600843,-0.00893,-0.0083,-0.05948,-0.15896,0.32384,-0.19607,10.9658,11.38162,11.00285,10.63479,10.856
2002-08-06,10.878,11.022,11.128,10.847999999999999,1182.41,600843,0.01324,0.0,-0.07128,-0.09552,0.30763,-0.19933,10.9658,11.34133,10.98408,10.65587,10.84485
2002-08-07,11.022,10.939,11.022,10.923,719.0,600843,-0.00753,0.0,-0.05788,-0.09273,0.21087,-0.2027,10.9658,11.30933,10.96605,10.67136,10.83354
2002-08-08,10.946,10.969000000000001,11.059000000000001,10.923,603.2,600843,0.00274,-0.00409,-0.02938,-0.05651,0.20924,-0.19387,10.9568,11.29352,10.95545,10.68679,10.82282
2002-08-09,10.969000000000001,10.825,10.969000000000001,10.81,1033.07,600843,-0.01313,-0.01376,-0.04533,-0.06769,0.19336,-0.21101,10.9266,11.26905,10.94277,10.70105,10.81105
2002-08-12,10.75,10.620999999999999,10.795,10.597999999999999,1397.91,600843,-0.01885,-0.02363,-0.06891,-0.05516,0.20297,-0.23973,10.8752,11.23162,10.93277,10.71562,10.79744
2002-08-13,10.620999999999999,10.712,10.878,10.620999999999999,490.0,600843,0.00857,-0.02813,-0.05404,-0.03138,0.17598,-0.16742,10.8132,11.20248,10.92718,10.72865,10.78868
2002-08-14,10.712,10.75,10.757,10.665999999999999,424.73,600843,0.00355,-0.01728,-0.04495,-0.01249,0.18314,-0.07176,10.7754,11.17838,10.92498,10.74218,10.7853
2002-08-15,10.75,10.757,10.886,10.75,497.0,600843,0.00065,-0.01933,-0.06257,-0.05822,0.09464,-0.03134,10.733,11.14419,10.91426,10.74974,10.78389
2002-08-16,10.757,10.84,10.886,10.757,626.0,600843,0.00772,0.00139,-0.04594,-0.01374,0.12553,-0.08723,10.736,11.11933,10.91182,10.75957,10.77968
2002-08-19,10.833,10.878,10.946,10.81,654.05,600843,0.00351,0.0242,-0.08749,-0.0264,0.11638,-0.07759,10.7874,11.06967,10.90706,10.76879,10.77596
2002-08-20,10.886,11.007,11.037,10.81,1006.63,600843,0.01186,0.02754,-0.05511,0.00282,0.14027,-0.06965,10.8464,11.0391,10.90756,10.7798,10.77261
2002-08-21,10.946,11.037,11.037,10.931,928.0,600843,0.00273,0.0267,-0.04384,-0.00818,0.17741,-0.03817,10.9038,11.015,10.9061,10.79332,10.77083
2002-08-22,11.037,11.248,11.558,11.037,6633.7,600843,0.01912,0.04564,-0.05048,0.02403,0.1762,-0.03251,11.002,10.98652,10.91035,10.80702,10.76929
2002-08-23,11.210999999999999,11.128,11.248,11.112,1074.28,600843,-0.01067,0.02657,-0.05942,0.06133,0.16183,-0.04284,11.0596,10.95305,10.92073,10.81962,10.76727
2002-08-26,11.218,11.4,11.565999999999999,11.128,4763.96,600843,0.02444,0.04799,-0.00723,0.10476,0.17538,-0.04674,11.164,10.9491,10.93816,10.83345,10.765
2002-08-27,11.498,11.793,12.02,11.415,12810.04,600843,0.03447,0.07141,0.07512,0.16244,0.2046,-0.0219,11.3212,10.98833,10.96474,10.84973,10.76392
2002-08-28,11.725,11.49,11.785,11.46,3594.71,600843,-0.02569,0.04104,0.04246,0.19675,0.17822,-0.05595,11.4118,11.01062,10.99521,10.86386,10.76115
2002-08-29,11.49,11.264000000000001,11.49,11.210999999999999,3365.92,600843,-0.01967,0.00142,0.02971,0.16412,0.17972,-0.05812,11.415,11.0261,11.02082,10.87781,10.75833
2002-08-30,11.300999999999998,11.347000000000001,11.43,11.279000000000002,831.5,600843,0.00737,0.01968,0.03023,0.20957,0.19606,-0.06655,11.4588,11.04195,11.05253,10.89293,10.75504
2002-09-02,11.300999999999998,11.415,11.550999999999998,11.270999999999999,699.0,600843,0.00599,0.00132,0.04,0.13199,0.18894,-0.04124,11.4618,11.06286,11.074,10.90768,10.75304
2002-09-03,11.415,11.482999999999999,11.527999999999999,11.385,868.94,600843,0.00596,-0.02629,0.05562,0.13278,0.16935,-0.02438,11.3998,11.09167,11.09571,10.9212,10.75188
2002-09-04,11.527999999999999,11.475,11.777999999999999,11.415,1875.0,600843,-0.0007,-0.00131,0.0411,0.15605,0.15605,-0.04231,11.3968,11.11324,11.12069,10.9338,10.74982
2002-09-05,11.453,11.210999999999999,11.453,11.15,2220.79,600843,-0.02301,-0.00471,0.02487,0.05635,0.10671,-0.08399,11.3862,11.12619,11.13034,10.94259,10.74564
2002-09-06,11.218,11.15,11.339,11.135,1109.51,600843,-0.00544,-0.01736,0.0165,0.07191,0.0877,-0.06998,11.3468,11.13481,11.1424,10.94989,10.74223
2002-09-09,11.112,11.029000000000002,11.15,10.960999999999999,1355.16,600843,-0.01085,-0.03382,0.01885,0.08074,0.05956,-0.07015,11.2696,11.14452,11.15569,10.95493,10.73885
2002-09-10,11.142999999999999,11.075,11.142999999999999,11.037,518.2,600843,0.00417,-0.03553,0.04275,0.10905,0.07483,-0.06445,11.188,11.16614,11.17326,10.9612,10.73574
2002-09-11,11.075,11.022,11.075,10.923,1068.27,600843,-0.00479,-0.03948,0.02894,0.09053,0.09053,-0.03248,11.0974,11.1809,11.18802,10.96864,10.73424
2002-09-12,11.158,11.15,11.225999999999999,10.975999999999999,582.5,600843,0.01161,-0.00544,0.03721,0.07823,0.03002,-0.02959,11.0852,11.19995,11.20106,10.97128,10.73286
2002-09-13,11.128,11.12,11.15,11.022,1121.9,600843,-0.00269,-0.00269,0.03375,0.09773,0.05603,-0.04171,11.0792,11.21724,11.21703,10.97608,10.73089
2002-09-16,11.112,10.931,11.112,10.923,1055.0,600843,-0.017,-0.00889,0.00839,0.07272,0.03661,-0.04299,11.0596,11.22157,11.22898,10.97922,10.72889
2002-09-17,10.960999999999999,10.923,11.037,10.886,438.5,600843,-0.00073,-0.01372,0.00414,0.0197,0.02766,-0.04436,11.0292,11.22371,11.23239,10.98161,10.72683
2002-09-18,10.923,10.923,11.059000000000001,10.892999999999999,480.0,600843,0.0,-0.00898,-0.00763,-0.07314,0.01045,-0.03991,11.0094,11.21971,11.21848,10.98253,10.72499
2002-09-19,10.870999999999999,11.203,11.347000000000001,10.847999999999999,1602.83,600843,0.02563,0.00475,0.01504,0.00882,0.04515,-0.0518,11.02,11.22762,11.22006,10.98646,10.7225
2002-09-20,11.112,11.210999999999999,11.543,10.975999999999999,3010.36,600843,0.00071,0.00818,-0.00329,-0.0139,0.06004,-0.06019,11.0382,11.22586,11.21752,10.99163,10.71958
2002-09-23,11.196,11.225999999999999,11.300999999999998,11.187999999999999,761.0,600843,0.00134,0.02699,0.00881,-0.00664,0.06458,-0.05711,11.0972,11.23052,11.21631,10.99716,10.71682
2002-09-24,11.241,11.225999999999999,11.324000000000002,11.203,545.5,600843,0.0,0.02774,-0.01526,0.00071,0.08632,-0.01982,11.1578,11.22224,11.21644,11.00441,10.71589
2002-09-25,11.225999999999999,11.377,11.49,11.128,2468.01,600843,0.01345,0.04156,-0.03528,0.02662,0.09132,-0.03462,11.2486,11.20243,11.22119,11.01215,10.71424
2002-09-26,11.49,11.241,11.49,11.225999999999999,1093.5,600843,-0.01195,0.00339,-0.02167,-0.01195,0.06976,-0.0249,11.2562,11.19057,11.219,11.01811,10.71307
2002-09-27,11.187999999999999,10.991,11.248,10.960999999999999,1326.5,600843,-0.02224,-0.01962,-0.02424,-0.02743,0.07935,-0.04971,11.2122,11.17757,11.214,11.02468,10.71073
2002-10-08,10.960999999999999,10.954,11.022,10.931,537.0,600843,-0.00337,-0.02423,-0.03463,-0.02881,0.07974,-0.03786,11.1578,11.15886,11.20876,11.03126,10.70898
2002-10-09,10.946,10.719000000000001,10.946,10.620999999999999,985.29,600843,-0.02145,-0.04516,-0.06097,-0.07323,0.06139,-0.0432,11.0564,11.12571,11.1951,11.0363,10.70701
2002-10-10,10.719000000000001,10.697000000000001,10.915999999999999,10.674000000000001,559.88,600843,-0.00205,-0.05977,-0.06845,-0.09867,0.05754,-0.05034,10.9204,11.08829,11.17621,11.04103,10.70471
2002-10-11,10.734000000000002,10.620999999999999,10.863,10.620999999999999,845.0,600843,-0.0071,-0.05516,-0.07442,-0.08526,0.02037,-0.07078,10.7964,11.04762,11.16024,11.04276,10.70142
2002-10-14,10.727,10.665999999999999,10.727,10.477,1082.6,600843,0.00424,-0.02957,-0.04861,-0.05619,0.02765,-0.06249,10.7314,11.02167,11.15,11.04509,10.69853
2002-10-15,10.620999999999999,10.508,10.825,9.842,739.66,600843,-0.01481,-0.04072,-0.05758,-0.07329,0.00729,-0.06712,10.6422,10.9911,11.1366,11.04571,10.69546
2002-10-16,10.583,10.674000000000001,10.78,10.545,934.99,600843,0.0158,-0.0042,-0.03219,-0.06426,-0.01395,-0.05044,10.6332,10.97419,11.12477,11.04448,10.69315
2002-10-17,10.674000000000001,10.523,10.712,10.508,449.0,600843,-0.01415,-0.01627,-0.04984,-0.07073,-0.05113,-0.06446,10.5984,10.9479,11.11185,11.03987,10.6902
2002-10-18,10.409,10.447000000000001,10.665999999999999,10.394,879.5,600843,-0.00722,-0.01638,-0.05217,-0.07187,-0.04226,-0.05346,10.5636,10.92052,11.09881,11.03612,10.6878
2002-10-21,10.432,10.364,10.432,10.243,861.99,600843,-0.00794,-0.02831,-0.07049,-0.09682,-0.05118,-0.05317,10.5032,10.8831,11.08089,11.03158,10.68544
2002-10-22,10.356,10.568,10.644,10.341,883.94,600843,0.01968,0.00571,-0.04964,-0.06988,-0.0183,-0.02103,10.5152,10.85681,11.06808,11.02998,10.68452
2002-10-23,10.659,10.583,10.659,10.53,535.09,600843,0.00142,-0.00853,-0.03184,-0.11224,-0.01891,0.02937,10.497,10.84024,11.0465,11.02832,10.68574
2002-10-24,10.689,10.583,10.795,10.545,1455.82,600843,0.0,0.0057,-0.03113,-0.09151,-0.01755,0.0036,10.509,10.82405,11.02931,11.02678,10.6859
2002-10-25,10.583,10.280999999999999,10.591,10.251,1080.5,600843,-0.02854,-0.01589,-0.05878,-0.10933,-0.02086,0.01873,10.4758,10.79348,11.00895,11.025,10.68667
2002-10-28,10.205,10.228,10.356,10.205,1012.46,600843,-0.00516,-0.01312,-0.08703,-0.13659,-0.03354,0.05454,10.4486,10.74705,10.98285,11.02211,10.68882
2002-10-29,10.205,10.387,10.417,10.205,900.4,600843,0.01555,-0.01713,-0.0735,-0.12205,-0.03097,0.03312,10.4124,10.70781,10.95956,11.01941,10.69017
2002-10-30,10.372,10.228,10.372,10.175,557.09,600843,-0.01531,-0.03354,-0.0889,-0.10929,-0.03564,-0.01388,10.3414,10.66029,10.93932,11.01634,10.68959
2002-10-31,10.213,10.22,10.372,10.175,236.32,600843,-0.00078,-0.0343,-0.08961,-0.06828,-0.04459,0.01651,10.2688,10.61238,10.92724,11.01246,10.69026
2002-11-01,10.265999999999998,10.228,10.349,10.213,391.0,600843,0.00078,-0.00516,-0.10099,-0.07204,-0.07897,0.02815,10.2582,10.55767,10.91444,11.00533,10.6914
2002-11-04,10.432,10.394,10.47,10.288,307.06,600843,0.01623,0.01623,-0.07535,-0.04982,-0.14915,0.07,10.2914,10.51733,10.90565,10.99052,10.69416
2002-11-05,10.432,10.620999999999999,10.697000000000001,10.432,1436.57,600843,0.02184,0.02253,-0.03366,-0.03568,-0.20981,0.1089,10.3382,10.49971,10.89931,10.96759,10.6984
2002-11-06,10.597999999999999,10.568,10.697000000000001,10.552999999999999,794.0,600843,-0.00499,0.03324,-0.03524,-0.03717,-0.18293,0.13659,10.4062,10.48133,10.89273,10.94836,10.70357
2002-11-07,10.583,10.47,10.591,10.394,1136.84,600843,-0.00927,0.02446,-0.02323,-0.03751,-0.14082,0.02366,10.4562,10.46948,10.88615,10.93441,10.70455
2002-11-08,10.644,10.205,10.651,10.205,950.0,600843,-0.02531,-0.00225,-0.04599,-0.07412,-0.1536,-0.04599,10.4516,10.44605,10.87297,10.91935,10.70255
2002-11-11,10.205,10.068999999999999,10.319,10.054,727.5,600843,-0.01333,-0.03127,-0.05197,-0.07953,-0.13392,-0.02129,10.3866,10.41976,10.85894,10.90669,10.70166
2002-11-12,10.068999999999999,9.865,10.13,9.857999999999999,1154.89,600843,-0.02026,-0.07118,-0.0751,-0.10065,-0.15037,-0.05778,10.2354,10.38162,10.84113,10.8925,10.6992
2002-11-13,9.842,9.895,9.91,9.669,1025.11,600843,0.00304,-0.06368,-0.05834,-0.08591,-0.11974,-0.09287,10.1008,10.35243,10.82613,10.88155,10.69508
2002-11-14,10.016,9.616,10.016,9.601,838.3,600843,-0.0282,-0.08157,-0.09912,-0.09462,-0.13048,-0.11479,9.93,10.30205,10.80992,10.86982,10.69001
2002-11-15,9.676,9.669,9.865,9.593,795.0,600843,0.00551,-0.05252,-0.08116,-0.09737,-0.11179,-0.12156,9.8228,10.26138,10.7931,10.85993,10.68457
2002-11-18,9.857999999999999,9.752,9.971,9.661,739.0,600843,0.00858,-0.03148,-0.06653,-0.09284,-0.14621,-0.12065,9.7594,10.22829,10.777,10.84635,10.67913
2002-11-19,9.963,10.372,10.727,9.812000000000001,10012.15,600843,0.06358,0.05139,0.00077,-0.03579,-0.05632,-0.04388,9.8608,10.22867,10.77079,10.84132,10.6772
2002-11-20,10.288,10.016,10.288,9.941,5103.5,600843,-0.03432,0.01223,-0.05223,-0.07601,-0.10355,-0.06497,9.885,10.20238,10.7575,10.83191,10.67437
2002-11-21,9.827,9.767000000000001,9.979,9.752,2654.0,600843,-0.02486,0.0157,-0.0771,-0.10213,-0.11015,-0.09648,9.9152,10.16352,10.73958,10.82208,10.67013
2002-11-22,9.79,10.364,10.742,9.79,20084.67,600843,0.06112,0.07188,-0.02069,-0.05842,-0.06866,0.03083,10.0542,10.1531,10.72921,10.81587,10.67139
2002-11-25,10.236,10.341,10.47,10.183,3601.99,600843,-0.00222,0.0604,0.00584,-0.06306,-0.05854,0.00957,10.172,10.15595,10.71798,10.81064,10.67179
2002-11-26,10.341,10.039,10.417,10.024,5087.0,600843,-0.0292,-0.03211,-0.01848,-0.10749,-0.04254,-0.02496,10.1054,10.14695,10.69848,10.80702,10.67074
2002-11-27,9.918,10.334000000000001,10.356,9.85,3884.67,600843,0.02939,0.03175,-0.0051,-0.07135,0.00145,0.00662,10.169,10.14443,10.68568,10.80714,10.67102
2002-11-28,10.356,10.833,11.369000000000002,10.280999999999999,17594.57,600843,0.04829,0.10914,0.05915,-0.04974,0.06782,0.0694,10.3822,10.17324,10.67653,10.81273,10.67388
2002-11-29,10.394,10.878,11.255999999999998,10.394,17172.53,600843,0.00415,0.04959,0.06438,-0.07759,0.13301,0.06199,10.485,10.20457,10.66177,10.82311,10.67646
2002-12-02,10.795,10.620999999999999,10.84,10.591,4698.67,600843,-0.02363,0.02708,0.03842,-0.07563,0.09766,0.02184,10.541,10.22329,10.64776,10.8308,10.67738
2002-12-03,10.644,10.765,10.84,10.44,3951.49,600843,0.01356,0.07232,0.03569,-0.0443,0.14753,0.01932,10.6862,10.24095,10.63971,10.84205,10.67821
2002-12-04,10.946,10.674000000000001,10.960999999999999,10.665999999999999,3888.75,600843,-0.00845,0.0329,0.00499,-0.05931,0.05851,-0.00772,10.7542,10.24348,10.62885,10.84685,10.67787
2002-12-05,10.674000000000001,10.575999999999999,10.674000000000001,10.341,3708.33,600843,-0.00918,-0.02372,0.00076,-0.0735,0.04331,-0.03248,10.7028,10.24386,10.61532,10.85041,10.67643
2002-12-06,10.545,10.477,10.659,10.364,1478.7,600843,-0.00936,-0.03686,0.00067,-0.08761,0.05551,-0.03553,10.6226,10.24419,10.5991,10.85489,10.67486
2002-12-09,10.432,10.379000000000001,10.561,10.325999999999999,1473.25,600843,-0.00935,-0.02279,0.01705,-0.09551,-0.02205,-0.05508,10.5742,10.25248,10.58142,10.85299,10.6724
2002-12-10,10.364,10.099,10.432,10.054,2229.49,600843,-0.02698,-0.06187,0.00298,-0.09919,-0.02913,-0.07101,10.441,10.2539,10.56348,10.85053,10.66926
2002-12-11,10.039,10.031,10.099,9.827,2716.58,600843,-0.00673,-0.06024,0.01683,-0.10036,-0.01705,-0.06879,10.3124,10.26181,10.54544,10.84911,10.66625
2002-12-12,10.031,10.068999999999999,10.228,9.902999999999999,2098.91,600843,0.00379,-0.04794,0.01758,-0.08704,0.00831,-0.07241,10.211,10.2701,10.52995,10.84979,10.66306
2002-12-13,9.873,10.099,10.205,9.752,1690.05,600843,0.00298,-0.03608,0.05023,-0.08813,-0.00079,-0.09247,10.1354,10.2931,10.51421,10.84972,10.65887
2002-12-16,10.092,10.145,10.213,10.039,1532.72,600843,0.00455,-0.02255,0.04923,-0.07957,-0.01895,-0.10648,10.0886,10.31576,10.50006,10.84813,10.65396
2002-12-19,10.583,10.243,10.597999999999999,10.092,4120.28,600843,0.00966,0.01426,0.05035,-0.08135,0.01115,-0.10267,10.1174,10.33914,10.48544,10.84905,10.6492
2002-12-20,10.258,10.273,10.311,10.152000000000001,1907.41,600843,0.00293,0.02413,-0.00954,-0.07617,0.00815,-0.10475,10.1658,10.33443,10.47177,10.84972,10.64431
2002-12-23,10.319,10.251,10.364,10.205,1101.28,600843,-0.00214,0.01808,0.02346,-0.06221,-0.04304,-0.11023,10.2022,10.34562,10.46081,10.84598,10.63915
2002-12-24,10.251,10.319,10.379000000000001,10.054,1535.71,600843,0.00663,0.02178,0.05652,-0.0553,-0.1244,-0.07956,10.2462,10.3719,10.45106,10.83406,10.63552
2002-12-25,10.341,10.145,10.379000000000001,10.145,1148.9,600843,-0.01686,0.0,-0.02113,-0.07123,-0.08645,-0.10711,10.2462,10.36148,10.43852,10.82625,10.63057
2002-12-26,10.062000000000001,9.88,10.137,9.85,2095.89,600843,-0.02612,-0.03544,-0.04458,-0.11809,-0.13097,-0.12929,10.1736,10.33952,10.41718,10.81415,10.62461
2002-12-27,9.805,9.91,10.054,9.805,1541.13,600843,0.00304,-0.03534,-0.01285,-0.11605,-0.12309,-0.14259,10.101,10.33338,10.39619,10.80284,10.61791
2002-12-30,9.873,9.767000000000001,9.888,9.744,1165.93,600843,-0.01443,-0.04721,-0.05487,-0.12997,-0.12935,-0.14325,10.0042,10.30638,10.37266,10.79104,10.61127
2002-12-31,9.82,9.729,9.979,9.714,1068.0,600843,-0.00389,-0.05718,-0.10191,-0.13335,-0.12209,-0.13041,9.8862,10.25381,10.34852,10.78004,10.60534
2003-01-02,9.737,9.752,9.902999999999999,9.706,1050.77,600843,0.00236,-0.03874,-0.10351,-0.14283,-0.14283,-0.1054,9.8076,10.20019,10.32231,10.76683,10.60067
2003-01-03,9.812000000000001,9.774,9.902999999999999,9.721,809.03,600843,0.00226,-0.01073,-0.07975,-0.1305,-0.13512,-0.09458,9.7864,10.15986,10.29865,10.75441,10.59652
2003-01-06,9.759,9.88,9.88,9.752,673.75,600843,0.01085,-0.00303,-0.08221,-0.10108,-0.12404,-0.09116,9.7804,10.11771,10.28073,10.74304,10.59249
2003-01-07,9.88,9.91,10.039,9.797,709.0,600843,0.00304,0.01464,-0.07158,-0.09531,-0.14318,-0.09966,9.809,10.08133,10.26389,10.72958,10.58803
2003-01-08,9.873,10.068999999999999,10.084,9.827,1781.16,600843,0.01604,0.03495,-0.04794,-0.06064,-0.15158,-0.07564,9.877,10.05719,10.2534,10.71495,10.58468
2003-01-09,10.19,10.16,10.19,9.979,2213.21,600843,0.00904,0.04184,-0.03026,-0.0502,-0.12497,-0.0434,9.9586,10.0421,10.24474,10.70315,10.58281
2003-01-10,10.115,10.001,10.280999999999999,9.986,2235.4,600843,-0.01565,0.02322,-0.03642,-0.05837,-0.11503,-0.07867,10.004,10.0241,10.23474,10.69259,10.57934
2003-01-13,9.994,10.077,10.13,9.948,698.0,600843,0.0076,0.01994,-0.00218,-0.05522,-0.1113,-0.08822,10.0434,10.02305,10.22524,10.68233,10.57537
2003-01-14,10.077,10.387,10.493,10.054,4463.09,600843,0.03076,0.04813,0.03549,-0.01152,-0.08942,-0.08339,10.1388,10.04,10.22329,10.67403,10.57153
2003-01-15,10.432,10.356,10.659,10.280999999999999,4430.45,600843,-0.00298,0.0285,0.0285,-0.02979,-0.08548,-0.08061,10.1962,10.05367,10.21816,10.66616,10.56784
2003-01-16,10.356,10.462,10.515,10.280999999999999,2274.69,600843,0.01024,0.02972,0.03594,-0.0058,-0.07054,-0.03691,10.2566,10.07095,10.21718,10.65971,10.56621
2003-01-17,10.432,10.379000000000001,10.575999999999999,10.356,2225.39,600843,-0.00793,0.0378,0.02307,-0.00651,-0.09551,-0.03172,10.3322,10.0821,10.21608,10.6508,10.56483
2003-01-20,10.213,10.462,10.523,10.205,1884.99,600843,0.008,0.03821,0.02138,0.00946,-0.07921,-0.03558,10.4092,10.09252,10.21766,10.64348,10.56326
2003-01-21,10.493,10.409,10.734000000000002,10.364,5852.5,600843,-0.00507,0.00212,0.01324,-0.01505,-0.12683,-0.03576,10.4136,10.099,10.2151,10.63119,10.56169
2003-01-22,10.288,10.341,10.432,10.265999999999998,1823.71,600843,-0.00653,-0.00145,0.00878,-0.02287,-0.11228,-0.02983,10.4106,10.10329,10.21119,10.62055,10.5604
2003-01-23,10.356,10.115,10.417,10.092,1235.84,600843,-0.02185,-0.03317,-0.01977,-0.04422,-0.12371,-0.04764,10.3412,10.09357,10.20365,10.60894,10.55834
2003-01-24,10.175,10.236,10.349,10.099,902.97,600843,0.01196,-0.01378,0.00897,-0.00438,-0.13591,-0.00214,10.3126,10.0979,10.20292,10.59585,10.55825
2003-01-27,10.228,10.280999999999999,10.394,10.228,1364.34,600843,0.0044,-0.0173,0.04059,0.00518,-0.13101,-0.01447,10.2764,10.117,10.20377,10.58325,10.55764
2003-01-28,10.432,10.258,10.432,10.236,1114.98,600843,-0.00224,-0.01451,0.03512,-0.01242,-0.10668,0.01645,10.2462,10.13357,10.20169,10.57329,10.55831
2003-01-29,10.205,10.296,10.417,10.205,1522.98,600843,0.0037,-0.00435,0.05416,0.00665,-0.06135,0.05169,10.2372,10.15876,10.20279,10.56782,10.56037
2003-02-10,10.205,10.251,10.341,10.205,533.4,600843,-0.00437,0.01345,0.05365,0.00303,-0.06995,0.07543,10.2644,10.18362,10.20329,10.56155,10.56329
2003-02-11,10.251,10.455,10.477,10.228,1395.55,600843,0.0199,0.0214,0.07209,0.02219,-0.04425,0.08895,10.3082,10.2171,10.20695,10.55762,10.56676
2003-02-12,10.455,10.425,10.5,10.356,1226.89,600843,-0.00287,0.01401,0.06661,0.00298,-0.05348,0.1777,10.337,10.2481,10.20745,10.55283,10.57316
2003-02-13,10.477,10.447000000000001,10.734000000000002,10.432,3658.51,600843,0.00211,0.01842,0.05739,-0.01638,-0.0482,0.22087,10.3748,10.2751,10.20465,10.54853,10.58084
2003-02-14,10.538,10.742,10.81,10.432,6229.27,600843,0.02824,0.04332,0.08396,0.01646,-0.0125,0.30729,10.464,10.31471,10.20745,10.54742,10.59111
2003-02-17,10.742,10.561,10.802,10.53,2231.01,600843,-0.01685,0.03024,0.04886,0.00869,-0.04183,0.25294,10.526,10.33814,10.20892,10.54367,10.59977
2003-02-18,10.575999999999999,10.485,10.620999999999999,10.462,1124.79,600843,-0.0072,0.00287,0.03199,0.02744,-0.0415,0.16062,10.532,10.35362,10.21344,10.53998,10.60567
2003-02-19,10.583,10.538,10.583,10.432,1250.8,600843,0.00505,0.01084,0.05369,0.04658,-0.03929,0.16172,10.5546,10.37919,10.221,10.53648,10.61163
2003-02-20,10.538,10.620999999999999,10.644,10.447000000000001,1136.27,600843,0.00788,0.01666,0.05398,0.07663,-0.01885,0.17087,10.5894,10.4051,10.23319,10.53482,10.61793
2003-02-21,10.613,10.356,10.659,10.356,1796.99,600843,-0.02495,-0.03593,-0.00298,0.04659,-0.02495,0.17295,10.5122,10.40362,10.24063,10.53267,10.62414
2003-02-24,10.296,10.304,10.432,10.280999999999999,783.5,600843,-0.00502,-0.02433,-0.00502,0.07155,-0.03809,0.13119,10.4608,10.40114,10.25173,10.52935,10.629
2003-02-25,10.304,10.447000000000001,10.485,10.288,1025.6,600843,0.01388,-0.00362,-0.00143,0.08046,-0.02819,0.14979,10.4532,10.40043,10.26427,10.52689,10.63453
2003-02-26,10.47,10.425,10.477,10.364,974.6,600843,-0.00211,-0.01072,0.00443,0.06901,-0.03086,0.06085,10.4306,10.40262,10.27513,10.52419,10.63696
2003-02-27,10.379000000000001,10.417,10.493,10.372,1027.03,600843,-0.00077,-0.01921,-0.0043,0.00434,-0.03902,0.08161,10.3898,10.40048,10.27585,10.52075,10.64016
2003-02-28,10.417,10.425,10.47,10.356,686.5,600843,0.00077,0.00666,0.00154,0.04083,-0.04164,0.06989,10.4036,10.40124,10.28245,10.51707,10.64293
2003-03-03,10.47,10.561,10.568,10.44,1091.81,600843,0.01305,0.02494,0.02127,0.08129,-0.04052,0.09406,10.455,10.41171,10.29526,10.51344,10.64662
2003-03-04,10.552999999999999,10.597999999999999,10.772,10.538,3316.82,600843,0.0035,0.01445,0.04775,0.02258,-0.03978,0.13057,10.4852,10.43471,10.29903,10.50987,10.65159
2003-03-05,10.606,10.47,10.606,10.409,1046.14,600843,-0.01208,0.00432,0.02286,0.01247,-0.06917,0.09484,10.4942,10.44586,10.30111,10.50354,10.65528
2003-03-06,10.432,10.425,10.659,10.356,1581.98,600843,-0.0043,0.00077,0.01401,0.03845,-0.06317,0.08843,10.4958,10.45271,10.30734,10.49783,10.65872
2003-03-07,10.394,10.455,10.545,10.364,814.32,600843,0.00288,0.00288,0.0192,0.01171,-0.08289,0.07795,10.5018,10.4621,10.30929,10.49015,10.6618
2003-03-10,10.493,10.356,10.568,10.288,1110.88,600843,-0.00947,-0.01941,0.00583,-0.04403,-0.12185,0.05781,10.4608,10.46495,10.3016,10.47846,10.6641
2003-03-11,10.432,10.288,10.493,10.258,857.2,600843,-0.00657,-0.02925,0.00361,-0.05424,-0.10461,0.05496,10.3988,10.46671,10.29208,10.46869,10.66628
2003-03-12,10.288,10.167,10.341,10.062000000000001,884.22,600843,-0.01176,-0.02894,-0.02755,-0.04275,-0.09739,0.06483,10.3382,10.453,10.28476,10.45977,10.66879
2003-03-13,10.137,10.092,10.265999999999998,10.092,590.0,600843,-0.00738,-0.03194,-0.03194,-0.06252,-0.1106,0.06377,10.2716,10.43714,10.2739,10.44957,10.67125
2003-03-14,10.039,9.979,10.13,9.979,1089.16,600843,-0.0112,-0.04553,-0.0448,-0.06511,-0.1258,0.03937,10.1764,10.41486,10.26269,10.43789,10.67279
2003-03-17,9.941,10.054,10.084,9.902999999999999,914.5,600843,0.00752,-0.02916,-0.06405,-0.04936,-0.12444,0.02383,10.116,10.3821,10.25427,10.42628,10.67374
2003-03-18,10.039,9.918,10.167,9.918,579.9,600843,-0.01353,-0.03596,-0.06088,-0.05335,-0.13569,-0.00081,10.042,10.35148,10.24526,10.41362,10.67371
2003-03-19,9.918,9.956,10.016,9.902999999999999,581.0,600843,0.00383,-0.02075,-0.05045,-0.04076,-0.11194,-0.01718,9.9998,10.32629,10.23844,10.40341,10.673
2003-03-20,9.979,9.91,9.979,9.888,482.03,600843,-0.00462,-0.01803,-0.05959,-0.01871,-0.11121,-0.03327,9.9634,10.29638,10.23539,10.39333,10.67161
2003-03-21,9.918,10.016,10.016,9.902999999999999,471.0,600843,0.0107,0.00371,-0.05696,-0.0015,-0.09185,-0.03776,9.9708,10.26757,10.23515,10.3851,10.67002
2003-03-24,9.948,10.054,10.054,9.948,109.0,600843,0.00379,0.0,-0.02916,-0.00149,-0.09219,-0.02426,9.9708,10.25319,10.2349,10.3768,10.669
2003-03-25,10.054,10.009,10.054,9.948,367.01,600843,-0.00448,0.00918,-0.02863,-0.00891,-0.09191,-0.0097,9.989,10.23914,10.23345,10.36856,10.6686
2003-03-26,10.356,10.016,10.356,9.956,532.89,600843,0.0007,0.00603,-0.04126,-0.01272,-0.1017,-0.07473,10.001,10.21862,10.23137,10.35934,10.66531
2003-03-27,10.039,10.084,10.167,9.842,1134.12,600843,0.00679,0.01756,-0.03271,-0.01552,-0.09317,-0.04236,10.0358,10.20238,10.22881,10.35092,10.6635
2003-03-28,10.122,10.099,10.16,10.039,967.5,600843,0.00149,0.00829,-0.03053,-0.01694,-0.07611,-0.04229,10.0524,10.18724,10.226,10.34415,10.66169
2003-03-31,10.183,10.068999999999999,10.183,10.024,588.5,600843,-0.00297,0.00149,-0.03415,-0.01775,-0.07818,-0.05269,10.0554,10.17029,10.22306,10.33721,10.65941
2003-04-01,10.077,10.115,10.145,10.047,717.14,600843,0.00457,0.01059,-0.04223,-0.01977,-0.07397,-0.06429,10.0766,10.14905,10.21977,10.33064,10.65659
2003-04-02,10.115,10.107000000000001,10.152000000000001,10.054,490.27,600843,-0.00079,0.00909,-0.04633,-0.00375,-0.09783,-0.05709,10.0948,10.12567,10.21916,10.32173,10.6541
2003-04-03,10.107000000000001,10.016,10.115,9.963,687.0,600843,-0.009,-0.00674,-0.04336,0.01377,-0.10659,-0.05295,10.0812,10.10405,10.22135,10.31202,10.65182
2003-04-04,9.979,9.956,10.001,9.902999999999999,991.0,600843,-0.00599,-0.01416,-0.04499,0.00464,-0.11313,-0.05586,10.0526,10.08171,10.2221,10.30169,10.64943
2003-04-07,9.963,9.835,9.979,9.827,949.02,600843,-0.01215,-0.02324,-0.0593,0.00696,-0.12391,-0.04829,10.0058,10.05219,10.22319,10.29038,10.6474
2003-04-08,9.827,9.767000000000001,9.902999999999999,9.759,1174.0,600843,-0.00691,-0.0344,-0.05688,0.00391,-0.14151,-0.06312,9.9362,10.02414,10.22381,10.27729,10.64472
2003-04-09,9.979,9.82,9.979,9.601,1767.02,600843,0.00543,-0.0284,-0.04549,0.00697,-0.12641,-0.06547,9.8788,10.00186,10.2249,10.26574,10.64193
2003-04-10,9.752,9.767000000000001,9.805,9.593,2428.53,600843,-0.0054,-0.02486,-0.03934,-0.00072,-0.11136,-0.04085,9.829,9.98281,10.22479,10.25579,10.64024
2003-04-11,9.767000000000001,9.691,9.812000000000001,9.616,1607.4,600843,-0.00778,-0.02662,-0.03973,-0.01913,-0.1153,-0.04475,9.776,9.96371,10.22174,10.24552,10.63839
2003-04-14,9.676,9.941,10.047,9.525,3345.9,600843,0.0258,0.01078,-0.00381,0.00313,-0.07258,-0.01565,9.7972,9.9619,10.22224,10.2392,10.63775
2003-04-15,9.979,9.895,10.039,9.827,1949.7,600843,-0.00463,0.01311,-0.01581,-0.01728,-0.07497,-0.02175,9.8228,9.95433,10.21944,10.23267,10.63685
2003-04-16,9.857999999999999,9.669,10.009,9.661,2818.61,600843,-0.02284,-0.01538,-0.02511,-0.04833,-0.08963,-0.07109,9.7926,9.94248,10.21152,10.22493,10.63385
2003-04-17,9.676,9.684,9.729,9.585,1519.72,600843,0.00155,-0.0085,-0.02732,-0.0317,-0.09207,-0.06696,9.776,9.92952,10.2064,10.21695,10.63102
2003-04-18,9.684,9.759,9.888,9.684,825.96,600843,0.00774,0.00702,-0.01524,-0.03156,-0.07128,-0.06451,9.7896,9.92233,10.20127,10.21086,10.62828
2003-04-21,9.941,9.873,10.016,9.782,1740.1,600843,0.01168,-0.00684,-0.01428,-0.04948,-0.07504,-0.08794,9.776,9.91552,10.19298,10.20435,10.62441
2003-04-22,9.979,9.926,10.009,9.865,1229.5,600843,0.00537,0.00313,-0.01273,-0.04152,-0.05673,-0.10496,9.7822,9.90943,10.18605,10.1995,10.61968
2003-04-23,9.918,9.631,9.918,9.601,913.0,600843,-0.02972,-0.00393,-0.03777,-0.07943,-0.07811,-0.11707,9.7746,9.89143,10.17265,10.19286,10.61449
2003-04-24,9.661,9.555,9.797,9.548,1143.87,600843,-0.00789,-0.01332,-0.04603,-0.07939,-0.07806,-0.12524,9.7488,9.86948,10.15935,10.18628,10.60893
2003-04-25,9.601,9.222999999999999,9.607999999999999,9.185,1445.0,600843,-0.03475,-0.05492,-0.08538,-0.11843,-0.12727,-0.14324,9.6416,9.82848,10.13937,10.17535,10.60266
2003-04-28,9.222999999999999,9.147,9.222999999999999,8.958,1486.67,600843,-0.00824,-0.07353,-0.09427,-0.12124,-0.13569,-0.15203,9.4964,9.78314,10.11902,10.16367,10.596
2003-04-29,9.147,8.845,9.155,8.845,1398.0,600843,-0.03302,-0.10891,-0.12156,-0.14467,-0.16423,-0.17889,9.2802,9.72486,10.09489,10.14954,10.58816
2003-04-30,8.769,8.769,8.958,8.693,1231.85,600843,-0.00859,-0.0895,-0.13307,-0.13307,-0.14707,-0.16486,9.1078,9.66076,10.07318,10.13725,10.58113
2003-05-12,8.777000000000001,8.52,8.807,8.467,1133.0,600843,-0.0284,-0.10832,-0.15702,-0.16764,-0.16699,-0.19494,8.9008,9.58519,10.0455,10.12337,10.57274
2003-05-13,8.504,8.225,8.504,8.164,1613.01,600843,-0.03462,-0.10821,-0.17881,-0.19998,-0.20814,-0.23267,8.7012,9.4999,10.01234,10.10579,10.5626
2003-05-14,8.315,8.399,8.504,8.225,842.9,600843,0.02116,-0.08178,-0.15639,-0.18122,-0.17882,-0.20809,8.5516,9.42576,9.98235,10.09092,10.55363
2003-05-15,8.443999999999999,8.625,8.656,8.277999999999999,1484.55,600843,0.02691,-0.02487,-0.12303,-0.1623,-0.15607,-0.1937,8.5076,9.36814,9.9554,10.07795,10.54521
2003-05-16,8.64,8.542,8.64,8.467,776.7,600843,-0.00962,-0.02589,-0.12542,-0.16672,-0.16484,-0.2308,8.4622,9.30981,9.92784,10.06424,10.53479
2003-05-19,8.693,8.648,8.754,8.557,822.93,600843,0.01241,0.01502,-0.11935,-0.17284,-0.16798,-0.29208,8.4878,9.254,9.89869,10.05005,10.52028
2003-05-22,8.618,8.958,9.056000000000001,8.542,3198.68,600843,0.03585,0.08912,-0.08283,-0.14072,-0.15658,-0.33353,8.6344,9.21548,9.87503,10.03653,10.50206
2003-05-23,9.026,8.829,9.026,8.769,1529.56,600843,-0.0144,0.0512,-0.08895,-0.15488,-0.16455,-0.31738,8.7204,9.17443,9.84894,10.02239,10.48537
2003-05-26,8.754,8.716000000000001,8.845,8.701,1042.47,600843,-0.0128,0.01055,-0.12323,-0.18861,-0.16753,-0.28475,8.7386,9.1161,9.81626,10.00813,10.47127
2003-05-27,8.746,8.701,8.829,8.603,817.22,600843,-0.00172,0.01861,-0.12067,-0.17612,-0.14738,-0.27834,8.7704,9.05924,9.78626,9.9959,10.45763
2003-05-28,8.829,8.913,8.996,8.769,1595.83,600843,0.02437,0.03064,-0.07819,-0.14993,-0.11481,-0.23336,8.8234,9.02324,9.7609,9.9865,10.4466
2003-05-29,8.898,8.935,8.943,8.814,864.93,600843,0.00247,-0.00257,-0.07734,-0.15212,-0.09427,-0.23047,8.8188,8.98757,9.73505,9.97894,10.43572
2003-05-30,8.958,8.988,9.056000000000001,8.89,1231.0,600843,0.00593,0.01801,-0.079,-0.15375,-0.09166,-0.20043,8.8506,8.95086,9.70871,9.97157,10.42656
2003-06-02,8.996,9.079,9.117,8.996,2381.29,600843,0.01012,0.04165,-0.08042,-0.12331,-0.05584,-0.17904,8.9232,8.91305,9.68811,9.9672,10.41851
2003-06-03,9.115,9.088,9.193,9.088,1111.69,600843,0.00099,0.04448,-0.08442,-0.11801,-0.06009,-0.16517,9.0006,8.87314,9.6685,9.96248,10.4112
2003-06-04,9.045,9.106,9.123,8.854,1318.84,600843,0.00198,0.02165,-0.05451,-0.12836,-0.06624,-0.20277,9.0392,8.84814,9.64687,9.95723,10.40179
2003-06-05,9.132,9.071,9.132,9.027999999999999,697.94,600843,-0.00384,0.01522,-0.05065,-0.12988,-0.12543,-0.17469,9.0664,8.8251,9.62503,9.94665,10.39398
2003-06-06,9.045,8.897,9.071,8.88,1096.47,600843,-0.01918,-0.01012,-0.03535,-0.14592,-0.11172,-0.20371,9.0482,8.80957,9.60052,9.93755,10.38473
2003-06-09,8.871,8.783999999999999,8.871,8.697000000000001,822.44,600843,-0.0127,-0.03249,-0.03969,-0.15741,-0.10065,-0.19971,8.9892,8.79229,9.57405,9.92956,10.37582
2003-06-10,8.741,8.88,8.888,8.741,617.97,600843,0.01093,-0.02289,0.00396,-0.15917,-0.14319,-0.20201,8.9476,8.79395,9.54694,9.9175,10.36668
2003-06-11,8.888,9.427999999999999,9.767000000000001,8.888,6375.37,600843,0.06171,0.03536,0.07515,-0.1104,-0.08829,-0.14166,9.012,8.82533,9.52806,9.91007,10.36036
2003-06-12,10.349,9.523,10.349,9.48,11359.21,600843,0.01008,0.04983,0.11772,-0.09045,-0.0514,-0.09175,9.1024,8.8731,9.51279,9.90588,10.35645
2003-06-13,9.48,9.323,9.602,9.271,3283.42,600843,-0.021,0.04788,0.1335,-0.10571,-0.09783,-0.09652,9.1876,8.92538,9.49502,9.89766,10.3524
2003-06-16,9.462,9.262,9.462,9.184,1469.1,600843,-0.00654,0.05442,0.10275,-0.11411,-0.14502,-0.08704,9.2832,8.96648,9.47577,9.88489,10.34881
2003-06-17,9.306000000000001,9.889,9.993,9.262,8269.83,600843,0.0677,0.11363,0.14655,-0.04509,-0.09092,0.03,9.485,9.02667,9.46824,9.87685,10.34998
2003-06-18,9.828,9.706,9.854,9.567,4440.9,600843,-0.01851,0.02949,0.13627,-0.05657,-0.08615,0.0031,9.5406,9.0821,9.45885,9.86941,10.3501
2003-06-19,9.654,9.48,9.697000000000001,9.375,2103.27,600843,-0.02328,-0.00452,0.09621,-0.06757,-0.11937,0.01055,9.532,9.12171,9.44777,9.85896,10.3505
2003-06-20,9.48,9.402000000000001,9.488,9.323,869.78,600843,-0.00823,0.00847,0.04956,-0.06837,-0.11917,-0.06763,9.5478,9.14286,9.43665,9.84862,10.34773
2003-06-23,9.436,9.175,9.436,9.149,1021.8,600843,-0.02414,-0.00939,0.03919,-0.08057,-0.13247,-0.0949,9.5304,9.15933,9.42368,9.83723,10.34382
2003-06-24,9.201,9.071,9.201,9.001,1247.77,600843,-0.01134,-0.08272,0.04073,-0.09777,-0.1342,-0.08614,9.3668,9.17624,9.40782,9.8258,10.34035
2003-06-25,9.045,9.001,9.167,9.001,1109.75,600843,-0.00772,-0.07264,0.03448,-0.09246,-0.13277,-0.15189,9.2258,9.19052,9.39303,9.81459,10.33379
2003-06-26,8.993,8.949,8.993,8.783999999999999,1509.11,600843,-0.00578,-0.05601,0.00404,-0.10115,-0.11387,-0.13968,9.1196,9.19224,9.37679,9.80524,10.32789
2003-06-27,9.027999999999999,8.941,9.027999999999999,8.871,543.2,600843,-0.00089,-0.04903,0.00067,-0.09778,-0.10866,-0.12386,9.0274,9.19252,9.36116,9.79638,10.32275
2003-06-30,8.749,8.783999999999999,8.923,8.749,760.8,600843,-0.01756,-0.04262,-0.0227,-0.123,-0.12762,-0.12037,8.9492,9.18281,9.34129,9.78593,10.31786
2003-07-01,8.888,8.818999999999999,8.888,8.749,515.46,600843,0.00398,-0.02778,-0.02864,-0.12284,-0.12675,-0.12744,8.8988,9.17043,9.32137,9.77553,10.31263
2003-07-02,8.801,8.845,8.914,8.749,458.68,600843,0.00295,-0.01733,-0.02674,-0.1163,-0.12814,-0.14467,8.8676,9.15886,9.3026,9.76496,10.30654
2003-07-03,8.836,8.967,8.984,8.783999999999999,749.24,600843,0.01379,0.00201,-0.01526,-0.10473,-0.12457,-0.11481,8.8712,9.15224,9.28568,9.75459,10.30182
2003-07-04,8.958,8.871,9.027999999999999,8.793,511.18,600843,-0.01071,-0.00783,-0.02205,-0.12029,-0.13647,-0.12944,8.8572,9.14271,9.26611,9.74319,10.29646
2003-07-07,8.871,8.854,8.871,8.758,374.39,600843,-0.00192,0.00797,-0.00483,-0.12328,-0.13628,-0.17345,8.8712,9.14067,9.24603,9.73183,10.2889
2003-07-08,8.828,8.914,8.958,8.767000000000001,509.19,600843,0.00678,0.01077,0.0148,-0.11471,-0.13616,-0.24361,8.8902,9.14686,9.2274,9.72041,10.27723
2003-07-09,8.914,8.836,8.914,8.81,363.78,600843,-0.00875,-0.00102,-0.00495,-0.12645,-0.12903,-0.20432,8.8884,9.14476,9.20677,9.70976,10.26801
2003-07-10,8.862,8.888,8.897,8.793,847.78,600843,0.00589,-0.00881,-0.05728,-0.12061,-0.1004,-0.21822,8.8726,9.11905,9.18711,9.7017,10.25792
2003-07-11,8.888,8.888,8.993,8.81,515.75,600843,0.0,0.00192,-0.06668,-0.11262,-0.10313,-0.21352,8.876,9.08881,9.16892,9.69339,10.24811
2003-07-14,8.81,8.793,8.871,8.783999999999999,314.95,600843,-0.01069,-0.00689,-0.05685,-0.11681,-0.09972,-0.21617,8.8638,9.06357,9.15016,9.68547,10.23826
2003-07-15,8.783999999999999,8.801,8.828,8.758,687.92,600843,0.00091,-0.01268,-0.04977,-0.10513,-0.09538,-0.20583,8.8412,9.04162,9.13348,9.67793,10.22898
2003-07-16,8.871,8.854,8.897,8.818999999999999,295.5,600843,0.00602,0.00204,-0.10466,-0.09348,-0.09208,-0.22176,8.8448,8.99233,9.11876,9.67063,10.21873
2003-07-17,8.897,8.862,8.914,8.749,1089.25,600843,0.0009,-0.00293,-0.08696,-0.09756,-0.09331,-0.21582,8.8396,8.95214,9.10331,9.66321,10.20881
2003-07-18,8.862,8.706,8.871,8.697000000000001,938.67,600843,-0.0176,-0.02048,-0.08165,-0.10863,-0.11883,-0.22812,8.8032,8.91529,9.08619,9.65367,10.19835
2003-07-21,8.687999999999999,8.357999999999999,8.687999999999999,8.349,1125.95,600843,-0.03997,-0.04947,-0.11104,-0.13755,-0.15661,-0.27736,8.7162,8.86557,9.06469,9.64105,10.18531
2003-07-22,8.436,8.297,8.497,8.262,808.98,600843,-0.0073,-0.05727,-0.09569,-0.16538,-0.17599,-0.30089,8.6154,8.82376,9.03818,9.62664,10.1708
2003-07-23,8.454,8.436,8.454,8.349,401.98,600843,0.01675,-0.04721,-0.07,-0.14745,-0.16969,-0.27345,8.5318,8.79352,9.01465,9.61263,10.15789
2003-07-24,8.436,8.357999999999999,8.436,8.349,245.0,600843,-0.00925,-0.05687,-0.07144,-0.13559,-0.16428,-0.26042,8.431,8.7629,8.9935,9.59927,10.14593
2003-07-25,8.332,8.132,8.332,8.097000000000001,633.6,600843,-0.02704,-0.06593,-0.0913,-0.16026,-0.19301,-0.28283,8.3162,8.724,8.96847,9.58346,10.13289
2003-07-28,8.132,7.914,8.132,7.888,879.9,600843,-0.02681,-0.05312,-0.11486,-0.18906,-0.23809,-0.30622,8.2274,8.6751,8.93871,9.56335,10.11869
2003-07-29,7.897,8.001,8.001,7.897,421.85,600843,0.01099,-0.03568,-0.08914,-0.18961,-0.2274,-0.29345,8.1682,8.63781,8.90852,9.5442,10.10518
2003-07-30,7.957999999999999,7.9670000000000005,8.001,7.914,236.18,600843,-0.00425,-0.0556,-0.09661,-0.19736,-0.23848,-0.2922,8.0744,8.59724,8.87692,9.52392,10.09181
2003-07-31,7.914,7.984,8.019,7.897,208.95,600843,0.00213,-0.04475,-0.09734,-0.17101,-0.23075,-0.30423,7.9996,8.55624,8.85035,9.50445,10.07762
2003-08-01,7.984,7.94,7.984,7.871,337.6,600843,-0.00551,-0.02361,-0.11453,-0.16902,-0.24106,-0.30118,7.9612,8.50733,8.82431,9.48394,10.06371
2003-08-04,7.914,8.34,8.497,7.871,1713.52,600843,0.05038,0.05383,-0.05986,-0.09574,-0.19877,-0.30039,8.0464,8.48205,8.81006,9.46712,10.04915
2003-08-05,8.349,8.262,8.462,8.175,921.02,600843,-0.00935,0.03262,-0.06686,-0.09675,-0.20104,-0.29075,8.0986,8.45386,8.79579,9.45022,10.03539
2003-08-06,8.297,8.201,8.297,8.175,330.58,600843,-0.00738,0.02937,-0.07999,-0.07281,-0.18922,-0.28953,8.1454,8.4199,8.7854,9.43466,10.0218
2003-08-07,8.201,8.306000000000001,8.567,8.201,1177.78,600843,0.0128,0.04033,-0.05998,-0.0528,-0.18855,-0.29884,8.2098,8.39467,8.77794,9.41897,10.00741
2003-08-08,8.262,8.132,8.271,8.132,576.9,600843,-0.02095,0.02418,-0.08506,-0.04554,-0.20903,-0.31265,8.2482,8.35867,8.77168,9.4015,9.99237
2003-08-11,8.097000000000001,8.14,8.219,8.045,434.79,600843,0.00098,-0.02398,-0.08416,-0.01033,-0.20647,-0.29113,8.2082,8.32305,8.77031,9.38428,9.97878
2003-08-12,8.21,8.21,8.262,8.149,514.81,600843,0.0086,-0.00629,-0.0663,-0.0225,-0.2026,-0.25153,8.1978,8.29529,8.76726,9.36732,9.96757
2003-08-13,8.21,8.062000000000001,8.219,8.045,390.19,600843,-0.01803,-0.01695,-0.08397,-0.06528,-0.21354,-0.26855,8.17,8.2601,8.75818,9.34952,9.95554
2003-08-14,8.088,8.08,8.175,8.071,369.54,600843,0.00223,-0.02721,-0.08742,-0.05409,-0.22716,-0.26136,8.1248,8.22324,8.75073,9.33021,9.94391
2003-08-15,8.01,7.9670000000000005,8.045,7.9670000000000005,445.33,600843,-0.01399,-0.02029,-0.10099,-0.07875,-0.23578,-0.27665,8.0918,8.18062,8.73974,9.31023,9.93153
2003-08-18,7.957999999999999,7.949,7.984,7.914,229.4,600843,-0.00226,-0.02346,-0.08695,-0.11264,-0.23911,-0.27578,8.0536,8.14457,8.72347,9.28992,9.91922
2003-08-19,7.914,8.045,8.08,7.914,298.87,600843,0.01208,-0.0201,-0.03745,-0.0888,-0.25107,-0.26043,8.0206,8.12967,8.71082,9.26799,9.90771
2003-08-20,8.062000000000001,7.984,8.071,7.914,295.12,600843,-0.00758,-0.00968,-0.03772,-0.08398,-0.24401,-0.27563,8.005,8.11476,8.69902,9.24704,9.89536
2003-08-21,7.932,7.9670000000000005,7.975,7.932,156.81,600843,-0.00213,-0.01399,-0.0556,-0.08436,-0.24015,-0.27169,7.9824,8.09243,8.68718,9.22657,9.88328
2003-08-22,8.088,8.062000000000001,8.262,8.045,504.71,600843,0.01192,0.01192,-0.03542,-0.09548,-0.23496,-0.26502,8.0014,8.07833,8.67345,9.20644,9.87146
2003-08-25,8.132,8.219,8.419,8.08,2129.06,600843,0.01947,0.03397,0.0107,-0.08013,-0.22616,-0.24074,8.0554,8.08248,8.6619,9.18691,9.86087
2003-08-26,8.254,8.201,8.254,8.045,901.15,600843,-0.00219,0.01939,0.03626,-0.08756,-0.20809,-0.22785,8.0866,8.09614,8.64921,9.16939,9.85103
2003-08-27,8.14,8.375,8.523,8.045,2632.65,600843,0.02122,0.04897,0.04674,-0.07754,-0.18721,-0.21817,8.1648,8.11395,8.63785,9.15371,9.84153
2003-08-28,8.392999999999999,8.236,8.392999999999999,8.21,1299.01,600843,-0.0166,0.03376,0.03376,-0.09375,-0.21164,-0.23386,8.2186,8.12676,8.62411,9.13573,9.83131
2003-08-29,8.254,8.245,8.262,8.113999999999999,726.32,600843,0.00109,0.0227,0.03269,-0.09455,-0.20911,-0.23352,8.2552,8.13919,8.61023,9.11801,9.8211
2003-09-01,8.349,8.349,8.367,8.158,782.5,600843,0.01261,0.01582,0.05151,-0.07959,-0.19852,-0.2298,8.2812,8.15867,8.59858,9.1012,9.81097
2003-09-02,8.349,8.28,8.384,8.219,633.18,600843,-0.00826,0.00963,-0.00719,-0.06935,-0.20576,-0.23883,8.297,8.15581,8.58863,9.08376,9.80041
2003-09-03,8.262,8.427,8.514,8.193,1551.41,600843,0.01775,0.00621,0.01997,-0.04064,-0.20206,-0.2344,8.3074,8.16367,8.58287,9.06641,9.78992
2003-09-04,8.445,8.349,8.541,8.323,1536.86,600843,-0.00926,0.01372,0.01805,-0.0598,-0.21221,-0.24354,8.33,8.17071,8.57431,9.04812,9.779
2003-09-05,8.332,8.158,8.392999999999999,8.149,951.0,600843,-0.02288,-0.01055,-0.01782,-0.13471,-0.22082,-0.27472,8.3126,8.16367,8.55382,9.02933,9.76643
2003-09-08,8.113999999999999,8.106,8.158,8.052999999999999,374.7,600843,-0.00637,-0.02911,-0.0032,-0.1488,-0.22245,-0.27157,8.264,8.16243,8.53097,9.01047,9.75415
2003-09-09,8.097000000000001,8.106,8.132,8.097000000000001,173.12,600843,0.0,-0.02101,-0.00418,-0.13054,-0.22468,-0.28895,8.2292,8.16081,8.51134,8.99137,9.74076
2003-09-10,8.106,8.088,8.106,8.01,398.95,600843,-0.00222,-0.04023,-0.01486,-0.12675,-0.219,-0.31417,8.1614,8.155,8.4924,8.97293,9.7257
2003-09-11,8.088,8.062000000000001,8.123,8.045,252.05,600843,-0.00321,-0.03438,0.0,-0.18475,-0.21637,-0.29835,8.104,8.155,8.46294,8.95484,9.71176
2003-09-12,8.019,7.949,8.036,7.914,868.6,600843,-0.01402,-0.02562,-0.01621,-0.18102,-0.21816,-0.2943,8.0622,8.14876,8.4346,8.9368,9.69829
2003-09-15,7.88,7.897,7.957999999999999,7.853,588.33,600843,-0.00654,-0.02578,-0.00879,-0.16698,-0.2175,-0.30405,8.0204,8.14543,8.40906,8.91896,9.68426
2003-09-16,7.906000000000001,7.957999999999999,8.001,7.906000000000001,507.89,600843,0.00772,-0.01826,0.00113,-0.15358,-0.20253,-0.30285,7.9908,8.14586,8.38577,8.90253,9.67021
2003-09-17,7.94,7.897,7.94,7.897,297.8,600843,-0.00767,-0.02362,-0.0184,-0.13929,-0.21454,-0.31229,7.9526,8.13881,8.36516,8.88499,9.65563
2003-09-18,8.245,8.019,8.245,7.836,551.64,600843,0.01545,-0.00533,0.00438,-0.11597,-0.19147,-0.30118,7.944,8.14048,8.34819,8.86955,9.64159
2003-09-19,8.027000000000001,8.201,8.262,7.957999999999999,1966.1,600843,0.0227,0.0317,0.02937,-0.08888,-0.17628,-0.26849,7.9944,8.15162,8.33529,8.85528,9.62935
2003-09-22,8.184,8.08,8.193,8.001,406.06,600843,-0.01475,0.02317,0.00223,-0.09711,-0.18466,-0.27534,8.031,8.15248,8.32127,8.84041,9.61687
2003-09-23,7.836,8.167,8.219,7.836,664.57,600843,0.01077,0.02626,-0.00633,-0.08657,-0.1846,-0.2595,8.0728,8.15,8.30879,8.82537,9.60524
2003-09-24,8.158,8.132,8.349,8.08,801.75,600843,-0.00429,0.02976,-0.00841,-0.07423,-0.19117,-0.26573,8.1198,8.14671,8.29827,8.80975,9.59327
2003-09-25,8.132,7.9670000000000005,8.175,7.957999999999999,344.0,600843,-0.02029,-0.00648,-0.04872,-0.09661,-0.20402,-0.27717,8.1094,8.12729,8.28453,8.79315,9.58085
2003-09-26,8.001,8.001,8.019,7.949,225.35,600843,0.00427,-0.02439,-0.02853,-0.09542,-0.20118,-0.28242,8.0694,8.1161,8.27092,8.77676,9.56805
2003-09-29,7.906000000000001,7.94,8.052999999999999,7.897,455.9,600843,-0.00762,-0.01733,-0.03699,-0.11453,-0.21261,-0.28597,8.0414,8.10157,8.25435,8.75933,9.55513
2003-09-30,8.036,8.001,8.036,7.871,226.63,600843,0.00768,-0.02033,-0.04168,-0.09807,-0.20774,-0.26805,8.0082,8.085,8.24032,8.74228,9.54322
2003-10-08,7.9670000000000005,7.992999999999999,8.01,7.9670000000000005,168.68,600843,-0.001,-0.01709,-0.03466,-0.09724,-0.20618,-0.26824,7.9804,8.07133,8.22644,8.7254,9.5313
2003-10-09,8.01,7.88,8.01,7.88,356.94,600843,-0.01414,-0.01092,-0.06491,-0.116,-0.22096,-0.27859,7.963,8.04529,8.20976,8.70723,9.51893
2003-10-10,7.914,8.219,8.392999999999999,7.871,1625.72,600843,0.04302,0.02725,-0.01557,-0.06983,-0.1868,-0.26636,8.0066,8.0391,8.19981,8.69188,9.5068
2003-10-13,8.175,8.584,8.958,8.158,8157.02,600843,0.04441,0.08111,0.05222,-0.0342,-0.14297,-0.23432,8.1354,8.05938,8.1949,8.68024,9.49613
2003-10-14,8.48,8.471,8.558,8.367,2852.15,600843,-0.01316,0.05874,0.04503,-0.04692,-0.14916,-0.24541,8.2294,8.07676,8.18818,8.66816,9.48493
2003-10-15,8.436,8.392999999999999,8.871,8.384,3606.73,600843,-0.00921,0.05004,0.03541,-0.04549,-0.14662,-0.25236,8.3094,8.09043,8.18173,8.65644,9.47341
2003-10-16,8.332,8.001,8.349,7.975,2334.39,600843,-0.04671,0.01536,-0.01076,-0.0909,-0.18081,-0.29674,8.3336,8.08629,8.16882,8.64208,9.45969
2003-10-17,8.001,8.062000000000001,8.167,7.9670000000000005,840.8,600843,0.00762,-0.0191,0.0,-0.08945,-0.17902,-0.2828,8.3022,8.08629,8.15605,8.62779,9.44676
2003-10-20,8.001,7.94,8.088,7.914,932.69,600843,-0.01513,-0.07502,-0.00113,-0.10404,-0.18706,-0.27759,8.1734,8.08586,8.14118,8.61293,9.43436
2003-10-21,7.957999999999999,8.001,8.001,7.88,850.48,600843,0.00768,-0.05548,0.01317,-0.08098,-0.17439,-0.26958,8.0794,8.09081,8.12981,8.5992,9.42236
2003-10-22,7.897,8.288,8.332,7.897,1739.67,600843,0.03587,-0.01251,0.04147,-0.00838,-0.16628,-0.22679,8.0584,8.10652,8.12868,8.58576,9.41248
2003-10-23,8.349,8.193,8.436,8.184,1393.5,600843,-0.01146,0.024,0.03748,-0.01253,-0.17201,-0.23408,8.0968,8.12062,8.127,8.57192,9.4023
2003-10-24,8.201,8.28,8.297,8.071,895.23,600843,0.01062,0.02704,0.03255,-0.01849,-0.14365,-0.22041,8.1404,8.13305,8.12448,8.56063,9.39278
2003-10-27,8.297,8.193,8.41,8.149,2036.0,600843,-0.01051,0.03186,-0.00098,-0.01974,-0.15397,-0.23186,8.191,8.13267,8.12182,8.5485,9.38273
2003-10-28,8.219,7.975,8.219,7.888,2151.86,600843,-0.02661,-0.00325,-0.013,-0.01931,-0.18281,-0.24105,8.1858,8.12767,8.11929,8.534,9.37243
2003-10-29,7.957999999999999,7.445,8.019,7.227,2456.15,600843,-0.06646,-0.10171,-0.0884,-0.05926,-0.24592,-0.30251,8.0172,8.09329,8.11173,8.51426,9.3593
2003-10-30,7.419,7.349,7.479,7.2620000000000005,1236.35,600843,-0.01289,-0.10301,-0.09629,-0.08149,-0.25962,-0.30163,7.8484,8.056,8.10121,8.49331,9.3464
2003-10-31,7.358,7.358,7.523,7.114,619.79,600843,0.00122,-0.11135,-0.07644,-0.07644,-0.23601,-0.29568,7.664,8.027,8.09139,8.47483,9.33385
2003-11-03,7.297000000000001,7.306,7.41,7.14,731.93,600843,-0.00707,-0.10826,-0.08686,-0.08492,-0.23537,-0.29506,7.4866,7.9939,8.08045,8.45654,9.32141
2003-11-04,7.314,7.436,7.532,7.252999999999999,1536.8,600843,0.01779,-0.06759,-0.06348,-0.06348,-0.19375,-0.29637,7.3788,7.9699,8.07232,8.44202,9.30868
2003-11-05,7.513999999999999,8.184,8.184,7.513999999999999,13183.19,600843,0.10059,0.09926,0.02287,-0.01871,-0.10528,-0.22668,7.5266,7.97862,8.06981,8.43419,9.29893
2003-11-06,8.158,7.74,8.158,7.74,7459.31,600843,-0.05425,0.0532,-0.03165,-0.06318,-0.12493,-0.26864,7.6048,7.96657,8.06139,8.4252,9.28737
2003-11-13,7.479,6.966,7.566,6.966,6479.79,600843,-0.1,-0.05328,-0.11599,-0.15059,-0.20561,-0.32244,7.5264,7.92305,8.04147,8.41054,9.2739
2003-11-14,6.531000000000001,6.678999999999999,6.74,6.479,3492.05,600843,-0.0412,-0.08582,-0.18737,-0.19588,-0.21608,-0.34699,7.401,7.84971,8.01523,8.39558,9.25947
2003-11-17,6.653,6.479,6.653,6.445,2191.35,600843,-0.02994,-0.1287,-0.24522,-0.20327,-0.21228,-0.37624,7.2096,7.74948,7.98856,8.38138,9.24359
2003-11-18,6.523,6.436,6.584,6.401,1470.15,600843,-0.00664,-0.21359,-0.24023,-0.20934,-0.23372,-0.37075,6.86,7.65257,7.96108,8.36542,9.22817
2003-11-19,6.436,6.617999999999999,6.627000000000001,6.436,1885.78,600843,0.02828,-0.14496,-0.21149,-0.19391,-0.2327,-0.35245,6.6356,7.56805,7.9354,8.34911,9.21353
2003-11-20,6.601,6.897,6.914,6.558,3822.88,600843,0.04216,-0.00991,-0.13798,-0.14451,-0.19258,-0.32567,6.6218,7.51548,7.91661,8.33573,9.19999
2003-11-21,6.853,6.645,6.984,6.636,2706.45,600843,-0.03654,-0.00509,-0.17576,-0.1776,-0.23161,-0.36069,6.615,7.448,7.89347,8.31945,9.18475
2003-11-24,6.471,6.914,6.914,6.471,2158.68,600843,0.04048,0.06714,-0.12922,-0.13217,-0.22818,-0.34903,6.702,7.39914,7.87648,8.30283,9.16968
2003-11-25,6.957999999999999,7.2010000000000005,7.3839999999999995,6.957999999999999,6434.68,600843,0.04151,0.11886,-0.09999,-0.0941,-0.18439,-0.3186,6.855,7.36105,7.86442,8.28959,9.15599
2003-11-26,7.175,7.332000000000001,7.523,7.045,3796.3,600843,0.01819,0.10789,-0.11535,-0.08863,-0.15879,-0.29971,6.9978,7.31552,7.85292,8.27834,9.14324
2003-11-27,7.306,7.01,7.306,6.984,2263.2,600843,-0.04392,0.01638,-0.14439,-0.12199,-0.19435,-0.31308,7.0204,7.25919,7.83721,8.26459,9.13025
2003-11-28,7.01,7.097,7.132000000000001,6.957999999999999,1178.65,600843,0.01241,0.06802,-0.14287,-0.1092,-0.20375,-0.29516,7.1108,7.20286,7.82318,8.24983,9.11817
2003-12-01,7.114,7.184,7.2010000000000005,7.027,1438.17,600843,0.01226,0.03905,-0.12315,-0.10891,-0.19597,-0.27177,7.1648,7.15481,7.80902,8.23559,9.10727
2003-12-02,7.2620000000000005,7.175,7.297000000000001,7.097,2305.89,600843,-0.00125,-0.00361,-0.10031,-0.12702,-0.20171,-0.27489,7.1596,7.11671,7.79218,8.22085,9.09621
2003-12-03,7.175,7.132000000000001,7.175,7.062,1675.01,600843,-0.00599,-0.02728,-0.04204,-0.13035,-0.21445,-0.25832,7.1196,7.10181,7.77494,8.20502,9.08611
2003-12-04,7.132000000000001,7.149,7.245,7.122999999999999,1227.96,600843,0.00238,0.01983,-0.02721,-0.14639,-0.21336,-0.26063,7.1474,7.09229,7.75516,8.18926,9.07587
2003-12-05,7.132000000000001,7.166,7.2010000000000005,7.132000000000001,823.54,600843,0.00238,0.00972,-0.02609,-0.12992,-0.21305,-0.26518,7.1612,7.08314,7.7379,8.17349,9.06536
2003-12-08,7.184,6.984,7.192,6.966,832.03,600843,-0.0254,-0.02784,-0.04407,-0.15294,-0.23007,-0.32665,7.1212,7.06781,7.71756,8.15652,9.05159
2003-12-09,6.957999999999999,6.94,7.053,6.853,1042.51,600843,-0.0063,-0.03275,-0.0667,-0.16876,-0.21996,-0.30711,7.0742,7.04419,7.69484,8.14061,9.03908
2003-12-10,6.914,6.992000000000001,7.001,6.897,1292.95,600843,0.00749,-0.01963,-0.14565,-0.15556,-0.20401,-0.28412,7.0462,6.98743,7.67406,8.12604,9.0278
2003-12-11,7.01,6.966,7.071000000000001,6.914,1203.34,600843,-0.00372,-0.0256,-0.1,-0.17337,-0.21554,-0.32787,7.0096,6.95057,7.6505,8.11048,9.01399
2003-12-12,7.027,7.2620000000000005,7.471,6.966,6955.33,600843,0.04249,0.0134,0.04249,-0.1302,-0.22974,-0.29775,7.0288,6.96467,7.63297,8.09287,9.00147
2003-12-15,7.218999999999999,7.252999999999999,7.506,7.132000000000001,3881.48,600843,-0.00124,0.03852,0.08594,-0.11093,-0.23837,-0.27752,7.0826,6.992,7.61837,8.07441,8.99015
2003-12-16,7.175,7.636,7.914,7.0360000000000005,10104.56,600843,0.05281,0.10029,0.17858,-0.05798,-0.18095,-0.26108,7.2218,7.0471,7.61079,8.0607,8.97918
2003-12-17,7.532,7.671,8.001,7.479,12818.66,600843,0.00458,0.09711,0.19189,-0.05366,-0.17178,-0.29189,7.3576,7.1059,7.60377,8.04776,8.96633
2003-12-18,7.575,7.393,7.819,7.271,5582.61,600843,-0.03624,0.0613,0.1171,-0.08593,-0.2524,-0.32037,7.443,7.14281,7.59256,8.02747,8.95216
2003-12-19,7.445,6.723,7.523,6.653,6701.84,600843,-0.09063,-0.07422,-0.02523,-0.16609,-0.30734,-0.36701,7.3352,7.13452,7.57097,8.00322,8.93631
2003-12-22,6.575,6.871,6.888,6.531000000000001,3458.65,600843,0.02201,-0.05267,0.03401,-0.13561,-0.27521,-0.36173,7.2588,7.14529,7.55358,7.98201,8.92048
2003-12-23,6.871,6.914,7.001,6.827000000000001,2086.68,600843,0.00626,-0.09455,0.0,-0.12448,-0.26462,-0.35226,7.1144,7.14529,7.53773,7.96178,8.9052
2003-12-24,6.827000000000001,6.949,6.957999999999999,6.784,1481.53,600843,0.00506,-0.09412,-0.035,-0.12679,-0.24262,-0.34295,6.97,7.13329,7.52145,7.94368,8.89046
2003-12-25,6.914,6.914,7.132000000000001,6.871,1854.95,600843,-0.00504,-0.06479,-0.05701,-0.12448,-0.23779,-0.34008,6.8742,7.11338,7.5056,7.92615,8.87597
2003-12-26,6.792000000000001,6.888,6.914,6.792000000000001,1728.94,600843,-0.00376,0.02454,-0.0174,-0.14104,-0.23475,-0.33635,6.9072,7.10757,7.48735,7.90897,8.86178
2003-12-29,6.871,6.784,6.94,6.766,860.0,600843,-0.0151,-0.01266,-0.0441,-0.17278,-0.24193,-0.32825,6.8898,7.09267,7.4645,7.89137,8.8483
2004-01-02,6.897,6.784,6.897,6.723,889.35,600843,0.0,-0.0188,-0.05568,-0.1604,-0.24125,-0.3237,6.8638,7.07362,7.4436,7.87383,8.83511
2004-01-05,6.766,6.671,6.766,6.601,2584.85,600843,-0.01666,-0.04001,-0.07024,-0.18318,-0.24055,-0.33747,6.8082,7.04962,7.41947,7.85665,8.82129
2004-01-06,6.697,6.749,6.827000000000001,6.671,1422.01,600843,0.01169,-0.02386,-0.0537,-0.17007,-0.23472,-0.33172,6.7752,7.03138,7.39716,7.83982,8.80767
2004-01-07,6.757999999999999,6.688,6.775,6.5920000000000005,2209.79,600843,-0.00904,-0.02904,-0.06448,-0.16054,-0.24387,-0.34076,6.7352,7.00943,7.37653,7.82228,8.79362
2004-01-08,6.688,6.932,6.94,6.636,2837.2,600843,0.03648,0.02182,-0.03265,-0.13361,-0.22694,-0.32325,6.7648,6.99829,7.35929,7.80574,8.78016
2004-01-09,6.932,6.932,7.132000000000001,6.879,3095.86,600843,0.0,0.02182,-0.00745,-0.12695,-0.21858,-0.32522,6.7944,6.99581,7.34303,7.78998,8.76658
2004-01-12,6.957999999999999,6.914,7.027,6.792000000000001,1248.3,600843,-0.0026,0.03643,-0.00375,-0.13586,-0.21911,-0.32553,6.843,6.99457,7.3255,7.7742,8.75302
2004-01-13,6.914,7.045,7.071000000000001,6.853,2416.28,600843,0.01895,0.04386,0.00758,-0.1186,-0.20967,-0.31728,6.9022,6.9971,7.31021,7.75901,8.73971
2004-01-14,7.045,7.045,7.087999999999999,6.975,1370.14,600843,0.0,0.05338,0.01134,-0.10596,-0.20269,-0.30557,6.9736,7.00086,7.29674,7.74445,8.72711
2004-01-15,7.062,6.94,7.071000000000001,6.914,1033.9,600843,-0.0149,0.00115,-0.04434,-0.15562,-0.21917,-0.29757,6.9752,6.98552,7.27611,7.72861,8.71515
2004-01-16,6.94,6.94,6.966,6.871,1133.98,600843,0.0,0.00115,-0.04315,-0.19152,-0.21917,-0.2997,6.9768,6.97062,7.2496,7.71277,8.70308
2004-01-29,6.94,7.175,7.175,6.914,2011.03,600843,0.03386,0.03775,-0.06037,-0.15299,-0.18401,-0.26538,7.029,6.94867,7.22869,7.69962,8.69254
2004-01-30,7.2010000000000005,7.218999999999999,7.3229999999999995,7.149,3486.48,600843,0.00613,0.0247,-0.05892,-0.13988,-0.17975,-0.25799,7.0638,6.92714,7.20976,7.68676,8.68234
2004-02-02,7.218999999999999,7.3660000000000005,7.3839999999999995,7.114,3330.56,600843,0.02036,0.04556,-0.00365,-0.07937,-0.16806,-0.24467,7.128,6.92586,7.19952,7.67466,8.67264
2004-02-03,7.3660000000000005,7.513999999999999,7.513999999999999,7.306,3507.0,600843,0.02009,0.08271,0.11766,-0.06797,-0.15211,-0.23123,7.2428,6.96352,7.19068,7.6637,8.66346
2004-02-04,7.532,7.836,7.957999999999999,7.532,8486.36,600843,0.04285,0.12911,0.14045,-0.0131,-0.09993,-0.20688,7.422,7.00948,7.189,7.65663,8.65515
2004-02-05,7.853,7.766,7.914,7.671,4348.99,600843,-0.00893,0.08237,0.12323,-0.02937,-0.07083,-0.21635,7.5402,7.05005,7.18521,7.65181,8.64643
2004-02-06,7.766,7.845,8.323,7.68,7247.25,600843,0.01017,0.08672,0.12894,-0.05345,-0.05448,-0.22088,7.6654,7.09271,7.17806,7.64814,8.63739
2004-02-09,7.74,7.9670000000000005,8.036,7.74,3233.3,600843,0.01555,0.08159,0.1523,-0.02758,-0.0556,-0.21585,7.7856,7.14286,7.17442,7.64433,8.62848
2004-02-10,8.14,8.193,8.323,8.052999999999999,7278.77,600843,0.02837,0.09036,0.18946,-0.01051,-0.01974,-0.18078,7.9214,7.205,7.17302,7.64298,8.62113
2004-02-11,8.219,8.071,8.41,7.9670000000000005,4953.45,600843,-0.01489,0.02999,0.18971,-0.01489,-0.0075,-0.19907,7.9684,7.26629,7.17105,7.64249,8.61297
2004-02-12,8.071,8.088,8.175,8.001,3420.54,600843,0.00211,0.04146,0.19222,0.01417,0.02199,-0.22133,8.0328,7.32838,7.17287,7.6439,8.60363
2004-02-13,8.088,7.871,8.254,7.871,2601.15,600843,-0.02683,0.00331,0.17988,0.05722,-0.01625,-0.23996,8.038,7.38552,7.17974,7.64285,8.59352
2004-02-16,7.827000000000001,8.052999999999999,8.071,7.653,2482.64,600843,0.02312,0.01079,0.19321,0.0958,0.01079,-0.23026,8.0552,7.44762,7.1911,7.64354,8.58373
2004-02-17,8.071,8.14,8.245,8.001,4723.52,600843,0.0108,-0.00647,0.21711,0.10628,0.01954,-0.21572,8.0446,7.51676,7.20371,7.64481,8.57463
2004-02-18,8.14,8.288,8.323,8.001,4761.86,600843,0.01818,0.02689,0.19561,0.13441,0.04383,-0.2078,8.088,7.58133,7.21955,7.64764,8.56579
2004-02-19,8.332,8.21,8.349,8.001,2352.52,600843,-0.00941,0.01508,0.18436,0.10409,-0.01559,-0.21126,8.1124,7.64219,7.23203,7.64659,8.55685
2004-02-20,8.175,8.549,8.662,8.175,10884.88,600843,0.04129,0.08614,0.23648,0.0446,0.03474,-0.17329,8.248,7.72005,7.23792,7.64892,8.54957
2004-02-23,8.541,8.601,8.932,8.541,11162.71,600843,0.00608,0.06805,0.22087,0.11124,0.04877,-0.14968,8.3576,7.79414,7.25181,7.65217,8.54341
2004-02-24,8.593,9.071,9.219,8.558,18649.99,600843,0.05464,0.11437,0.28758,0.30218,0.0921,-0.11381,8.5438,7.89062,7.28576,7.65839,8.53868
2004-02-25,9.106,8.567,9.219,8.523,11452.6,600843,-0.05556,0.03366,0.23444,0.28268,0.05349,-0.16672,8.5996,7.9681,7.31621,7.66193,8.53171
2004-02-26,8.523,8.21,8.61,8.106,8684.45,600843,-0.04167,0.0,0.183,0.26717,0.0086,-0.19965,8.5996,8.02857,7.34413,7.6625,8.52339
2004-02-27,8.167,8.697000000000001,8.722999999999999,8.123,8382.55,600843,0.05932,0.01731,0.21213,0.35131,0.05932,-0.1553,8.6292,8.10105,7.3806,7.66646,8.51689
2004-03-01,8.654,8.845,9.027999999999999,8.48,6616.03,600843,0.01702,0.02837,0.22524,0.33651,0.09712,-0.13716,8.678,8.17848,7.41652,7.67282,8.51117
2004-03-02,8.793,8.697000000000001,8.871,8.567,3832.9,600843,-0.01673,-0.04123,0.1807,0.26098,0.07636,-0.16815,8.6032,8.24186,7.44555,7.67784,8.50402
2004-03-03,8.436,8.671,8.697000000000001,8.392999999999999,3794.45,600843,-0.00299,0.01214,0.15398,0.30489,0.08836,-0.16825,8.624,8.29695,7.47823,7.68356,8.49689
2004-03-04,8.654,8.993,9.132,8.445,8333.63,600843,0.03714,0.09537,0.14765,0.30069,0.13134,-0.13918,8.7806,8.35205,7.51176,7.69205,8.49098
2004-03-05,8.949,8.636000000000001,9.001,8.61,4926.46,600843,-0.0397,-0.00701,0.11203,0.19928,0.07346,-0.19605,8.7684,8.39348,7.5349,7.69685,8.48242
2004-03-08,8.61,9.088,9.201,8.506,14314.14,600843,0.05234,0.02747,0.15844,0.2395,0.13828,-0.13948,8.817,8.45267,7.56323,7.70583,8.47643
2004-03-09,9.027999999999999,9.141,9.392999999999999,8.906,12256.55,600843,0.00583,0.05105,0.14736,0.30399,0.14736,-0.12818,8.9058,8.50857,7.5976,7.71537,8.47097
2004-03-10,9.132,9.532,9.793,9.123,18742.23,600843,0.04277,0.0993,0.16343,0.3431,0.18234,-0.09546,9.078,8.57233,7.63687,7.72733,8.46688
2004-03-11,9.41,9.567,9.706,9.306000000000001,10735.45,600843,0.00367,0.06383,0.18535,0.33171,0.16401,-0.09924,9.1928,8.64357,7.67531,7.73828,8.4626
2004-03-12,9.532,9.48,9.61,9.332,7241.9,600843,-0.00909,0.09773,0.17211,0.32125,0.15596,-0.08459,9.3616,8.70986,7.71248,7.74868,8.45904
2004-03-15,9.48,9.558,9.671,9.306000000000001,7064.74,600843,0.00823,0.05172,0.21433,0.34016,0.14125,-0.0724,9.4556,8.79019,7.75161,7.7583,8.456
2004-03-16,9.567,9.862,10.045,9.462,11473.75,600843,0.03181,0.07888,0.22464,0.37949,0.19743,-0.056,9.5998,8.87633,7.79537,7.77152,8.45363
2004-03-17,9.871,9.81,9.871,9.575,8254.9,600843,-0.00527,0.02916,0.20516,0.36896,0.18981,-0.05899,9.6554,8.95586,7.83802,7.78424,8.45113
2004-03-18,9.722999999999999,9.532,9.967,9.445,6120.44,600843,-0.02834,-0.00366,0.1501,0.36483,0.14169,-0.08496,9.6484,9.0151,7.87911,7.79386,8.44753
2004-03-19,9.48,9.506,9.645,9.315,4619.2,600843,-0.00273,0.00274,0.15786,0.36974,0.14807,-0.08815,9.6536,9.07681,7.9205,7.80383,8.44379
2004-03-22,9.515,9.375,9.558,9.28,4097.06,600843,-0.01378,-0.01915,0.09662,0.34082,0.1125,-0.1123,9.617,9.11614,7.95894,7.81154,8.43897
2004-03-23,9.271,9.236,9.427999999999999,9.184,4250.63,600843,-0.01483,-0.06348,0.07383,0.32587,0.10624,-0.12851,9.4918,9.14638,7.99555,7.81875,8.43343
2004-03-24,9.21,9.288,9.349,9.21,2179.07,600843,0.00563,-0.05321,0.02392,0.27899,0.13851,-0.11289,9.3874,9.15671,8.02823,7.82793,8.42863
2004-03-25,9.219,9.062000000000001,9.288,9.036,3331.99,600843,-0.02433,-0.04931,0.05778,0.24941,0.11794,-0.13074,9.2934,9.18029,8.0574,7.83571,8.42309
2004-03-26,9.062000000000001,9.132,9.193,9.054,2449.5,600843,0.00772,-0.03934,0.1123,0.19591,0.12657,-0.12654,9.2186,9.22419,8.08153,7.84405,8.41771
2004-03-29,9.097000000000001,9.001,9.141,8.967,2126.64,600843,-0.01435,-0.03989,0.03495,0.17338,0.11288,-0.13084,9.1438,9.23867,8.10298,7.85147,8.4122
2004-03-30,8.958,9.228,9.262,8.871,1990.6,600843,0.02522,-0.00087,0.0433,0.24821,0.14463,-0.10303,9.1422,9.2569,8.13258,7.86095,8.40789
2004-03-31,9.306000000000001,9.357999999999999,9.375,9.21,2854.72,600843,0.01409,0.00754,0.076,0.39194,0.17726,-0.07957,9.1562,9.28838,8.17508,7.87241,8.40461
2004-04-01,9.384,9.306000000000001,9.384,9.193,2006.71,600843,-0.00556,0.02693,0.07323,0.35439,0.17842,-0.07788,9.205,9.31862,8.21435,7.88386,8.40141
2004-04-02,9.254,9.167,9.306000000000001,9.132,2797.53,600843,-0.01494,0.00383,0.01935,0.32586,0.15192,-0.08137,9.212,9.3269,8.25069,7.89369,8.39811
2004-04-05,9.21,9.332,9.392999999999999,9.21,2976.52,600843,0.018,0.03677,0.08059,0.34293,0.18171,-0.07181,9.2782,9.36005,8.28913,7.90536,8.39517
2004-04-06,9.341000000000001,9.471,9.541,9.332,3658.72,600843,0.01489,0.02633,0.04214,0.36983,0.18107,-0.04507,9.3268,9.37829,8.33037,7.91716,8.39336
2004-04-07,9.523,9.48,9.61,9.332,3086.58,600843,0.00095,0.01304,0.03709,0.37631,0.15596,-0.04781,9.3512,9.39443,8.37218,7.92756,8.39142
2004-04-08,9.558,9.349,9.558,9.306000000000001,1844.46,600843,-0.01382,0.00462,-0.0192,0.3781,0.15705,-0.05661,9.3598,9.38571,8.41355,7.93788,8.38914
2004-04-09,9.349,9.071,9.436,8.958,2882.61,600843,-0.02974,-0.01047,-0.05184,0.33712,0.11069,-0.09435,9.3406,9.3621,8.45044,7.94523,8.3853
2004-04-12,8.975,9.019,9.08,8.871,1084.35,600843,-0.00573,-0.03354,-0.04863,0.35197,0.10908,-0.10294,9.278,9.34014,8.48831,7.95244,8.38109
2004-04-13,9.019,9.01,9.167,8.871,2318.65,600843,-0.001,-0.04867,-0.05733,0.33501,0.13092,-0.09981,9.1858,9.31405,8.52477,7.96092,8.37703
2004-04-14,9.01,8.687999999999999,9.062000000000001,8.419,2000.65,600843,-0.03574,-0.08354,-0.11904,0.29904,0.08586,-0.13259,9.0274,9.25814,8.55703,7.9665,8.37163
2004-04-15,8.61,8.61,8.862,8.567,1182.48,600843,-0.00898,-0.07905,-0.12232,0.24207,0.08438,-0.14617,8.8796,9.201,8.5841,7.97195,8.36564
2004-04-16,8.61,8.314,8.783999999999999,8.088,1847.31,600843,-0.03438,-0.08345,-0.12778,0.19937,0.03912,-0.17675,8.7282,9.143,8.60639,7.9745,8.35839
2004-04-19,8.48,8.357999999999999,8.593,8.323,1388.84,600843,0.00529,-0.07329,-0.12077,0.20885,0.04566,-0.16993,8.596,9.08833,8.62968,7.97746,8.35143
2004-04-20,8.262,8.523,8.558,8.193,1092.76,600843,0.01974,-0.05405,-0.09088,0.20979,0.0816,-0.15739,8.4986,9.04776,8.65352,7.98269,8.34496
2004-04-21,8.488,8.523,8.601,8.375,768.2,600843,0.0,-0.01899,-0.0772,0.20979,0.03699,-0.15672,8.4656,9.01381,8.67735,7.98516,8.33852
2004-04-22,8.41,8.593,8.654,8.41,875.4,600843,0.00821,-0.00197,-0.07483,0.23818,0.00105,-0.14207,8.4622,8.98071,8.70402,7.98524,8.33274
2004-04-23,8.523,8.384,8.523,8.349,877.22,600843,-0.02432,0.00842,-0.07482,0.20807,-0.01027,-0.15789,8.4762,8.94843,8.72731,7.98453,8.32635
2004-04-26,8.332,8.567,8.593,8.332,884.94,600843,0.02183,0.02501,-0.06187,0.19401,0.02073,-0.12893,8.518,8.92152,8.74976,7.98594,8.32119
2004-04-27,8.593,8.671,8.68,8.401,1174.56,600843,0.01214,0.01736,-0.03666,0.20114,0.08374,-0.11221,8.5476,8.90581,8.77318,7.99139,8.31674
2004-04-28,8.392999999999999,8.818999999999999,8.932,8.392999999999999,1938.1,600843,0.01707,0.03473,-0.04432,0.19726,0.0939,-0.10193,8.6068,8.88633,8.79661,7.99754,8.31267
2004-04-29,8.523,8.549,8.801,8.523,753.97,600843,-0.03062,-0.00512,-0.08645,0.13774,0.0767,-0.12471,8.598,8.84781,8.81331,8.0025,8.30772
2004-04-30,8.593,8.68,8.687999999999999,8.401,922.52,600843,0.01532,0.03531,-0.06727,0.10771,0.08486,-0.10432,8.6572,8.818,8.82692,8.00802,8.30361
2004-05-10,8.506,8.593,8.662,8.349,726.79,600843,-0.01002,0.00303,-0.06262,0.10649,0.0368,-0.1356,8.6624,8.79067,8.84026,8.0105,8.29813
2004-05-11,8.854,9.245,9.419,8.697000000000001,8529.48,600843,0.07588,0.0662,-0.00932,0.17846,0.1284,-0.06569,8.7772,8.78652,8.86284,8.01905,8.29548
2004-05-12,9.115,9.392999999999999,9.506,9.001,7969.31,600843,0.01601,0.06509,-0.00824,0.17899,0.13442,-0.02854,8.892,8.78281,8.88584,8.0281,8.29436
2004-05-13,9.262,9.271,9.392999999999999,9.184,2990.17,600843,-0.01299,0.08445,-0.02205,0.13158,0.13158,-0.04265,9.0364,8.77286,8.90323,8.03686,8.29268
2004-05-14,9.132,8.845,9.219,8.436,4863.51,600843,-0.04595,0.01901,-0.05391,0.0959,0.10909,-0.09366,9.0694,8.74886,8.91571,8.04393,8.28897
2004-05-17,8.68,8.532,8.818999999999999,8.48,1571.5,600843,-0.03539,-0.0071,-0.05942,0.0549,0.146,-0.13582,9.0572,8.72319,8.92287,8.05277,8.28352
2004-05-18,8.488,8.783999999999999,8.801,8.488,1295.43,600843,0.02954,-0.04986,-0.02606,0.116,0.19526,-0.11505,8.965,8.712,8.9376,8.06444,8.27887
2004-05-19,8.783999999999999,8.654,8.854,8.593,1759.2,600843,-0.0148,-0.07868,-0.03951,0.07463,0.17613,-0.10144,8.8172,8.69505,8.94729,8.07498,8.2749
2004-05-20,8.619,8.532,8.732000000000001,8.523,966.1,600843,-0.0141,-0.07971,-0.01796,0.04816,0.16781,-0.10706,8.6694,8.68762,8.95361,8.08494,8.27074
2004-05-21,8.523,8.671,8.783999999999999,8.523,752.0,600843,0.01629,-0.01967,0.00708,0.04621,0.16608,-0.05985,8.6346,8.69052,8.95979,8.09498,8.2685
2004-05-24,8.697000000000001,8.854,8.871,8.541,1970.88,600843,0.0211,0.03774,0.06495,0.07844,0.08187,-0.03203,8.699,8.71624,8.97018,8.10043,8.26731
2004-05-25,8.906,8.636000000000001,8.906,8.549,966.65,600843,-0.02462,-0.01685,0.03326,0.01018,0.11576,-0.02363,8.6694,8.72948,8.97158,8.10772,8.26646
2004-05-26,8.61,8.722999999999999,8.775,8.436,1022.41,600843,0.01007,0.00797,0.02347,0.01418,0.25223,-0.00525,8.6832,8.739,8.97355,8.122,8.26627
2004-05-27,8.836,8.888,8.906,8.741,1804.62,600843,0.01892,0.04173,0.04283,-0.02017,0.33074,0.04319,8.7544,8.75638,8.9706,8.13996,8.26777
2004-05-28,8.897,8.749,8.914,8.697000000000001,808.71,600843,-0.01564,0.009,0.01815,0.02124,0.35036,0.06371,8.77,8.76381,8.97353,8.15841,8.2699
2004-05-31,8.722999999999999,8.828,8.871,8.636000000000001,709.47,600843,0.00903,-0.00294,0.05296,0.07527,0.37166,0.05108,8.7648,8.78495,8.9835,8.17786,8.27164
2004-06-01,8.871,8.854,8.871,8.732000000000001,1955.4,600843,0.00295,0.02524,0.0335,0.01805,0.33787,0.02655,8.8084,8.79862,8.98603,8.19604,8.27257
2004-06-02,8.854,9.132,9.201,8.854,4396.45,600843,0.0314,0.04689,0.05317,0.03245,0.32405,0.06907,8.8902,8.82057,8.99066,8.21421,8.27497
2004-06-03,9.132,8.783999999999999,9.149,8.783999999999999,1772.63,600843,-0.03811,-0.0117,-0.00397,0.01,0.3219,0.01573,8.8694,8.8189,8.99206,8.2316,8.27552
2004-06-04,8.732000000000001,8.801,8.871,8.558,2293.32,600843,0.00194,0.00594,0.02948,0.01499,0.27292,-0.01753,8.8798,8.8309,8.99416,8.24694,8.27489
2004-06-07,8.567,8.097000000000001,8.61,7.922999999999999,6638.99,600843,-0.07999,-0.0828,-0.06717,-0.09963,0.12443,-0.08291,8.7336,8.80314,8.97971,8.25423,8.27191
2004-06-08,8.001,7.792999999999999,8.08,7.792999999999999,3898.65,600843,-0.03754,-0.11983,-0.0931,-0.09761,0.06288,-0.1059,8.5214,8.76505,8.96611,8.25798,8.26816
2004-06-09,7.775,7.314,7.792999999999999,7.218999999999999,2455.88,600843,-0.06147,-0.19908,-0.20887,-0.1952,0.04337,-0.15941,8.1578,8.6731,8.9375,8.26045,8.26252
2004-06-10,7.3229999999999995,7.358,7.513999999999999,7.3229999999999995,1210.2,600843,0.00602,-0.16234,-0.21665,-0.19506,0.03678,-0.17446,7.8726,8.57619,8.90874,8.26257,8.2562
2004-06-11,7.3660000000000005,7.401,7.566,7.3660000000000005,1298.37,600843,0.00584,-0.15907,-0.2017,-0.22356,0.03021,-0.17168,7.5926,8.48714,8.87437,8.26433,8.24996
2004-06-14,7.41,7.14,7.41,7.01,1263.97,600843,-0.03527,-0.11819,-0.19276,-0.25368,-0.00488,-0.20561,7.4012,8.40595,8.83523,8.26405,8.24245
2004-06-15,7.2620000000000005,7.3839999999999995,7.479,7.053,868.1,600843,0.03417,-0.05248,-0.13455,-0.2211,0.03533,-0.18669,7.3194,8.35129,8.80142,8.2661,8.23556
2004-06-16,7.1579999999999995,7.3229999999999995,7.393,7.1579999999999995,576.44,600843,-0.00826,0.00123,-0.16633,-0.23384,0.02434,-0.19421,7.3212,8.28171,8.76537,8.26751,8.22839
2004-06-17,7.218999999999999,7.34,7.358,7.149,885.0,600843,0.00232,-0.00245,-0.15184,-0.25573,0.02428,-0.19394,7.3176,8.21914,8.72469,8.26893,8.22121
2004-06-18,7.175,7.593,7.671,7.1579999999999995,1357.25,600843,0.03447,0.02594,-0.11006,-0.22599,0.0872,-0.16294,7.356,8.17443,8.68894,8.27388,8.2152
2004-06-21,7.393,7.584,7.593,7.393,842.65,600843,-0.00119,0.06218,-0.12536,-0.20436,0.0928,-0.14758,7.4448,8.12267,8.65752,8.27911,8.20986
2004-06-24,7.5489999999999995,7.723,7.827000000000001,7.462000000000001,2172.42,600843,0.01833,0.04591,-0.12774,-0.18757,0.10455,-0.12079,7.5126,8.06881,8.62876,8.28506,8.20555
2004-06-25,7.74,7.4879999999999995,7.74,7.218999999999999,1242.44,600843,-0.03043,0.02253,-0.13293,-0.20128,0.07494,-0.15676,7.5456,8.01414,8.59832,8.2893,8.19989
2004-06-28,7.2620000000000005,7.227,7.297000000000001,7.087999999999999,894.4,600843,-0.03486,-0.0154,-0.1715,-0.21752,-0.00482,-0.23345,7.523,7.9429,8.56592,8.28902,8.19094
2004-06-29,7.236000000000001,7.2620000000000005,7.34,7.062,599.85,600843,0.00484,-0.04359,-0.18294,-0.21813,0.00124,-0.23743,7.4568,7.86548,8.53324,8.28909,8.18175
2004-06-30,7.079,7.2010000000000005,7.252999999999999,7.079,598.25,600843,-0.0084,-0.0505,-0.17693,-0.20536,-0.05697,-0.22761,7.3802,7.79176,8.50323,8.28555,8.17313
2004-07-01,7.114,7.314,7.349,7.053,949.53,600843,0.01569,-0.05296,-0.1715,-0.19908,-0.04654,-0.21032,7.2984,7.71967,8.4739,8.28265,8.16521
2004-07-02,7.314,7.41,7.4879999999999995,7.252999999999999,984.59,600843,0.01313,-0.01042,-0.16309,-0.17676,0.0023,-0.25068,7.2828,7.6509,8.44824,8.28279,8.15513
2004-07-05,7.349,7.3229999999999995,7.349,7.2620000000000005,199.08,600843,-0.01174,0.01328,-0.19809,-0.20644,0.08925,-0.24552,7.302,7.56476,8.41752,8.28767,8.14544
2004-07-06,7.41,7.349,7.4270000000000005,7.332000000000001,362.52,600843,0.00355,0.01198,-0.16337,-0.21468,0.06957,-0.22479,7.3194,7.49643,8.38511,8.29155,8.13678
2004-07-07,7.349,7.236000000000001,7.349,7.175,293.0,600843,-0.01538,0.00486,-0.17782,-0.22244,0.04657,-0.23038,7.3264,7.4219,8.35173,8.29417,8.12798
2004-07-08,7.236000000000001,7.122999999999999,7.236000000000001,7.071000000000001,510.97,600843,-0.01562,-0.02611,-0.12029,-0.22297,0.02504,-0.22365,7.2882,7.37552,8.31876,8.29559,8.11963
2004-07-09,7.132000000000001,7.071000000000001,7.166,7.062,288.0,600843,-0.0073,-0.04575,-0.09265,-0.24228,0.02271,-0.22048,7.2204,7.34114,8.28229,8.29686,8.1115
2004-07-12,7.062,6.784,7.062,6.705,918.7,600843,-0.04059,-0.0736,-0.07246,-0.28371,-0.0151,-0.24631,7.1126,7.3159,8.23895,8.29602,8.10249
2004-07-13,6.914,6.818,6.922999999999999,6.784,853.0,600843,0.00501,-0.07225,-0.07339,-0.2808,0.00501,-0.23813,7.0064,7.29019,8.19602,8.29629,8.09383
2004-07-14,6.801,6.627000000000001,6.801,6.523,685.65,600843,-0.02801,-0.08416,-0.10458,-0.29115,-0.02314,-0.25881,6.8846,7.25333,8.15211,8.29502,8.08442
2004-07-15,6.2620000000000005,6.627000000000001,6.74,6.2620000000000005,818.7,600843,0.0,-0.06963,-0.07185,-0.26943,-0.0066,-0.24556,6.7854,7.2289,8.11269,8.29466,8.07565
2004-07-16,6.627000000000001,6.81,6.81,6.601,2423.55,600843,0.02761,-0.03691,-0.07774,-0.24493,0.00904,-0.2278,6.7332,7.20157,8.07706,8.29515,8.06749
2004-07-19,6.81,6.68,6.9,6.62,758.01,600843,-0.01909,-0.01533,-0.08781,-0.2586,-0.0012,-0.24477,6.7124,7.17095,8.03948,8.29509,8.05869
2004-07-20,6.79,6.68,6.79,6.5,1329.92,600843,0.0,-0.02024,-0.08992,-0.23112,-0.03635,-0.25505,6.6848,7.13952,8.0071,8.29304,8.04939
2004-07-21,6.57,6.62,6.65,6.52,488.93,600843,-0.00898,-0.00106,-0.12814,-0.23113,-0.04501,-0.25375,6.6834,7.09319,7.975,8.2905,8.04024
2004-07-22,6.62,6.55,6.71,6.54,1078.61,600843,-0.01057,-0.01162,-0.13634,-0.21217,-0.05265,-0.26022,6.668,7.04395,7.94655,8.28754,8.03087
2004-07-23,6.51,6.54,6.6,6.48,567.45,600843,-0.00153,-0.03965,-0.15318,-0.21752,-0.07168,-0.26632,6.614,6.98762,7.91723,8.28344,8.02122
2004-07-26,6.54,6.5,6.56,6.42,537.21,600843,-0.00612,-0.02695,-0.13194,-0.23736,-0.07736,-0.26437,6.578,6.94057,7.8846,8.27901,8.01173
2004-07-27,6.43,6.33,6.64,6.3,453.67,600843,-0.02615,-0.0524,-0.12412,-0.2573,-0.0879,-0.2878,6.508,6.89786,7.84923,8.27405,8.00133
2004-07-28,6.25,6.31,6.35,6.21,616.25,600843,-0.00316,-0.04683,-0.13109,-0.26568,-0.09078,-0.29005,6.446,6.85252,7.8124,8.26893,7.99085
2004-07-29,6.31,6.4,6.4,6.26,480.19,600843,0.01426,-0.0229,-0.11123,-0.23664,-0.10801,-0.27215,6.416,6.81438,7.7804,8.26263,7.98112
2004-08-03,6.19,6.21,6.34,6.19,901.95,600843,-0.02969,-0.05046,-0.15094,-0.27513,-0.13977,-0.2944,6.35,6.76181,7.74239,8.25442,7.97059
2004-08-04,6.26,6.56,6.79,6.26,5979.36,600843,0.05636,0.00923,-0.11471,-0.24346,-0.10942,-0.25909,6.362,6.72133,7.70834,8.24787,7.96126
2004-08-05,6.57,6.76,6.86,6.45,6845.59,600843,0.03049,0.06793,-0.07688,-0.23347,-0.10035,-0.23719,6.448,6.69452,7.67513,8.24174,7.95272
2004-08-06,6.7,6.63,6.8,6.55,2516.36,600843,-0.01923,0.05071,-0.09784,-0.22447,-0.15391,-0.23846,6.512,6.66029,7.64418,8.23193,7.94428
2004-08-09,6.63,6.45,6.63,6.45,1281.98,600843,-0.02715,0.00781,-0.10862,-0.25691,-0.16946,-0.22828,6.522,6.62286,7.60821,8.22124,7.93652
2004-08-10,6.57,6.7,6.75,6.47,2031.95,600843,0.03876,0.0789,-0.05939,-0.2203,-0.14595,-0.19248,6.62,6.60271,7.57768,8.21193,7.93003
2004-08-11,6.69,6.56,6.69,6.51,1142.9,600843,-0.0209,0.0,-0.07227,-0.29043,-0.1766,-0.22238,6.62,6.57838,7.53437,8.20049,7.92241
2004-08-12,6.6,6.4,6.6,6.32,1571.35,600843,-0.02439,-0.05325,-0.0566,-0.31864,-0.21885,-0.23427,6.548,6.5601,7.4861,8.18591,7.91445
2004-08-13,6.44,6.39,6.52,6.36,807.71,600843,-0.00156,-0.0362,-0.06278,-0.31075,-0.20828,-0.21422,6.5,6.53971,7.43963,8.17224,7.90737
2004-08-16,6.36,6.29,6.36,6.25,698.33,600843,-0.01565,-0.02481,-0.05085,-0.28886,-0.2223,-0.20521,6.468,6.52367,7.39842,8.15763,7.90076
2004-08-17,6.22,6.31,6.32,6.21,571.84,600843,0.00318,-0.05821,-0.04783,-0.26043,-0.19832,-0.21135,6.39,6.50857,7.36258,8.14493,7.89389
2004-08-18,6.31,6.2,6.38,6.2,438.1,600843,-0.01743,-0.05488,-0.08957,-0.29417,-0.2301,-0.22179,6.318,6.47952,7.3209,8.12987,7.88671
2004-08-19,6.18,5.73,6.18,5.7,2314.65,600843,-0.07581,-0.10469,-0.14222,-0.33788,-0.29607,-0.28231,6.184,6.43429,7.27374,8.11028,7.87754
2004-08-20,5.73,5.81,5.87,5.68,1061.77,600843,0.01396,-0.09077,-0.13024,-0.31903,-0.29899,-0.26826,6.068,6.39286,7.22984,8.09013,7.86889
2004-08-23,5.84,5.8,5.84,5.72,502.48,600843,-0.00172,-0.0779,-0.12387,-0.3311,-0.29354,-0.30456,5.97,6.35381,7.18353,8.07054,7.85856
2004-08-24,5.8,6.0,6.05,5.8,1111.6,600843,0.03448,-0.04913,-0.08397,-0.32234,-0.29816,-0.27378,5.908,6.32762,7.1375,8.04981,7.84937
2004-08-25,6.2,6.0,6.2,5.95,550.54,600843,0.0,-0.03226,-0.08257,-0.30523,-0.30241,-0.26838,5.868,6.3019,7.09498,8.02867,7.84042
2004-08-26,5.98,6.02,6.3,5.98,1429.3,600843,0.00333,0.05061,-0.07385,-0.30987,-0.33635,-0.27522,5.926,6.27905,7.05139,8.00386,7.83113
2004-08-27,6.0,5.84,6.05,5.8,695.12,600843,-0.0299,0.00516,-0.07741,-0.34293,-0.31831,-0.28185,5.932,6.25571,7.00223,7.98169,7.82181
2004-08-30,5.76,5.9,5.92,5.76,432.51,600843,0.01027,0.01724,-0.06498,-0.32564,-0.28136,-0.27518,5.952,6.23619,6.95627,7.96291,7.8127
2004-08-31,6.03,6.1,6.21,6.03,1044.1,600843,0.0339,0.01667,-0.04688,-0.30902,-0.29861,-0.257,5.972,6.2219,6.91227,7.9418,7.80413
2004-09-01,6.09,5.95,6.09,5.94,454.0,600843,-0.02459,-0.00833,-0.04187,-0.32799,-0.3273,-0.26197,5.962,6.20952,6.86544,7.91826,7.79554
2004-09-02,5.95,6.1,6.14,5.95,643.76,600843,0.02521,0.01329,-0.07012,-0.33202,-0.29861,-0.24505,5.978,6.18762,6.81653,7.89715,7.78749
2004-09-03,6.05,6.09,6.16,6.03,595.29,600843,-0.00164,0.04281,-0.09911,-0.30669,-0.29766,-0.2356,6.028,6.15571,6.77308,7.87616,7.77986
2004-09-06,6.1,6.13,6.15,6.1,622.66,600843,0.00657,0.03898,-0.07541,-0.30349,-0.31836,-0.22883,6.074,6.1319,6.73,7.85289,7.77247
2004-09-07,6.16,6.12,6.16,6.01,444.38,600843,-0.00163,0.00328,-0.05116,-0.24416,-0.29134,-0.23928,6.078,6.11619,6.69811,7.83243,7.76464
2004-09-08,6.08,6.07,6.11,6.03,221.52,600843,-0.00817,0.02017,-0.09403,-0.2211,-0.33209,-0.23973,6.102,6.08619,6.67032,7.80789,7.75686
2004-09-09,6.05,6.02,6.1,5.9,1344.87,600843,-0.00824,-0.01311,-0.08232,-0.17692,-0.34143,-0.24438,6.086,6.06048,6.64945,7.78252,7.74895
2004-09-10,5.92,6.0,6.0,5.85,369.81,600843,-0.00332,-0.01478,-0.0625,-0.18456,-0.37054,-0.25577,6.068,6.04143,6.62755,7.7538,7.74057
2004-09-13,6.01,5.83,6.01,5.8,282.51,600843,-0.02833,-0.04894,-0.08764,-0.21227,-0.39061,-0.29067,6.008,6.01476,6.60221,7.72342,7.73085
2004-09-14,6.0,6.03,6.07,5.91,817.65,600843,0.03431,-0.01471,-0.04134,-0.15546,-0.36392,-0.26472,5.99,6.00238,6.58431,7.69537,7.72203
2004-09-15,6.05,6.36,6.48,6.05,4445.46,600843,0.05473,0.04778,0.00792,-0.13868,-0.33459,-0.2406,6.048,6.00476,6.56779,7.66937,7.71384
2004-09-16,6.37,6.5,6.8,6.36,4732.76,600843,0.02201,0.07973,0.04839,-0.11239,-0.3409,-0.21078,6.144,6.01905,6.55452,7.64204,7.70678
2004-09-17,6.65,6.7,6.75,6.56,6403.56,600843,0.03077,0.11667,0.16928,-0.08719,-0.31702,-0.18739,6.284,6.06524,6.54419,7.61676,7.7005
2004-09-20,6.78,7.07,7.19,6.7,9251.61,600843,0.05522,0.21269,0.21687,-0.06888,-0.25829,-0.15319,6.532,6.12524,6.53576,7.59674,7.6953
2004-09-21,7.0,6.91,7.05,6.85,4647.59,600843,-0.02263,0.14594,0.19138,-0.08887,-0.27309,-0.16546,6.708,6.1781,6.52489,7.57563,7.68973
2004-09-22,6.88,6.68,6.91,6.66,4195.03,600843,-0.03329,0.05031,0.11333,-0.13505,-0.28747,-0.20731,6.772,6.21048,6.50806,7.55372,7.68263
2004-09-23,6.83,6.88,6.89,6.62,2418.28,600843,0.02994,0.05846,0.14667,-0.0812,-0.25509,-0.17595,6.848,6.25238,6.49826,7.53457,7.67666
2004-09-24,6.94,6.68,7.05,6.68,5049.35,600843,-0.02907,-0.00299,0.10963,-0.07569,-0.28079,-0.18117,6.844,6.28381,6.48944,7.51337,7.67065
2004-09-27,6.67,6.5,6.85,6.41,2109.55,600843,-0.02695,-0.08062,0.11301,-0.10493,-0.28272,-0.19812,6.73,6.31524,6.47715,7.49254,7.66412
2004-09-28,6.52,6.58,6.59,6.45,1076.98,600843,0.01231,-0.04776,0.11525,-0.08624,-0.27946,-0.18826,6.664,6.34762,6.46713,7.47179,7.65792
2004-09-29,6.8,6.89,7.24,6.65,9778.67,600843,0.04711,0.03144,0.12951,-0.05797,-0.23453,-0.14812,6.706,6.38524,6.46029,7.45463,7.65305
2004-09-30,6.85,6.64,6.85,6.6,1817.67,600843,-0.03628,-0.03488,0.11597,-0.10391,-0.28045,-0.17638,6.658,6.4181,6.44787,7.43359,7.64727
2004-10-08,6.65,6.94,6.95,6.61,1457.29,600843,0.04518,0.03892,0.1377,-0.0523,-0.25839,-0.12693,6.71,6.4581,6.44169,7.41393,7.64317
2004-10-11,6.92,7.05,7.18,6.9,3801.0,600843,0.01585,0.08462,0.15764,-0.04069,-0.24242,-0.10726,6.82,6.50381,6.43687,7.39559,7.63972
2004-10-12,7.05,7.0,7.08,6.9,1477.33,600843,-0.00709,0.06383,0.14192,-0.03261,-0.23639,-0.12038,6.904,6.54524,6.43306,7.37797,7.63583
2004-10-13,6.95,6.9,7.0,6.61,1056.88,600843,-0.01429,0.00145,0.12745,-0.03131,-0.26061,-0.12625,6.906,6.58238,6.42947,7.3582,7.63178
2004-10-14,6.81,6.47,6.89,6.47,2162.9,600843,-0.06232,-0.0256,0.0659,-0.085,-0.31686,-0.19317,6.872,6.60143,6.41977,7.3338,7.62548
2004-10-15,6.41,6.56,6.57,6.31,820.93,600843,0.01391,-0.05476,0.0897,-0.03302,-0.30802,-0.2001,6.796,6.62714,6.41616,7.31006,7.61881
2004-10-18,6.56,6.65,6.67,6.4,668.81,600843,0.01372,-0.05674,0.10833,-0.02464,-0.28869,-0.17698,6.716,6.6581,6.41345,7.28811,7.613
2004-10-19,6.83,6.63,6.83,6.63,821.27,600843,-0.00301,-0.05286,0.13722,0.00045,-0.2691,-0.1882,6.642,6.69619,6.4135,7.26827,7.60675
2004-10-20,6.66,6.5,6.66,6.4,732.56,600843,-0.01961,-0.05797,0.07794,-0.01916,-0.2793,-0.20069,6.562,6.71857,6.41145,7.24779,7.60011
2004-10-21,6.5,6.24,6.58,6.21,1185.4,600843,-0.04,-0.03555,-0.01887,-0.0837,-0.30744,-0.21677,6.516,6.71286,6.40226,7.22527,7.59309
2004-10-22,5.92,6.34,6.4,5.92,837.78,600843,0.01603,-0.03354,-0.02462,-0.0509,-0.27026,-0.2076,6.472,6.70524,6.39677,7.20618,7.58634
2004-10-25,6.33,6.29,6.44,6.16,1058.56,600843,-0.00789,-0.05414,-0.06119,-0.05838,-0.26945,-0.20781,6.4,6.68571,6.39048,7.18732,7.57963
2004-10-26,6.28,6.37,6.7,6.22,1114.12,600843,0.01272,-0.03922,-0.09901,-0.03776,-0.23382,-0.20385,6.348,6.65238,6.38645,7.17151,7.573
2004-10-27,6.4,6.38,6.44,6.11,899.12,600843,0.00157,-0.01846,-0.0767,-0.02595,-0.23666,-0.2018,6.324,6.62714,6.38371,7.15543,7.56645
2004-10-28,6.43,6.6,6.76,6.3,4010.53,600843,0.03448,0.05769,-0.01198,0.00917,-0.22562,-0.16244,6.396,6.62333,6.38468,7.1398,7.56124
2004-10-29,6.45,6.4,6.58,6.32,1227.74,600843,-0.0303,0.00946,-0.06977,-0.01538,-0.24909,-0.22132,6.408,6.60048,6.38306,7.12254,7.55385
2004-11-01,6.69,6.5,6.69,6.4,2170.8,600843,0.01562,0.03339,-0.02695,0.02686,-0.24357,-0.24278,6.45,6.5919,6.38581,7.10552,7.54538
2004-11-02,6.38,6.45,6.55,6.33,1639.8,600843,-0.00769,0.01256,-0.00769,0.02219,-0.23068,-0.23858,6.466,6.58952,6.38806,7.0898,7.53716
2004-11-03,6.42,6.59,6.59,6.41,1138.06,600843,0.02171,0.03292,0.00152,0.02969,-0.23077,-0.21482,6.508,6.59,6.39113,7.07372,7.52983
2004-11-04,6.53,6.35,6.63,6.31,990.57,600843,-0.03642,-0.03788,-0.07837,0.02254,-0.26767,-0.20635,6.458,6.56429,6.39339,7.05485,7.52312
2004-11-05,6.35,6.33,6.49,6.3,599.2,600843,-0.00315,-0.01094,-0.04669,-0.03506,-0.28223,-0.21484,6.444,6.54952,6.38968,7.03462,7.51608
2004-11-08,6.3,6.32,6.36,6.22,572.66,600843,-0.00158,-0.02769,-0.08934,-0.06509,-0.26073,-0.20403,6.408,6.52,6.38258,7.0165,7.5095
2004-11-09,6.27,6.35,6.38,6.26,436.07,600843,0.00475,-0.0155,-0.09929,-0.04223,-0.26843,-0.20635,6.388,6.48667,6.37806,6.99755,7.50278
2004-11-10,6.28,6.59,6.68,6.24,1997.67,600843,0.0378,0.0,-0.05857,0.02171,-0.2331,-0.20487,6.388,6.46714,6.38032,6.98127,7.49588
2004-11-11,6.6,6.6,6.7,6.54,3508.0,600843,0.00152,0.03937,-0.04348,-0.01493,-0.2861,-0.19443,6.438,6.45286,6.37871,6.95976,7.48941
2004-11-16,6.82,6.64,6.9,6.55,3067.91,600843,0.00606,0.04897,0.02628,0.0122,-0.29309,-0.19807,6.5,6.46095,6.38,6.93738,7.48274
2004-11-17,6.64,6.55,6.64,6.5,953.29,600843,-0.01355,0.03639,-0.00152,0.02344,-0.2935,-0.20054,6.546,6.46048,6.38242,6.91526,7.47606
2004-11-18,6.53,6.63,6.64,6.53,1076.28,600843,0.01221,0.04409,-0.00301,0.03756,-0.25042,-0.16865,6.602,6.45952,6.38629,6.89725,7.47059
2004-11-19,6.68,6.86,6.88,6.68,5737.3,600843,0.03469,0.04097,0.03469,0.09062,-0.19597,-0.07858,6.656,6.47048,6.39548,6.88366,7.46822
2004-11-22,6.91,7.0,7.06,6.9,5505.03,600843,0.02041,0.06061,0.07692,0.10935,-0.2031,-0.04749,6.736,6.49429,6.40661,6.86915,7.4668
2004-11-23,6.9,7.32,7.7,6.85,14104.48,600843,0.04571,0.10241,0.17308,0.18065,-0.15415,-0.00516,6.872,6.54571,6.42468,6.85831,7.46664
2004-11-24,7.28,6.92,7.28,6.9,4819.91,600843,-0.05464,0.05649,0.09148,0.20768,-0.18894,-0.05283,6.946,6.57333,6.44387,6.8452,7.46507
2004-11-25,6.8,6.8,6.93,6.6,2736.54,600843,-0.01734,0.02564,0.08108,0.1704,-0.21578,-0.08553,6.98,6.59762,6.45984,6.82999,7.46249
2004-11-26,6.8,6.79,6.87,6.67,1140.28,600843,-0.00147,-0.0102,0.06593,0.17069,-0.23311,-0.17033,6.966,6.61762,6.47581,6.81321,7.45682
2004-11-29,6.68,6.6,6.88,6.59,1559.54,600843,-0.02798,-0.05714,0.03448,0.1,-0.23576,-0.14729,6.886,6.6281,6.48548,6.79666,7.45219
2004-11-30,6.61,6.63,6.72,6.55,1058.2,600843,0.00455,-0.09426,0.00455,0.105,-0.23994,-0.04823,6.748,6.62952,6.49565,6.77964,7.45082
2004-12-01,6.61,6.66,6.75,6.57,808.01,600843,0.00452,-0.03757,0.04062,0.10631,-0.25068,-0.00284,6.696,6.6419,6.50597,6.76153,7.45074
2004-12-02,6.64,6.81,6.85,6.61,1318.09,600843,0.02252,0.00147,0.04769,0.1661,-0.22163,0.05109,6.698,6.65667,6.52161,6.74576,7.45209
2004-12-03,6.83,6.9,6.95,6.81,1824.45,600843,0.01322,0.0162,0.06977,0.16949,-0.2184,0.07209,6.72,6.6781,6.53774,6.73009,7.45398
2004-12-06,6.88,6.94,6.96,6.81,1726.77,600843,0.0058,0.05152,0.05311,0.1377,-0.21617,0.04866,6.788,6.69476,6.55129,6.71453,7.45528
2004-12-07,6.95,6.79,7.04,6.78,1212.0,600843,-0.02161,0.02413,0.06929,0.14118,-0.25646,-0.01551,6.82,6.71571,6.56484,6.69549,7.45485
2004-12-08,6.8,6.78,6.8,6.75,640.67,600843,-0.00147,0.01802,0.07109,0.11148,-0.22814,0.02032,6.844,6.73714,6.57581,6.6792,7.4554
2004-12-09,6.78,6.87,6.94,6.75,1112.16,600843,0.01327,0.00881,0.08703,0.12808,-0.21941,-0.00636,6.856,6.76333,6.58839,6.6635,7.45522
2004-12-10,6.8,6.58,6.82,6.56,1433.14,600843,-0.04221,-0.04638,0.03622,0.07341,-0.18735,-0.08624,6.792,6.77429,6.59565,6.65116,7.4527
2004-12-13,6.5,6.64,6.66,6.49,1145.37,600843,0.00912,-0.04323,0.00759,0.08497,-0.14795,-0.09438,6.732,6.77667,6.60403,6.64179,7.44988
2004-12-14,6.64,6.47,6.65,6.45,464.65,600843,-0.0256,-0.04713,-0.0197,0.0659,-0.1154,-0.07703,6.668,6.77048,6.61048,6.63493,7.44769
2004-12-15,6.45,6.29,6.45,6.2,926.1,600843,-0.02782,-0.07227,-0.05271,0.04485,-0.14515,-0.11371,6.57,6.75381,6.61484,6.62624,7.44441
2004-12-16,6.28,6.26,6.32,6.25,286.65,600843,-0.00477,-0.08879,-0.04427,0.04333,-0.15417,-0.12862,6.448,6.74,6.61903,6.61697,7.44065
2004-12-17,6.2,6.26,6.29,6.18,536.13,600843,0.0,-0.04863,-0.05581,0.07376,-0.12325,-0.12753,6.384,6.72238,6.62597,6.60981,7.43693
2004-12-20,6.25,6.19,6.26,6.08,405.19,600843,-0.01118,-0.06777,-0.09767,0.02653,-0.1617,-0.13208,6.294,6.69048,6.62855,6.60011,7.4331
2004-12-21,6.24,6.17,6.29,6.12,220.73,600843,-0.00323,-0.04637,-0.11857,-0.02987,-0.15745,-0.13694,6.234,6.65095,6.62548,6.59073,7.42912
2004-12-22,6.19,6.45,6.5,6.19,1198.61,600843,0.04538,0.02544,-0.11885,-0.00769,-0.12125,-0.09992,6.266,6.60952,6.62468,6.5835,7.42621
2004-12-23,6.45,6.28,6.45,6.27,594.0,600843,-0.02636,0.00319,-0.09249,-0.06269,-0.17292,-0.1008,6.27,6.57905,6.6179,6.57282,7.42335
2004-12-24,6.38,6.35,6.41,6.25,628.03,600843,0.01115,0.01438,-0.06618,-0.10184,-0.16271,-0.08501,6.288,6.55762,6.60629,6.56279,7.42095
2004-12-27,6.35,6.25,6.37,6.12,346.03,600843,-0.01575,0.00969,-0.07953,-0.09551,-0.19073,-0.10612,6.3,6.5319,6.59565,6.55081,7.41793
2004-12-28,6.25,6.45,6.5,6.19,835.39,600843,0.032,0.04538,-0.02273,-0.03443,-0.13862,-0.07407,6.356,6.52476,6.59194,6.54237,7.41584
2004-12-29,6.43,6.4,6.63,6.3,796.13,600843,-0.00775,-0.00775,-0.03469,-0.06977,-0.11443,-0.1187,6.346,6.51381,6.58419,6.53565,7.41233
2004-12-31,6.3,6.16,6.3,5.83,1234.44,600843,-0.0375,-0.01911,-0.07508,-0.07784,-0.15175,-0.1507,6.322,6.49,6.57581,6.52669,7.40789
2005-01-04,6.07,6.1,6.15,5.96,626.55,600843,-0.00974,-0.03937,-0.10426,-0.06154,-0.1529,-0.20115,6.272,6.45619,6.56935,6.51774,7.40165
2005-01-05,5.94,6.17,6.2,5.94,247.4,600843,0.01148,-0.0128,-0.1058,-0.06231,-0.15641,-0.19567,6.256,6.42143,6.56274,6.50844,7.39554
2005-01-06,6.08,6.05,6.11,6.04,136.6,600843,-0.01945,-0.06202,-0.12824,-0.12192,-0.18354,-0.18166,6.176,6.37905,6.54919,6.49738,7.39009
2005-01-07,6.05,6.08,6.17,6.05,350.61,600843,0.00496,-0.05,-0.10457,-0.08434,-0.16974,-0.09564,6.112,6.34524,6.54016,6.48728,7.38747
2005-01-10,6.01,6.11,6.15,6.01,213.15,600843,0.00493,-0.00812,-0.09882,-0.1196,-0.16859,-0.11076,6.102,6.31333,6.52677,6.4772,7.38438
2005-01-11,6.11,6.14,6.17,6.08,231.0,600843,0.00491,0.00656,-0.10626,-0.12908,-0.15146,-0.11195,6.11,6.27857,6.5121,6.46829,7.38123
2005-01-12,6.09,6.09,6.09,6.02,276.36,600843,-0.00814,-0.01297,-0.07447,-0.13,-0.14502,-0.12361,6.094,6.25524,6.49742,6.45989,7.37774
2005-01-13,6.04,6.14,6.15,6.04,412.48,600843,0.00821,0.01488,-0.0753,-0.11014,-0.13166,-0.11195,6.112,6.23143,6.48516,6.45233,7.37459
2005-01-14,6.15,6.25,6.45,6.15,2197.2,600843,0.01792,0.02796,-0.034,-0.034,-0.07871,-0.09262,6.146,6.22095,6.48161,6.44798,7.372
2005-01-17,6.15,6.11,6.25,6.06,710.39,600843,-0.0224,0.0,-0.02862,-0.0686,-0.10384,-0.09935,6.146,6.21238,6.47435,6.44223,7.36926
2005-01-18,6.1,6.16,6.2,6.1,521.33,600843,0.00818,0.00326,-0.01597,-0.07368,-0.07047,-0.09198,6.15,6.20762,6.46645,6.43843,7.36672
2005-01-19,6.15,6.17,6.23,6.15,454.43,600843,0.00162,0.01314,-0.01438,-0.06938,-0.06896,-0.0751,6.166,6.20333,6.45903,6.43472,7.36469
2005-01-20,6.17,6.03,6.17,6.02,658.0,600843,-0.02269,-0.01792,-0.02585,-0.07231,-0.11454,-0.10653,6.144,6.19571,6.45145,6.42837,7.36176
2005-01-21,5.98,6.1,6.13,5.9,798.04,600843,0.01161,-0.024,-0.01135,-0.02244,-0.08683,-0.08792,6.114,6.19238,6.44919,6.42366,7.35937
2005-01-24,6.2,6.22,6.23,6.13,1088.46,600843,0.01967,0.018,-0.03566,-0.01893,-0.06886,-0.10271,6.136,6.18143,6.44726,6.41992,7.35648
2005-01-25,6.18,6.24,6.39,6.18,917.87,600843,0.00322,0.01299,-0.00637,-0.00795,-0.0574,-0.09983,6.152,6.17952,6.44645,6.41683,7.35367
2005-01-26,6.17,6.1,6.22,6.08,576.75,600843,-0.02244,-0.01135,-0.03937,-0.04239,-0.0687,-0.11773,6.138,6.16762,6.4421,6.41317,7.35036
2005-01-27,6.02,6.03,6.1,6.01,229.26,600843,-0.01148,0.0,-0.0352,-0.05486,-0.07798,-0.14407,6.138,6.15714,6.43645,6.40902,7.34623
2005-01-28,5.95,5.94,6.02,5.92,513.0,600843,-0.01493,-0.02623,-0.07907,-0.1,-0.08615,-0.15685,6.106,6.13286,6.42581,6.40447,7.34174
2005-01-31,5.91,5.75,5.91,5.68,1082.44,600843,-0.03199,-0.07556,-0.10156,-0.10156,-0.09163,-0.17147,6.012,6.1019,6.41532,6.39976,7.3369
2005-02-01,5.74,5.6,5.78,5.51,688.11,600843,-0.02609,-0.10256,-0.09091,-0.13846,-0.11252,-0.19308,5.884,6.07524,6.40081,6.39398,7.33146
2005-02-02,5.6,5.92,5.95,5.58,1261.19,600843,0.05714,-0.02951,-0.02951,-0.08217,-0.075,-0.17491,5.848,6.06667,6.39226,6.39008,7.32635
2005-02-03,5.88,5.78,5.92,5.77,431.91,600843,-0.02365,-0.04146,-0.06321,-0.12291,-0.06924,-0.19934,5.798,6.0481,6.37919,6.38659,7.3205
2005-02-04,5.81,5.95,5.99,5.74,612.99,600843,0.02941,0.00168,-0.01653,-0.06299,-0.09299,-0.19223,5.8,6.04333,6.37274,6.38163,7.31475
2005-02-16,6.0,6.03,6.05,5.94,613.28,600843,0.01345,0.0487,-0.00822,-0.04739,-0.10799,-0.1975,5.856,6.04095,6.3679,6.37569,7.30872
2005-02-17,6.03,5.95,6.15,5.94,503.31,600843,-0.01327,0.0625,-0.02619,-0.05854,-0.10256,-0.24068,5.926,6.03333,6.36194,6.37016,7.30105
2005-02-18,5.95,5.91,6.0,5.82,653.63,600843,-0.00672,-0.00169,-0.03746,-0.06929,-0.08372,-0.23899,5.924,6.02238,6.35484,6.36577,7.2935
2005-02-21,5.91,6.03,6.06,5.87,576.72,600843,0.0203,0.04325,-0.00985,-0.08498,-0.1,-0.23136,5.974,6.01952,6.34581,6.36033,7.28613
2005-02-22,6.07,6.13,6.16,5.94,1538.99,600843,0.01658,0.03025,-0.00163,-0.07121,-0.06555,-0.23058,6.01,6.01905,6.33823,6.35683,7.27866
2005-02-23,6.18,6.46,6.49,6.12,4124.72,600843,0.05383,0.07131,0.0336,-0.02711,0.00937,-0.21152,6.096,6.02905,6.33532,6.35732,7.27161
2005-02-24,6.31,6.54,7.09,6.31,5795.21,600843,0.01238,0.09916,0.07038,-0.00153,0.02347,-0.18969,6.214,6.04952,6.33516,6.35854,7.26539
2005-02-25,6.54,6.45,6.66,6.45,1052.32,600843,-0.01376,0.09137,0.04708,-0.02715,0.02544,-0.20252,6.322,6.06333,6.33226,6.35984,7.25873
2005-02-28,6.48,6.33,6.48,6.3,803.05,600843,-0.0186,0.04975,0.02593,-0.07726,0.00317,-0.19578,6.382,6.07095,6.32371,6.36,7.25247
2005-03-01,6.4,6.43,6.44,6.3,561.87,600843,0.0158,0.04894,0.06633,-0.08143,0.0371,-0.20154,6.442,6.09,6.31452,6.36187,7.24587
2005-03-02,6.44,6.42,6.53,6.31,963.34,600843,-0.00156,-0.00619,0.05246,-0.12295,0.12042,-0.2113,6.434,6.10524,6.3,6.36748,7.23888
2005-03-03,6.47,6.44,6.53,6.32,568.66,600843,0.00312,-0.01529,0.03537,-0.06936,0.10843,-0.22297,6.414,6.11571,6.29226,6.3726,7.23137
2005-03-04,6.45,6.43,6.48,6.31,507.04,600843,-0.00155,-0.0031,0.03045,-0.05441,0.10862,-0.21681,6.41,6.12476,6.28629,6.37772,7.22413
2005-03-07,6.4,6.38,6.51,6.3,436.35,600843,-0.00778,0.0079,0.0459,-0.06038,0.06333,-0.25371,6.42,6.1381,6.27968,6.38081,7.21531
2005-03-08,6.31,6.47,6.47,6.31,869.81,600843,0.01411,0.00622,0.07297,-0.0197,0.07833,-0.24776,6.428,6.15905,6.27758,6.38463,7.20665
2005-03-09,6.36,6.41,6.46,6.35,783.8,600843,-0.00927,-0.00156,0.07912,-0.03318,0.06478,-0.29335,6.426,6.18143,6.27403,6.3878,7.19583
2005-03-10,6.35,6.2,6.37,6.2,463.61,600843,-0.03276,-0.03727,0.07826,-0.06907,0.06164,-0.27629,6.378,6.20286,6.26661,6.39073,7.18621
2005-03-11,6.08,6.16,6.27,6.02,975.37,600843,-0.00645,-0.04199,0.1,-0.09545,0.04407,-0.2497,6.324,6.22952,6.25613,6.39285,7.17788
2005-03-14,6.09,6.03,6.2,6.0,672.52,600843,-0.0211,-0.05486,0.01858,-0.12609,-0.01148,-0.30666,6.254,6.23476,6.2421,6.39228,7.16704
2005-03-15,6.02,5.85,6.02,5.83,879.02,600843,-0.02985,-0.09583,0.01211,-0.15706,-0.01681,-0.33861,6.13,6.2381,6.22452,6.39146,7.15486
2005-03-16,5.81,5.84,5.92,5.78,648.8,600843,-0.00171,-0.08892,-0.01849,-0.13991,-0.04262,-0.3285,6.016,6.23286,6.20919,6.38935,7.14325
2005-03-17,5.96,5.84,5.96,5.8,426.39,600843,0.0,-0.05806,-0.03151,-0.13864,-0.04105,-0.32649,5.944,6.22381,6.19403,6.38732,7.13174
2005-03-18,5.84,5.82,5.84,5.66,600.95,600843,-0.00342,-0.05519,-0.02185,-0.15284,-0.05057,-0.35283,5.876,6.21762,6.1771,6.3848,7.11884
2005-03-21,5.87,5.87,5.89,5.56,393.0,600843,0.00859,-0.02653,-0.00677,-0.1079,-0.04085,-0.32029,5.844,6.21571,6.16565,6.38276,7.1076
2005-03-22,5.71,5.5,5.84,5.42,846.6,600843,-0.06303,-0.05983,-0.08789,-0.17169,-0.0939,-0.39481,5.774,6.19048,6.14726,6.37813,7.09301
2005-03-23,5.35,5.41,5.63,5.35,520.2,600843,-0.01636,-0.07363,-0.11746,-0.16383,-0.10133,-0.40816,5.688,6.15619,6.13016,6.37317,7.07785
2005-03-24,5.33,5.45,5.45,5.32,282.96,600843,0.00739,-0.06678,-0.15635,-0.13355,-0.09167,-0.42824,5.61,6.1081,6.11661,6.3687,7.06125
2005-03-25,5.44,5.41,5.46,5.4,305.45,600843,-0.00734,-0.07045,-0.17278,-0.13578,-0.07204,-0.43451,5.528,6.05429,6.1029,6.36528,7.04435
2005-03-28,5.41,5.25,5.41,5.15,347.25,600843,-0.02957,-0.10562,-0.18605,-0.16134,-0.12935,-0.4462,5.404,5.99714,6.08661,6.35894,7.02716
2005-03-29,5.24,5.31,5.47,5.2,1726.96,600843,0.01143,-0.03455,-0.16114,-0.14216,-0.16509,-0.44444,5.366,5.94857,6.07242,6.35041,7.00989
2005-03-30,5.31,5.14,5.38,5.03,1132.09,600843,-0.03202,-0.04991,-0.20062,-0.16694,-0.20923,-0.47881,5.312,5.88714,6.05581,6.33935,6.9907
2005-03-31,5.19,5.43,5.46,5.14,1551.55,600843,0.05642,-0.00367,-0.15421,-0.15814,-0.18955,-0.44648,5.308,5.84,6.03935,6.32902,6.97289
2005-04-01,5.97,5.97,5.97,5.97,3433.77,600843,0.09945,0.10351,-0.07298,-0.04936,-0.15559,-0.37369,5.42,5.81762,6.03435,6.32008,6.95841
2005-04-04,6.45,6.11,6.48,6.01,19979.95,600843,0.02345,0.16381,-0.04977,-0.0378,-0.11577,-0.35725,5.592,5.80238,6.03048,6.31358,6.94461
2005-04-05,6.09,5.85,6.13,5.6,7849.03,600843,-0.04255,0.10169,-0.08307,-0.064,-0.12425,-0.376,5.7,5.77714,6.02403,6.30683,6.93028
2005-04-06,5.78,5.75,5.78,5.55,5184.27,600843,-0.01709,0.11868,-0.11128,-0.10853,-0.16424,-0.37744,5.822,5.74286,6.01274,6.29764,6.91611
2005-04-07,5.69,5.78,5.94,5.68,5524.27,600843,0.00522,0.06446,-0.09828,-0.09688,-0.13473,-0.37769,5.892,5.71286,6.00274,6.29033,6.90185
2005-04-08,5.76,5.84,6.09,5.45,4292.24,600843,0.01038,-0.02178,-0.05806,-0.05195,-0.10154,-0.35555,5.866,5.69571,5.99758,6.28496,6.88875
2005-04-11,5.84,5.77,5.87,5.73,2825.91,600843,-0.01199,-0.05565,-0.06331,-0.0541,-0.1231,-0.36816,5.798,5.67714,5.99226,6.27837,6.87508
2005-04-12,5.74,5.56,5.77,5.55,1981.53,600843,-0.0364,-0.04957,-0.07794,-0.09887,-0.19303,-0.38229,5.74,5.65476,5.98242,6.26756,6.86109
2005-04-13,5.71,5.7,5.98,5.66,3617.54,600843,0.02518,-0.0087,-0.02564,-0.05785,-0.14157,-0.38231,5.73,5.64762,5.97677,6.25992,6.84675
2005-04-14,5.73,5.58,5.73,5.56,2516.22,600843,-0.02105,-0.0346,-0.04452,-0.08224,-0.19597,-0.40372,5.69,5.63524,5.96871,6.24886,6.83139
2005-04-15,5.59,5.96,5.97,5.52,8632.78,600843,0.0681,0.02055,0.02055,-0.02455,-0.15461,-0.35955,5.714,5.64095,5.96629,6.24,6.81779
2005-04-18,5.9,5.57,5.9,5.36,4406.64,600843,-0.06544,-0.03466,-0.04296,-0.09283,-0.20429,-0.39239,5.674,5.62905,5.9571,6.22837,6.80317
2005-04-19,5.5,5.65,5.68,5.5,1903.5,600843,0.01436,0.01619,-0.03748,-0.07225,-0.18116,-0.39456,5.692,5.61857,5.95,6.21821,6.7882
2005-04-20,5.64,5.38,5.64,5.36,1575.98,600843,-0.04779,-0.05614,-0.02182,-0.12378,-0.16847,-0.43195,5.628,5.61286,5.93774,6.20935,6.77157
2005-04-21,4.84,4.84,5.31,4.84,3911.1,600843,-0.10037,-0.13262,-0.10536,-0.2256,-0.2622,-0.48945,5.48,5.58571,5.915,6.19537,6.75271
2005-04-22,4.76,4.36,4.76,4.36,5152.94,600843,-0.09917,-0.26846,-0.2,-0.28642,-0.34436,-0.53364,5.16,5.53381,5.88677,6.17675,6.73243
2005-04-25,4.36,4.17,4.54,4.06,2263.74,600843,-0.04358,-0.25135,-0.22921,-0.32305,-0.37104,-0.54029,4.88,5.47476,5.85468,6.15675,6.71251
2005-04-26,4.26,4.22,4.26,4.13,2021.55,600843,0.01199,-0.2531,-0.19619,-0.31605,-0.35077,-0.5321,4.594,5.42571,5.82323,6.13821,6.693
2005-04-27,4.23,3.86,4.23,3.82,2919.64,600843,-0.08531,-0.28253,-0.27307,-0.35987,-0.38141,-0.57159,4.29,5.35667,5.78823,6.11886,6.67207
2005-04-28,3.86,3.99,4.04,3.73,2568.78,600843,0.03368,-0.17562,-0.22374,-0.3459,-0.37066,-0.54075,4.12,5.3019,5.75419,6.09976,6.65297
2005-04-29,3.87,3.92,4.2,3.86,2763.24,600843,-0.01754,-0.10092,-0.27808,-0.36977,-0.37679,-0.54472,4.032,5.23,5.7171,6.08049,6.6339
2005-05-09,3.92,3.79,3.92,3.69,1019.63,600843,-0.03316,-0.09113,-0.36516,-0.39263,-0.40502,-0.54414,3.956,5.12619,5.67758,6.05951,6.61551
2005-05-10,3.77,3.62,3.78,3.44,1313.58,600843,-0.04485,-0.14218,-0.40753,-0.40656,-0.4326,-0.56688,3.836,5.00762,5.63758,6.03707,6.59625
2005-05-11,3.52,3.58,3.65,3.5,906.58,600843,-0.01105,-0.07254,-0.38803,-0.4063,-0.45758,-0.57996,3.78,4.89952,5.59806,6.01252,6.57616
2005-05-12,3.64,3.59,3.64,3.52,782.48,600843,0.00279,-0.10025,-0.37565,-0.39562,-0.43906,-0.57879,3.7,4.79667,5.56016,5.98967,6.55611
2005-05-13,3.61,3.7,3.7,3.61,899.24,600843,0.03064,-0.05612,-0.35986,-0.35652,-0.43077,-0.56942,3.656,4.69762,5.5271,5.96691,6.53622
2005-05-16,3.66,3.78,3.88,3.56,1399.4,600843,0.02162,-0.00264,-0.35274,-0.325,-0.41395,-0.54914,3.654,4.59952,5.49774,5.9452,6.5175
2005-05-17,3.78,3.84,3.95,3.7,1873.76,600843,0.01587,0.06077,-0.33449,-0.35135,-0.4173,-0.55177,3.698,4.50762,5.46419,5.92285,6.49828
2005-05-18,3.75,3.87,3.91,3.7,2669.87,600843,0.00781,0.08101,-0.30396,-0.33045,-0.39055,-0.55368,3.756,4.42714,5.43339,5.90268,6.47877
2005-05-19,3.9,3.92,4.0,3.85,3459.67,600843,0.01292,0.09192,-0.31228,-0.34118,-0.38073,-0.55551,3.822,4.34238,5.40065,5.88309,6.45885
2005-05-20,3.94,3.88,3.98,3.8,2732.89,600843,-0.0102,0.04865,-0.30466,-0.35655,-0.38608,-0.54615,3.858,4.26143,5.36597,5.86325,6.43987
2005-05-23,3.93,3.64,3.94,3.63,2041.78,600843,-0.06186,-0.03704,-0.38926,-0.38824,-0.42677,-0.58065,3.83,4.15095,5.32871,5.84122,6.41939
2005-05-24,3.61,3.73,3.77,3.61,558.54,600843,0.02473,-0.02865,-0.33034,-0.36887,-0.43399,-0.56593,3.808,4.06333,5.29355,5.81797,6.39962
2005-05-25,3.83,3.82,3.85,3.71,1078.75,600843,0.02413,-0.01292,-0.32389,-0.3665,-0.42121,-0.5868,3.798,3.97619,5.2579,5.79537,6.37757
2005-05-26,3.84,3.79,3.88,3.65,2231.2,600843,-0.00785,-0.03316,-0.29554,-0.38173,-0.42922,-0.59651,3.772,3.90048,5.22016,5.7722,6.35479
2005-05-27,3.79,4.0,4.02,3.79,6310.7,600843,0.05541,0.03093,-0.17355,-0.3808,-0.38931,-0.56855,3.796,3.86048,5.18048,5.75146,6.33336
2005-05-30,4.0,4.03,4.12,3.9,2888.68,600843,0.0075,0.10714,-0.07569,-0.38379,-0.39216,-0.54438,3.874,3.84476,5.14,5.73033,6.31379
2005-05-31,3.98,3.91,4.04,3.9,1372.04,600843,-0.02978,0.04826,-0.06235,-0.3938,-0.43003,-0.54173,3.91,3.83238,5.09903,5.70634,6.295
2005-06-01,3.87,3.86,3.9,3.85,937.74,600843,-0.01279,0.01047,-0.08531,-0.39021,-0.44857,-0.56056,3.918,3.81524,5.05919,5.68081,6.27498
2005-06-02,3.85,3.78,3.86,3.75,1213.93,600843,-0.02073,-0.00264,-0.02073,-0.41213,-0.48361,-0.56321,3.916,3.81143,5.01645,5.65203,6.25517
2005-06-03,3.78,3.9,3.91,3.72,1656.84,600843,0.03175,-0.025,-0.02256,-0.39252,-0.43642,-0.5429,3.896,3.80714,4.97581,5.62748,6.23634
2005-06-06,4.29,4.29,4.29,4.15,13239.63,600843,0.1,0.06452,0.09439,-0.33385,-0.36912,-0.50525,3.948,3.82476,4.94113,5.60707,6.21853
2005-06-07,4.49,4.72,4.72,4.42,22293.25,600843,0.10023,0.20716,0.24538,-0.26594,-0.30486,-0.46691,4.11,3.86905,4.91355,5.59024,6.20173
2005-06-08,4.69,5.15,5.18,4.52,23840.66,600843,0.0911,0.3342,0.42265,-0.19279,-0.2197,-0.40366,4.368,3.9419,4.89371,5.57846,6.18756
2005-06-10,5.0,4.88,5.0,4.73,15117.86,600843,-0.05243,0.29101,0.36313,-0.24575,-0.26395,-0.44056,4.588,4.00381,4.86806,5.56423,6.17193
2005-06-13,4.86,4.73,4.9,4.62,7821.32,600843,-0.03074,0.21282,0.31755,-0.26209,-0.28979,-0.46782,4.754,4.0581,4.84097,5.54854,6.15503
2005-06-14,4.73,4.62,4.81,4.56,5991.12,600843,-0.02326,0.07692,0.24865,-0.25484,-0.32159,-0.47194,4.82,4.1019,4.81548,5.53073,6.13825
2005-06-15,4.63,4.57,4.75,4.46,5663.8,600843,-0.01082,-0.03178,0.20899,-0.25812,-0.33768,-0.48233,4.79,4.13952,4.78984,5.51179,6.12094
2005-06-16,4.57,4.48,4.65,4.36,5475.98,600843,-0.01969,-0.1301,0.16667,-0.25705,-0.35447,-0.49401,4.656,4.17,4.76484,5.49179,6.10316
2005-06-17,4.5,4.68,4.72,4.21,9797.74,600843,0.04464,-0.04098,0.2093,-0.2,-0.31075,-0.48752,4.616,4.20857,4.74597,5.47463,6.08506
2005-06-20,4.48,4.88,4.89,4.4,10546.04,600843,0.04274,0.03171,0.2449,-0.16438,-0.28024,-0.44444,4.646,4.25429,4.73048,5.45919,6.06919
2005-06-21,4.75,4.6,4.84,4.6,6301.34,600843,-0.05738,-0.00433,0.18557,-0.21233,-0.33042,-0.47733,4.642,4.28857,4.71048,5.44073,6.05211
2005-06-22,4.6,4.47,4.61,4.45,3542.73,600843,-0.02826,-0.02188,0.22802,-0.23196,-0.32067,-0.44794,4.622,4.3281,4.68871,5.42358,6.03737
2005-06-23,4.48,4.42,4.57,4.41,2291.75,600843,-0.01119,-0.01339,0.18499,-0.24702,-0.33434,-0.43282,4.61,4.36095,4.66532,5.40553,6.02366
2005-06-24,4.45,4.5,4.53,4.38,2019.61,600843,0.0181,-0.03846,0.17801,-0.18182,-0.30448,-0.38474,4.574,4.39333,4.64919,5.38951,6.01222
2005-06-27,4.5,4.62,4.71,4.5,4093.3,600843,0.02667,-0.05328,0.219,-0.14603,-0.2655,-0.37211,4.522,4.43286,4.63645,5.37593,6.00109
2005-06-28,4.62,4.36,4.62,4.36,3741.0,600843,-0.05628,-0.05217,0.09,-0.2,-0.30351,-0.41089,4.474,4.45,4.61887,5.36049,5.98873
2005-06-29,4.35,4.33,4.42,4.33,2327.0,600843,-0.00688,-0.03132,0.07444,-0.19963,-0.30831,-0.39356,4.446,4.46429,4.60145,5.3448,5.9773
2005-06-30,4.38,4.25,4.43,4.24,2430.76,600843,-0.01848,-0.03846,0.08696,-0.19048,-0.31341,-0.42443,4.412,4.48048,4.58532,5.32902,5.96457
2005-07-01,4.32,3.95,4.32,3.94,2967.31,600843,-0.07059,-0.12222,0.02332,-0.25612,-0.35981,-0.4606,4.302,4.48476,4.56339,5.31098,5.95085
2005-07-04,3.92,4.09,4.13,3.92,3290.09,600843,0.03544,-0.11472,0.08201,-0.20428,-0.36589,-0.44278,4.196,4.49952,4.54645,5.29179,5.93764
2005-07-05,4.02,3.91,4.04,3.8,1754.65,600843,-0.04401,-0.10321,0.00256,-0.27993,-0.37739,-0.48505,4.106,4.5,4.52194,5.27252,5.92267
2005-07-06,3.9,3.8,3.95,3.8,1449.88,600843,-0.02813,-0.1224,-0.11422,-0.36348,-0.40157,-0.49895,4.0,4.47667,4.48694,5.25179,5.90729
2005-07-07,3.82,3.86,3.89,3.81,1074.64,600843,0.01579,-0.09176,-0.1822,-0.36825,-0.3824,-0.50019,3.922,4.43571,4.45065,5.23236,5.89159
2005-07-08,3.86,3.73,3.86,3.72,1206.85,600843,-0.03368,-0.0557,-0.27573,-0.36239,-0.42171,-0.50187,3.878,4.3681,4.41645,5.21024,5.87631
2005-07-11,3.73,3.61,3.91,3.5,1451.09,600843,-0.03217,-0.11736,-0.26025,-0.37217,-0.43594,-0.50048,3.782,4.30762,4.38194,5.18756,5.86161
2005-07-12,3.6,3.75,3.77,3.53,2006.25,600843,0.03878,-0.04092,-0.20719,-0.35121,-0.39123,-0.48361,3.75,4.26095,4.34919,5.16797,5.84733
2005-07-13,3.74,3.77,3.8,3.71,1624.52,600843,0.00533,-0.00789,-0.18398,-0.35445,-0.38197,-0.47646,3.744,4.22048,4.31581,5.14902,5.83338
2005-07-14,4.0,3.81,4.0,3.76,2383.84,600843,0.01061,-0.01295,-0.1663,-0.33969,-0.3825,-0.47908,3.734,4.18429,4.28419,5.12984,5.81914
2005-07-15,3.8,3.54,3.81,3.5,2355.0,600843,-0.07087,-0.05094,-0.20982,-0.36331,-0.41488,-0.52227,3.696,4.13952,4.25161,5.10943,5.80341
2005-07-18,3.5,3.6,3.66,3.45,1075.0,600843,0.01695,-0.00277,-0.23077,-0.36842,-0.40789,-0.5084,3.694,4.0881,4.21774,5.08927,5.78827
2005-07-19,3.42,3.57,3.59,3.42,776.68,600843,-0.00833,-0.048,-0.26844,-0.36022,-0.41571,-0.51422,3.658,4.02571,4.18532,5.06862,5.77291
2005-07-20,3.65,3.6,3.66,3.51,1595.44,600843,0.0084,-0.04509,-0.21739,-0.39597,-0.41368,-0.50249,3.624,3.9781,4.14726,5.04797,5.75813
2005-07-21,3.62,3.57,3.62,3.43,860.68,600843,-0.00833,-0.06299,-0.20134,-0.35907,-0.41379,-0.49881,3.576,3.93524,4.115,5.02748,5.74369
2005-07-22,3.51,3.66,3.73,3.45,2443.98,600843,0.02521,0.0339,-0.17195,-0.35221,-0.40391,-0.48239,3.6,3.89905,4.0829,5.00732,5.72982
2005-07-25,3.6,3.6,3.67,3.55,1074.0,600843,-0.01639,0.0,-0.2,-0.33086,-0.424,-0.46934,3.6,3.85619,4.05419,4.98577,5.71688
2005-07-26,3.6,3.86,3.88,3.6,4362.09,600843,0.07222,0.08123,-0.1645,-0.20248,-0.36825,-0.43385,3.658,3.82,4.03839,4.96748,5.70485
2005-07-27,3.82,3.89,3.91,3.72,5473.05,600843,0.00777,0.08056,-0.1078,-0.1078,-0.36851,-0.41301,3.716,3.79762,4.03081,4.94902,5.69373
2005-07-28,3.86,3.83,3.98,3.8,4279.89,600843,-0.01542,0.07283,-0.11547,-0.08153,-0.37925,-0.42206,3.768,3.77381,4.02532,4.93,5.68236
2005-07-29,3.79,3.9,3.93,3.76,4736.4,600843,0.01828,0.06557,-0.08235,-0.07583,-0.35323,-0.42731,3.816,3.75714,4.02016,4.91268,5.67053
2005-08-01,3.9,3.91,3.95,3.86,3039.94,600843,0.00256,0.08611,-0.01013,0.01295,-0.35902,-0.41467,3.878,3.75524,4.02097,4.89488,5.65927
2005-08-02,3.9,3.92,3.93,3.8,2884.28,600843,0.00256,0.01554,-0.04156,-0.01754,-0.36977,-0.41317,3.89,3.74714,4.01984,4.87618,5.64805
2005-08-03,3.93,3.97,4.11,3.92,6164.72,600843,0.01276,0.02057,0.01535,0.01276,-0.36378,-0.4003,3.906,3.75,4.02065,4.85772,5.63728
2005-08-04,3.94,3.93,3.98,3.87,2679.05,600843,-0.01008,0.02611,0.03421,0.03694,-0.35574,-0.4,3.926,3.75619,4.0229,4.84008,5.62663
2005-08-05,3.95,4.14,4.2,3.95,5101.2,600843,0.05344,0.06154,0.07254,0.14365,-0.31343,-0.36697,3.974,3.76952,4.03129,4.82472,5.61687
2005-08-08,4.18,4.27,4.36,4.15,6886.4,600843,0.0314,0.09207,0.14477,0.19274,-0.28114,-0.34308,4.046,3.79524,4.04242,4.81114,5.6078
2005-08-09,4.26,4.59,4.6,4.25,8866.31,600843,0.07494,0.17092,0.27147,0.27855,-0.20174,-0.27488,4.18,3.8419,4.05855,4.80171,5.60073
2005-08-10,4.59,4.54,4.64,4.41,7387.62,600843,-0.01089,0.14358,0.21067,0.22703,-0.18929,-0.28051,4.294,3.87952,4.0721,4.79309,5.59354
2005-08-11,4.54,4.75,4.85,4.4,12393.93,600843,0.04626,0.20865,0.25995,0.25661,-0.19764,-0.25781,4.458,3.92619,4.08774,4.78358,5.58683
2005-08-12,4.8,5.23,5.23,4.8,23053.02,600843,0.10105,0.26329,0.3727,0.36198,-0.09516,-0.15781,4.676,3.99381,4.11016,4.77911,5.58285
2005-08-15,5.33,5.28,5.55,4.83,25088.59,600843,0.00956,0.23653,0.49153,0.36434,-0.11261,-0.19512,4.878,4.07667,4.1329,4.77366,5.57764
2005-08-16,5.18,5.44,5.7,5.05,22321.17,600843,0.0303,0.18519,0.51111,0.38776,-0.09784,-0.19527,5.048,4.16429,4.15742,4.76886,5.57228
2005-08-17,5.34,5.88,5.97,5.2,28040.15,600843,0.08088,0.29515,0.64706,0.51546,-0.01176,-0.11312,5.316,4.27429,4.18968,4.76829,5.56923
2005-08-18,5.9,5.48,6.4,5.29,28475.99,600843,-0.06803,0.15368,0.52222,0.50549,-0.07276,-0.15039,5.462,4.36381,4.21935,4.7648,5.56528
2005-08-19,5.0,5.15,5.61,4.98,18096.18,600843,-0.06022,-0.0153,0.44258,0.3807,-0.14594,-0.23134,5.446,4.43905,4.24226,4.75764,5.55898
2005-08-22,5.07,4.86,5.07,4.65,13025.21,600843,-0.05631,-0.07955,0.32787,0.27225,-0.20718,-0.25915,5.362,4.49619,4.25903,4.74732,5.55207
2005-08-23,4.81,4.85,4.95,4.72,6905.64,600843,-0.00206,-0.10846,0.34722,0.27968,-0.24923,-0.24219,5.244,4.55571,4.27613,4.73423,5.54577
2005-08-24,4.86,5.34,5.34,4.78,19766.19,600843,0.10103,-0.09184,0.38342,0.335,-0.18349,-0.16432,5.136,4.62619,4.29774,4.72447,5.5415
2005-08-25,5.4,5.87,5.87,5.4,24875.19,600843,0.09925,0.07117,0.509,0.45658,-0.08992,-0.06677,5.214,4.72048,4.32742,4.71976,5.5398
2005-08-26,6.0,5.39,6.23,5.38,23694.75,600843,-0.08177,0.0466,0.40731,0.37852,-0.1485,-0.1458,5.262,4.79476,4.35129,4.71211,5.53606
2005-08-29,5.35,5.4,5.58,4.98,8303.47,600843,0.00186,0.11111,0.38462,0.39896,-0.16019,-0.12903,5.37,4.86619,4.37613,4.70374,5.5328
2005-08-30,5.4,5.09,5.4,5.08,7822.75,600843,-0.05741,0.04948,0.30179,0.34656,-0.20717,-0.11169,5.418,4.92238,4.39726,4.69293,5.5302
2005-08-31,5.25,5.2,5.25,4.9,7709.2,600843,0.02161,-0.02622,0.32653,0.33333,-0.19255,-0.10499,5.39,4.98333,4.41823,4.68285,5.52772
2005-09-01,5.26,5.23,5.29,5.05,7015.89,600843,0.00577,-0.10903,0.31738,0.21911,-0.18663,-0.09828,5.262,5.04333,4.43339,4.67309,5.52541
2005-09-02,5.33,5.53,5.58,5.2,12940.04,600843,0.05736,0.02597,0.40712,0.17161,-0.13323,-0.07833,5.29,5.11952,4.44645,4.66618,5.5235
2005-09-05,5.58,5.9,6.06,5.53,18367.64,600843,0.06691,0.09259,0.42512,0.14563,-0.0881,-0.01667,5.39,5.20333,4.45855,4.66154,5.52309
2005-09-06,5.85,5.5,5.85,5.4,13718.34,600843,-0.0678,0.08055,0.28806,0.12705,-0.14197,-0.08638,5.472,5.2619,4.46855,4.65415,5.52098
2005-09-07,5.4,5.6,5.62,5.3,6764.69,600843,0.01818,0.07692,0.22004,0.18393,-0.09677,-0.0411,5.552,5.31,4.48258,4.64927,5.52
2005-09-08,5.62,5.52,5.69,5.4,5089.38,600843,-0.01429,0.05545,0.21586,0.19481,-0.1039,-0.06441,5.61,5.35667,4.4971,4.64407,5.51846
2005-09-09,5.46,5.46,5.71,5.44,5708.15,600843,-0.01087,-0.01266,0.14947,0.19475,-0.09453,-0.10492,5.596,5.39048,4.51145,4.63943,5.51585
2005-09-12,5.46,5.24,5.46,5.18,6443.77,600843,-0.04029,-0.11186,0.00191,0.16964,-0.10427,-0.11933,5.464,5.39095,4.52371,4.63447,5.51297
2005-09-13,5.2,5.38,5.38,5.18,4851.57,600843,0.02672,-0.02182,0.01894,0.14957,-0.07877,-0.11803,5.44,5.39571,4.535,4.63073,5.51004
2005-09-14,5.38,5.61,5.67,5.31,9370.66,600843,0.04275,0.00179,0.03125,0.14959,-0.03938,-0.07882,5.442,5.40381,4.54677,4.62886,5.50809
2005-09-15,5.8,5.96,6.17,5.8,37817.58,600843,0.06239,0.07971,0.01361,0.29565,0.02405,-0.02773,5.53,5.40762,4.56871,4.63,5.5074
2005-09-16,5.82,6.09,6.28,5.82,23674.6,600843,0.02181,0.11538,0.11131,0.36242,0.03748,-0.0049,5.656,5.43667,4.59484,4.63179,5.50728
2005-09-19,6.0,6.0,6.1,5.9,11150.26,600843,-0.01478,0.14504,0.16505,0.35747,0.09091,-0.01153,5.808,5.47714,4.62032,4.63585,5.50699
2005-09-20,5.99,5.98,6.14,5.85,11822.14,600843,-0.00333,0.11152,0.23045,0.32889,0.10536,-0.00664,5.928,5.53048,4.64419,4.64049,5.50683
2005-09-21,6.0,5.8,6.07,5.8,7519.7,600843,-0.0301,0.03387,0.19588,0.25541,0.06422,-0.03333,5.966,5.57571,4.66323,4.64333,5.50602
2005-09-22,5.8,5.35,5.88,5.22,9796.1,600843,-0.07759,-0.10235,0.00187,0.22706,-0.01109,-0.08233,5.844,5.57619,4.67919,4.64285,5.50407
2005-09-23,5.3,5.37,5.51,5.3,5813.38,600843,0.00374,-0.11823,-0.08518,0.24018,0.02286,-0.10945,5.7,5.55238,4.69597,4.64382,5.50138
2005-09-26,5.3,5.41,5.46,5.2,5065.71,600843,0.00745,-0.09833,0.00371,0.27294,0.01883,-0.14937,5.582,5.55333,4.71468,4.64463,5.49752
2005-09-27,5.38,5.05,5.44,5.03,5969.49,600843,-0.06654,-0.15552,-0.06481,0.27848,-0.01751,-0.22308,5.396,5.53667,4.73242,4.6439,5.49163
2005-09-28,5.0,5.23,5.33,5.0,5845.89,600843,0.03564,-0.09828,0.0275,0.27873,-0.03683,-0.2194,5.282,5.54333,4.75081,4.64228,5.48565
2005-09-29,5.25,5.7,5.7,5.25,13784.19,600843,0.08987,0.06542,0.09615,0.4578,-0.04523,-0.19378,5.352,5.56714,4.77968,4.64008,5.48008
2005-09-30,5.86,5.4,5.86,5.37,9122.81,600843,-0.05263,0.00559,0.0325,0.42105,-0.1162,-0.21852,5.358,5.57524,4.80548,4.63431,5.47394
2005-10-10,5.4,5.22,5.46,5.2,3541.28,600843,-0.03333,-0.03512,-0.05606,0.35233,-0.10769,-0.21856,5.32,5.56048,4.82742,4.62919,5.46801
2005-10-11,5.2,5.33,5.33,5.1,3367.72,600843,0.02107,0.05545,-0.09661,0.42895,-0.07304,-0.22529,5.376,5.53333,4.85323,4.62577,5.46171
2005-10-12,5.32,5.29,5.34,5.14,4014.11,600843,-0.0075,0.01147,-0.03818,0.46537,-0.08478,-0.20808,5.388,5.52333,4.88032,4.62179,5.45606
2005-10-13,5.23,5.29,5.44,5.16,3054.05,600843,0.0,-0.07193,-0.05536,0.41067,-0.09418,-0.18615,5.306,5.50857,4.90516,4.61732,5.45114
2005-10-14,5.32,5.22,5.32,5.16,2694.14,600843,-0.01323,-0.03333,-0.05435,0.38462,-0.09532,-0.20669,5.27,5.49429,4.92855,4.61285,5.44561
2005-10-17,5.27,5.22,5.27,5.17,3548.68,600843,0.0,0.0,-0.04396,0.37008,-0.06115,-0.24238,5.27,5.48286,4.95129,4.61008,5.43882
2005-10-18,5.2,5.42,5.43,5.2,5933.48,600843,0.03831,0.01689,0.03435,0.53107,-0.04912,-0.18373,5.288,5.49143,4.98161,4.6078,5.43386
2005-10-19,5.45,5.5,5.74,5.45,17223.78,600843,0.01476,0.0397,0.0223,0.52778,-0.01434,-0.20749,5.33,5.49714,5.01226,4.60715,5.42801
2005-10-20,5.5,5.34,5.5,5.2,6600.48,600843,-0.02909,0.00945,-0.04813,0.4958,-0.10403,-0.24255,5.34,5.48429,5.04081,4.60211,5.42106
2005-10-21,5.33,5.36,5.37,5.23,3822.2,600843,0.00375,0.02682,-0.10067,0.48889,-0.0377,-0.23429,5.368,5.45571,5.06919,4.60041,5.41439
2005-10-24,5.36,5.35,5.38,5.25,2718.81,600843,-0.00187,0.0249,-0.12151,0.4986,-0.0531,-0.22464,5.394,5.42048,5.0979,4.59797,5.40809
2005-10-25,5.34,5.27,5.38,5.25,3668.75,600843,-0.01495,-0.02768,-0.12167,0.43989,-0.02045,-0.18547,5.364,5.38571,5.12387,4.59707,5.40321
2005-10-26,5.21,4.92,5.26,4.91,7244.0,600843,-0.06641,-0.10545,-0.17726,0.36667,0.01653,-0.25,5.248,5.33524,5.14516,4.59772,5.39654
2005-10-27,4.9,4.6,4.9,4.58,4942.7,600843,-0.06504,-0.13858,-0.2069,0.19171,0.05505,-0.30827,5.1,5.2781,5.1571,4.59967,5.38821
2005-10-28,4.68,4.37,4.75,4.34,3918.07,600843,-0.05,-0.1847,-0.18318,0.12339,0.04796,-0.34087,4.902,5.23143,5.16484,4.6013,5.37902
2005-10-31,4.0,4.53,4.55,4.0,3638.1,600843,0.03661,-0.15327,-0.15642,0.18277,0.07346,-0.30308,4.738,5.19143,5.17613,4.60382,5.37102
2005-11-01,4.43,4.41,4.48,4.29,2112.61,600843,-0.02649,-0.16319,-0.18484,0.13077,0.14249,-0.29327,4.566,5.14381,5.18435,4.60829,5.36358
2005-11-02,4.37,4.53,4.58,4.37,4219.3,600843,0.02721,-0.07927,-0.10297,0.15857,0.13534,-0.28549,4.488,5.11905,5.19435,4.61268,5.35622
2005-11-03,4.57,4.44,4.57,4.4,2677.68,600843,-0.01987,-0.03478,-0.15105,0.13265,0.13265,-0.29412,4.456,5.08143,5.20274,4.61691,5.3487
2005-11-04,4.39,4.49,4.49,4.35,1374.25,600843,0.01126,0.02746,-0.21228,0.13098,0.1847,-0.29513,4.48,5.02381,5.21113,4.6226,5.34106
2005-11-07,4.41,4.53,4.54,4.41,1677.3,600843,0.00891,0.0,-0.16111,0.15267,0.25138,-0.28997,4.48,4.98238,5.22081,4.63,5.33354
2005-11-08,4.5,4.7,4.71,4.42,5574.05,600843,0.03753,0.06576,-0.09962,0.13527,0.31285,-0.28788,4.538,4.95762,5.22984,4.63911,5.32581
2005-11-09,4.66,4.6,4.74,4.6,3714.75,600843,-0.02128,0.01545,-0.13696,0.07728,0.28134,-0.28125,4.552,4.92286,5.23516,4.64732,5.3185
2005-11-10,4.55,4.38,4.57,4.37,3777.0,600843,-0.04783,-0.01351,-0.17202,-0.04575,0.18378,-0.32615,4.54,4.87952,5.23177,4.65285,5.30988
2005-11-11,4.38,4.37,4.42,4.28,1772.64,600843,-0.00228,-0.02673,-0.17391,-0.03744,0.15608,-0.32248,4.516,4.83571,5.22903,4.65764,5.30142
2005-11-14,4.34,4.37,4.48,4.25,1864.44,600843,0.0,-0.03532,-0.16284,-0.08,0.13802,-0.33687,4.484,4.79524,5.2229,4.66195,5.2924
2005-11-15,4.4,4.81,4.81,4.4,10772.05,600843,0.10069,0.0234,-0.07854,-0.08031,0.24289,-0.24252,4.506,4.77571,5.21613,4.66959,5.28614
2005-11-16,4.9,4.65,4.97,4.59,12316.44,600843,-0.03326,0.01087,-0.14207,-0.11932,0.18622,-0.2654,4.516,4.73905,5.20597,4.67553,5.27931
2005-11-17,4.62,4.71,4.9,4.6,8077.88,600843,0.0129,0.07534,-0.14364,-0.13419,0.21392,-0.25475,4.582,4.70143,5.19419,4.68228,5.27276
2005-11-18,4.75,4.81,4.83,4.62,6876.78,600843,0.02123,0.10069,-0.09925,-0.18197,0.32143,-0.24252,4.67,4.67619,5.17694,4.69179,5.2665
2005-11-21,4.75,4.81,4.92,4.66,4187.87,600843,0.0,0.10069,-0.10261,-0.12226,0.28954,-0.27011,4.758,4.65,5.16613,4.70057,5.25927
2005-11-22,4.81,4.69,4.81,4.66,4560.5,600843,-0.02495,-0.02495,-0.12336,-0.08932,0.22775,-0.28939,4.734,4.61857,5.15871,4.70764,5.2515
2005-11-23,5.16,4.87,5.16,4.83,13791.35,600843,0.03838,0.04731,-0.0759,0.00206,0.28496,-0.26657,4.778,4.59952,5.15887,4.71642,5.24431
2005-11-24,4.86,4.78,4.87,4.73,5417.12,600843,-0.01848,0.01486,-0.02846,-0.01443,0.195,-0.27023,4.792,4.59286,5.15774,4.72276,5.23711
2005-11-25,4.75,4.8,4.86,4.75,1973.55,600843,0.00418,-0.00208,0.04348,-0.10112,0.19107,-0.27602,4.79,4.60238,5.14903,4.72902,5.22967
2005-11-28,4.78,4.82,4.84,4.7,3495.56,600843,0.00417,0.00208,0.10297,-0.17888,0.23274,-0.29738,4.792,4.62381,5.1321,4.73642,5.22138
2005-11-29,4.8,4.68,4.8,4.68,2196.0,600843,-0.02905,-0.00213,0.03311,-0.13173,0.21244,-0.33143,4.79,4.63095,5.12065,4.74309,5.21195
2005-11-30,4.68,4.62,4.69,4.51,2957.9,600843,-0.01282,-0.05133,0.04762,-0.14444,0.22222,-0.36885,4.74,4.64095,5.10806,4.74992,5.20098
2005-12-01,4.54,4.55,4.63,4.53,1709.11,600843,-0.01515,-0.04812,0.00442,-0.10609,0.16667,-0.34249,4.694,4.6419,5.09935,4.7552,5.19134
2005-12-02,4.56,4.41,4.6,4.4,2647.9,600843,-0.03077,-0.08125,-0.00676,-0.15192,0.02797,-0.35147,4.616,4.64048,5.08661,4.75618,5.18163
2005-12-05,4.4,4.34,4.4,4.29,2337.75,600843,-0.01587,-0.09959,-0.03341,-0.17017,-0.08051,-0.36082,4.52,4.63333,5.07226,4.75309,5.17167
2005-12-06,4.31,4.5,4.6,4.21,3042.65,600843,0.03687,-0.03846,-0.00662,-0.18626,-0.12621,-0.31818,4.484,4.6319,5.05565,4.7478,5.16313
2005-12-07,4.49,4.48,4.5,4.41,1783.13,600843,-0.00444,-0.0303,-0.04681,-0.24068,-0.08197,-0.32428,4.456,4.62143,5.03274,4.74455,5.15439
2005-12-08,4.45,4.49,4.49,4.4,1657.8,600843,0.00223,-0.01319,-0.02391,-0.18364,-0.05074,-0.32583,4.444,4.61619,5.01645,4.7426,5.14557
2005-12-09,4.48,4.5,4.53,4.37,2021.61,600843,0.00223,0.02041,0.0274,-0.19643,-0.02597,-0.33921,4.462,4.6219,4.99871,4.74163,5.13618
2005-12-12,4.5,4.63,4.71,4.5,4533.8,600843,0.02889,0.06682,0.0595,-0.16123,0.01313,-0.32899,4.52,4.63429,4.98435,4.74211,5.12695
2005-12-13,4.62,4.54,4.62,4.48,1574.9,600843,-0.01944,0.00889,0.0389,-0.1685,0.01339,-0.34582,4.528,4.64238,4.96952,4.7426,5.1172
2005-12-14,4.53,4.58,4.59,4.49,1071.24,600843,0.00881,0.02232,-0.04782,-0.12595,-0.02137,-0.32548,4.548,4.63143,4.95887,4.74179,5.10821
2005-12-15,4.67,4.64,4.7,4.55,4117.83,600843,0.0131,0.03341,-0.00215,-0.13755,-0.04918,-0.31563,4.578,4.63095,4.94694,4.73984,5.09951
2005-12-16,4.57,4.6,4.62,4.5,2601.49,600843,-0.00862,0.02222,-0.02335,-0.18004,0.0,-0.33042,4.598,4.62571,4.93065,4.73984,5.09028
2005-12-19,4.59,4.57,4.65,4.55,1601.52,600843,-0.00652,-0.01296,-0.0499,-0.23322,0.02237,-0.30547,4.586,4.61429,4.90823,4.74065,5.08211
2005-12-20,4.55,4.57,4.6,4.52,1361.43,600843,0.0,0.00661,-0.0499,-0.24959,0.03394,-0.31175,4.592,4.60286,4.88371,4.74187,5.0737
2005-12-21,4.55,4.86,4.89,4.54,11032.27,600843,0.06346,0.06114,0.03625,-0.19,0.08,-0.24884,4.648,4.61095,4.86532,4.7448,5.06715
2005-12-22,4.79,4.8,5.0,4.62,18346.85,600843,-0.01235,0.03448,-0.01437,-0.19732,0.03896,-0.23688,4.68,4.60762,4.84629,4.74626,5.0611
2005-12-23,4.84,4.79,4.88,4.7,5068.97,600843,-0.00208,0.0413,0.00209,-0.17414,0.09862,-0.23482,4.718,4.6081,4.83,4.74976,5.05512
2005-12-26,4.78,4.75,4.79,4.7,3837.35,600843,-0.00835,0.03939,-0.01042,-0.11215,0.097,-0.24121,4.754,4.60571,4.82032,4.75317,5.04898
2005-12-27,4.81,4.71,4.81,4.7,2534.85,600843,-0.00842,0.03063,-0.02282,-0.12291,0.10824,-0.2391,4.782,4.60048,4.80968,4.75691,5.04297
2005-12-28,4.68,4.82,4.86,4.68,3530.69,600843,0.02335,-0.00823,0.02991,-0.10906,0.22025,-0.2188,4.774,4.60714,4.80016,4.76398,5.03748
2005-12-29,4.76,4.77,4.83,4.7,3836.65,600843,-0.01037,-0.00625,0.03247,-0.05545,0.16626,-0.26047,4.768,4.61429,4.79565,4.76951,5.03065
2005-12-30,4.79,4.52,4.79,4.51,6145.0,600843,-0.05241,-0.05637,-0.00659,-0.13576,0.15601,-0.28025,4.714,4.61286,4.78419,4.77447,5.0235
2006-01-04,4.5,4.54,4.62,4.41,4713.38,600843,0.00442,-0.04421,0.02948,-0.20351,0.19474,-0.28504,4.672,4.61905,4.76548,4.78049,5.01614
2006-01-05,4.53,4.56,4.62,4.51,3167.67,600843,0.00441,-0.03185,0.05069,-0.15556,0.18135,-0.2704,4.642,4.62952,4.75194,4.78618,5.00927
2006-01-06,4.52,4.61,4.65,4.51,4711.07,600843,0.01096,-0.04357,0.02444,-0.11686,0.23592,-0.28527,4.6,4.63476,4.7421,4.79333,5.00179
2006-01-09,4.64,4.71,4.72,4.57,3382.25,600843,0.02169,-0.01258,0.05134,-0.11632,0.30471,-0.26406,4.588,4.64571,4.7321,4.80228,4.99492
2006-01-10,4.72,4.77,4.85,4.66,5897.91,600843,0.01274,0.05531,0.06236,-0.0983,0.272,-0.22565,4.638,4.65905,4.72371,4.81057,4.98927
2006-01-11,4.71,4.76,4.83,4.69,5311.62,600843,-0.0021,0.04846,0.05778,-0.10019,0.2626,-0.21967,4.682,4.67143,4.71516,4.81862,4.98382
2006-01-12,4.7,4.78,4.79,4.68,3920.45,600843,0.0042,0.04825,0.0324,-0.08429,0.25459,-0.22528,4.726,4.67857,4.70806,4.8265,4.97817
2006-01-13,4.8,4.74,4.83,4.68,4400.34,600843,-0.00837,0.0282,0.04405,-0.09195,0.33898,-0.21653,4.752,4.6881,4.70032,4.83626,4.97285
2006-01-16,4.7,4.64,4.78,4.64,2963.98,600843,-0.0211,-0.01486,0.0131,-0.14391,0.28889,-0.23684,4.738,4.69095,4.68774,4.84472,4.96699
2006-01-17,4.63,4.61,4.66,4.58,1917.04,600843,-0.00647,-0.03354,-0.00647,-0.16182,0.29132,-0.2455,4.706,4.68952,4.67339,4.85317,4.96089
2006-01-18,4.58,4.67,4.7,4.58,2873.91,600843,0.01302,-0.01891,0.01522,-0.12547,0.29722,-0.23941,4.688,4.69286,4.66258,4.86187,4.95492
2006-01-19,4.75,4.7,4.75,4.66,2720.36,600843,0.00642,-0.01674,0.02845,-0.12313,0.31653,-0.22824,4.672,4.69905,4.65194,4.87106,4.94927
2006-01-20,4.72,4.62,4.76,4.58,3411.41,600843,-0.01702,-0.02532,0.01094,-0.13645,0.2623,-0.24756,4.648,4.70143,4.64016,4.87886,4.94309
2006-01-23,4.63,4.63,4.67,4.51,3898.2,600843,0.00216,-0.00216,-0.04733,-0.12144,0.28611,-0.2592,4.646,4.69048,4.62984,4.88724,4.9365
2006-01-24,4.62,4.57,4.63,4.52,3579.9,600843,-0.01296,-0.00868,-0.04792,-0.07114,0.18394,-0.25205,4.638,4.67952,4.62419,4.89301,4.93024
2006-01-25,4.54,4.36,4.57,4.3,4541.04,600843,-0.04595,-0.06638,-0.08977,-0.05217,0.12082,-0.29221,4.576,4.65905,4.62032,4.89683,4.92293
2006-02-06,4.46,4.44,4.46,4.37,2256.75,600843,0.01835,-0.05532,-0.06526,0.01602,0.15927,-0.28039,4.524,4.64429,4.62145,4.90179,4.91589
2006-02-07,4.4,4.48,4.5,4.4,2717.81,600843,0.00901,-0.0303,-0.04883,-0.01104,0.14872,-0.25705,4.496,4.63333,4.62065,4.9065,4.90959
2006-02-08,4.5,4.67,4.67,4.46,4711.47,600843,0.04241,0.00864,-0.03112,0.05896,0.19437,-0.23443,4.504,4.62619,4.62484,4.91268,4.90378
2006-02-09,4.67,4.55,4.68,4.55,2256.43,600843,-0.0257,-0.00438,-0.04612,0.00442,0.16071,-0.26849,4.5,4.61571,4.62516,4.9178,4.89699
2006-02-10,4.51,4.55,4.59,4.51,1949.08,600843,0.0,0.04358,0.00664,0.02477,0.1461,-0.27083,4.538,4.61714,4.62694,4.92252,4.89012
2006-02-13,4.55,4.64,4.65,4.47,3651.92,600843,0.01978,0.04505,0.02203,0.03341,0.18066,-0.23934,4.578,4.6219,4.62935,4.92829,4.88419
2006-02-14,4.59,4.79,4.81,4.59,10555.34,600843,0.03233,0.0692,0.05044,0.0574,0.157,-0.20564,4.64,4.63286,4.63355,4.93358,4.87915
2006-02-15,4.78,5.0,5.08,4.73,16687.28,600843,0.04384,0.07066,0.0846,0.06383,0.17096,-0.15825,4.706,4.65143,4.63839,4.93951,4.87533
2006-02-16,4.96,5.3,5.5,4.85,42098.22,600843,0.06,0.16484,0.12527,0.15217,0.15468,-0.07826,4.856,4.67952,4.64968,4.94528,4.8735
2006-02-17,5.25,5.02,5.25,4.89,11726.07,600843,-0.05283,0.1033,0.05241,0.14612,0.10573,-0.10357,4.95,4.69143,4.66,4.94919,4.87114
2006-02-20,5.02,4.98,5.29,4.95,7279.38,600843,-0.00797,0.07328,0.04622,0.13959,0.04842,-0.15878,5.018,4.7019,4.66984,4.95106,4.86732
2006-02-21,4.93,5.01,5.1,4.78,8038.31,600843,0.00602,0.04593,0.04812,0.14645,-0.04207,-0.13322,5.062,4.71286,4.68016,4.94927,4.86419
2006-02-22,5.03,5.01,5.25,4.95,4650.84,600843,0.0,0.002,0.05696,0.04158,-0.05114,-0.15798,5.064,4.72571,4.68339,4.94707,4.86037
2006-02-23,5.08,5.0,5.16,4.88,3861.94,600843,-0.002,-0.0566,0.07759,0.07527,-0.08088,-0.17081,5.004,4.74286,4.68903,4.9435,4.85618
2006-02-24,5.0,4.96,5.01,4.89,2556.61,600843,-0.008,-0.01195,0.07592,0.05308,-0.15646,-0.16639,4.992,4.75952,4.69306,4.93602,4.85215
2006-02-27,4.96,5.06,5.09,4.85,5888.3,600843,0.02016,0.01606,0.08351,0.05198,-0.07664,-0.14382,5.008,4.7781,4.6971,4.9326,4.8487
2006-02-28,5.0,4.98,5.06,4.85,3923.5,600843,-0.01581,-0.00599,0.05957,0.03534,-0.03301,-0.17413,5.002,4.79143,4.69984,4.93122,4.84443
2006-03-01,5.06,5.03,5.08,4.93,3671.83,600843,0.01004,0.00399,0.08874,0.07249,0.03498,-0.17945,5.006,4.81095,4.70532,4.9326,4.83996
2006-03-02,5.0,4.83,5.01,4.83,4984.0,600843,-0.03976,-0.034,0.0432,-0.00821,-0.00412,-0.25232,4.972,4.82048,4.70468,4.93244,4.83333
2006-03-03,4.82,4.79,4.89,4.73,3095.07,600843,-0.00828,-0.03427,0.04814,0.00209,-0.103,-0.26758,4.938,4.83095,4.70484,4.92797,4.82622
2006-03-06,4.75,4.67,4.82,4.66,2871.76,600843,-0.02505,-0.07708,0.0711,-0.02708,-0.20443,-0.27597,4.86,4.84571,4.70274,4.91821,4.81898
2006-03-07,4.67,4.57,4.68,4.54,4114.11,600843,-0.02141,-0.08233,0.02928,-0.05187,-0.15213,-0.27804,4.778,4.8519,4.69871,4.91154,4.81183
2006-03-08,4.52,4.57,4.59,4.5,1730.19,600843,0.0,-0.09145,0.02009,-0.0235,-0.1537,-0.28927,4.686,4.85619,4.69694,4.9048,4.80427
2006-03-09,4.59,4.52,4.62,4.51,2324.21,600843,-0.01094,-0.06418,-0.03212,-0.02165,-0.11198,-0.29595,4.624,4.84905,4.69532,4.90016,4.79654
2006-03-10,4.52,4.51,4.56,4.47,1744.68,600843,-0.00221,-0.05846,-0.00879,-0.00879,-0.13269,-0.29969,4.568,4.84714,4.69468,4.89455,4.7887
2006-03-13,4.51,4.51,4.53,4.42,1763.37,600843,0.0,-0.03426,-0.00879,0.02268,-0.13767,-0.2986,4.536,4.84524,4.69629,4.8887,4.78089
2006-03-14,4.52,4.51,4.56,4.46,1010.02,600843,0.0,-0.01313,-0.02802,0.03917,-0.18445,-0.2931,4.524,4.83905,4.69903,4.88041,4.77329
2006-03-15,4.51,4.62,4.64,4.5,3429.18,600843,0.02439,0.01094,-0.03549,0.02667,-0.21695,-0.28594,4.534,4.83095,4.70097,4.87,4.76577
2006-03-16,4.62,4.6,4.63,4.59,2137.69,600843,-0.00433,0.0177,-0.08,0.02679,-0.16364,-0.28237,4.55,4.8119,4.7029,4.86268,4.75841
2006-03-17,4.61,4.71,4.73,4.61,6372.61,600843,0.02391,0.04435,-0.11132,0.049,-0.15893,-0.24032,4.59,4.78381,4.70645,4.85545,4.75236
2006-03-20,4.72,4.98,4.99,4.62,10734.34,600843,0.05732,0.10421,-0.00797,0.10667,-0.09783,-0.19156,4.684,4.7819,4.71419,4.85106,4.74756
2006-03-21,4.92,4.81,4.99,4.74,7232.74,600843,-0.03414,0.06652,-0.03414,0.03888,-0.11905,-0.20232,4.744,4.77381,4.7171,4.84577,4.7426
2006-03-22,4.81,4.76,4.83,4.69,3235.49,600843,-0.0104,0.0303,-0.0499,0.04846,-0.0916,-0.18632,4.772,4.7619,4.72065,4.84187,4.73817
2006-03-23,4.84,4.8,4.88,4.76,4582.48,600843,0.0084,0.04348,-0.04192,0.04803,-0.10781,-0.17808,4.812,4.7519,4.72419,4.83715,4.73394
2006-03-24,4.8,4.66,4.85,4.65,4604.2,600843,-0.02917,-0.01062,-0.068,0.00431,-0.16934,-0.20205,4.802,4.73571,4.72452,4.82943,4.72915
2006-03-27,4.65,4.65,4.68,4.56,4419.07,600843,-0.00215,-0.06627,-0.0625,0.01087,-0.2198,-0.20103,4.736,4.72095,4.72532,4.81878,4.72439
2006-03-28,4.65,4.72,4.73,4.6,2330.74,600843,0.01505,-0.01871,-0.06719,0.03282,-0.22496,-0.19591,4.718,4.70476,4.72774,4.80764,4.71972
2006-03-29,4.7,4.7,4.78,4.68,2844.74,600843,-0.00424,-0.01261,-0.05622,0.02845,-0.21667,-0.14545,4.706,4.69143,4.72984,4.79707,4.71646
2006-03-30,4.69,4.62,4.7,4.59,2196.98,600843,-0.01702,-0.0375,-0.08151,-0.04938,-0.22742,-0.14603,4.67,4.6719,4.72597,4.78602,4.71325
2006-03-31,4.62,4.63,4.65,4.51,2756.91,600843,0.00216,-0.00644,-0.04141,-0.03542,-0.20172,-0.15046,4.664,4.66238,4.72323,4.7765,4.70992
2006-04-03,4.59,4.67,4.69,4.56,2701.73,600843,0.00864,0.0043,-0.02505,-0.02505,-0.1271,-0.13678,4.668,4.65667,4.72129,4.77098,4.70691
2006-04-04,4.68,4.9,4.9,4.58,10799.63,600843,0.04925,0.03814,0.04925,0.03158,-0.08752,-0.06667,4.704,4.66762,4.72371,4.76715,4.70549
2006-04-05,4.9,4.74,4.9,4.74,5958.9,600843,-0.03265,0.00851,0.0372,0.00637,-0.12384,-0.10734,4.712,4.67571,4.72419,4.76171,4.70317
2006-04-06,4.75,4.77,4.87,4.73,5172.71,600843,0.00633,0.03247,0.04376,-0.01037,-0.05545,-0.07198,4.742,4.68524,4.72339,4.75943,4.70167
2006-04-07,4.75,4.75,4.78,4.69,4191.01,600843,-0.00419,0.02592,0.05088,-0.00419,-0.09178,-0.12523,4.766,4.69619,4.72306,4.75553,4.6989
2006-04-10,4.76,4.84,4.85,4.7,5997.03,600843,0.01895,0.0364,0.07317,0.0708,-0.15088,-0.18928,4.8,4.7119,4.72823,4.74854,4.69431
2006-04-11,4.83,4.91,5.05,4.75,12253.94,600843,0.01446,0.00204,0.08869,0.0815,-0.09074,-0.1964,4.802,4.73095,4.73419,4.74455,4.68943
2006-04-12,4.78,4.83,4.95,4.51,6873.29,600843,-0.01629,0.01899,0.07095,0.05921,-0.07471,-0.17436,4.82,4.74619,4.73855,4.74138,4.68528
2006-04-13,4.83,5.05,5.18,4.8,27065.31,600843,0.04555,0.0587,0.09307,0.09544,-0.05253,-0.12174,4.876,4.76667,4.74565,4.73911,4.68244
2006-04-14,5.03,5.38,5.4,4.9,25176.85,600843,0.06535,0.13263,0.16957,0.14225,0.01701,-0.0692,5.002,4.80381,4.75645,4.73984,4.68081
2006-04-27,5.91,5.92,5.92,5.45,26586.58,600843,0.10037,0.22314,0.2569,0.24109,0.11909,0.0137,5.218,4.86143,4.775,4.74496,4.68114
2006-04-28,5.9,6.1,6.18,5.62,15194.84,600843,0.03041,0.24236,0.2249,0.28151,0.16858,0.05719,5.456,4.91476,4.79661,4.75211,4.68248
2006-05-08,6.12,6.02,6.17,5.83,13689.42,600843,-0.01311,0.24638,0.25156,0.25941,0.15326,0.08273,5.694,4.97238,4.81661,4.75862,4.68435
2006-05-09,6.03,6.62,6.62,5.81,23358.82,600843,0.09967,0.31089,0.39076,0.39662,0.2214,0.1614,6.008,5.06095,4.84694,4.76837,4.68809
2006-05-10,6.96,7.18,7.27,6.5,26863.61,600843,0.08459,0.33457,0.49583,0.54741,0.30545,0.28674,6.368,5.17429,4.8879,4.78203,4.69459
2006-06-15,4.2,4.24,4.7,4.0,45012.25,600843,-0.40947,-0.28378,-0.09013,-0.08026,-0.20599,-0.28859,6.032,5.15429,4.88194,4.77309,4.6876
2006-06-16,4.2,4.3,4.44,4.16,27427.31,600843,0.01415,-0.29508,-0.07527,-0.07923,-0.19776,-0.22801,5.672,5.13762,4.87597,4.76447,4.68244
2006-06-19,4.24,4.39,4.4,4.1,26558.31,600843,0.02093,-0.27076,-0.06992,-0.06596,-0.17944,-0.22301,5.346,5.1219,4.87097,4.75667,4.67732
2006-06-20,4.34,4.3,4.38,4.25,16234.67,600843,-0.0205,-0.35045,-0.08511,-0.06926,-0.18406,-0.20074,4.882,5.10286,4.86581,4.74878,4.67293
2006-06-21,4.3,4.21,4.32,4.16,15610.91,600843,-0.02093,-0.41365,-0.08874,-0.09071,-0.14431,-0.13017,4.288,5.08333,4.85903,4.74301,4.67037
2006-06-22,4.2,4.25,4.27,4.16,13626.79,600843,0.0095,0.00236,-0.08207,-0.07002,-0.07609,-0.02523,4.29,5.06524,4.85387,4.74016,4.66992
2006-06-23,4.22,4.29,4.33,4.18,15421.7,600843,0.00941,-0.00233,-0.08137,-0.01606,-0.01831,0.02878,4.288,5.04714,4.85274,4.73951,4.67041
2006-06-28,4.41,4.64,4.69,4.3,46195.85,600843,0.08159,0.05695,-0.05306,0.04505,0.02428,0.09953,4.338,5.03476,4.85597,4.74041,4.67211
2006-06-29,4.6,5.1,5.1,4.57,49384.74,600843,0.09914,0.18605,0.07595,0.13839,0.15646,0.32124,4.498,5.0519,4.86597,4.74602,4.67715
2006-06-30,5.3,5.61,5.61,5.1,70468.52,600843,0.1,0.33254,0.1761,0.20128,0.23841,0.40602,4.778,5.0919,4.88113,4.7548,4.68374
2006-07-03,5.59,6.09,6.14,5.4,60917.53,600843,0.08556,0.43294,0.28211,0.33846,0.37162,0.55357,5.146,5.15571,4.90597,4.76821,4.69256
2006-07-04,6.09,5.99,6.57,5.8,52795.01,600843,-0.01642,0.39627,0.2376,0.31648,0.33408,0.58047,5.486,5.21048,4.92919,4.78041,4.7015
2006-07-05,5.95,5.85,5.99,5.65,30235.88,600843,-0.02337,0.26078,0.19145,0.26078,0.29139,0.61602,5.728,5.25524,4.94871,4.79114,4.71057
2006-07-06,5.84,5.93,6.1,5.7,28569.32,600843,0.01368,0.16275,0.22774,0.238,0.2617,0.65642,5.894,5.30762,4.9671,4.80114,4.72012
2006-07-07,5.85,5.8,6.03,5.75,22904.2,600843,-0.02192,0.03387,0.14851,0.16,0.26087,0.6156,5.932,5.34333,4.98,4.81089,4.72911
2006-07-10,5.8,5.71,5.8,5.51,25548.46,600843,-0.01552,-0.0624,0.06134,0.07736,0.30365,0.54324,5.856,5.35905,4.98661,4.82171,4.73728
2006-07-11,5.68,5.79,5.98,5.65,24075.09,600843,0.01401,-0.03339,-0.02196,0.15339,0.32494,0.53175,5.816,5.35286,4.99903,4.83325,4.74545
2006-07-12,5.75,6.15,6.33,5.56,50391.97,600843,0.06218,0.05128,0.0082,0.23494,0.40732,0.60156,5.876,5.35524,5.0179,4.84772,4.75484
2006-07-13,6.08,5.54,6.08,5.54,29516.0,600843,-0.09919,-0.06577,-0.07973,0.10579,0.15177,0.43152,5.798,5.33238,5.02645,4.85366,4.76163
2006-07-14,5.2,5.32,5.65,5.08,22223.2,600843,-0.03971,-0.08276,-0.19637,0.06188,0.14409,0.35714,5.702,5.27048,5.03145,4.85911,4.76732
2006-07-17,5.31,5.25,5.38,5.12,13699.52,600843,-0.01316,-0.08056,-0.2688,0.05,0.11465,0.35309,5.61,5.17857,5.03548,4.8635,4.77289
2006-07-18,5.2,5.45,5.48,5.18,14188.22,600843,0.0381,-0.05872,0.28538,0.09879,0.13306,0.49725,5.542,5.23619,5.04339,4.8687,4.78024
2006-07-19,5.35,5.23,5.45,5.18,11879.63,600843,-0.04037,-0.14959,0.21628,0.0336,0.08732,0.40214,5.358,5.28048,5.04613,4.87211,4.78634
2006-07-20,5.23,5.29,5.35,5.2,8437.7,600843,0.01147,-0.04513,0.20501,0.06225,0.12793,0.38482,5.308,5.32333,5.05113,4.87699,4.79232
2006-07-21,5.29,5.36,5.41,5.27,10870.94,600843,0.01323,0.00752,0.24651,0.06561,0.10062,0.41425,5.316,5.37381,5.05645,4.88098,4.7987
2006-07-24,5.3,5.41,5.44,5.1,8542.69,600843,0.00933,0.03048,0.28504,0.12008,0.1318,0.3525,5.348,5.43095,5.06581,4.8861,4.80443
2006-07-25,5.41,5.52,5.63,5.41,13519.62,600843,0.02033,0.01284,0.29882,0.1524,0.15,0.36973,5.362,5.49143,5.07758,4.89195,4.81049
2006-07-26,5.49,5.38,5.57,5.38,9953.5,600843,-0.02536,0.02868,0.25408,0.15203,0.11618,0.37596,5.392,5.54333,5.08903,4.8965,4.81646
2006-07-27,5.36,5.24,5.45,5.2,6563.72,600843,-0.02602,-0.00945,0.12931,0.14661,0.11966,0.35751,5.382,5.5719,5.09984,4.90106,4.82207
2006-07-28,5.23,5.17,5.35,5.13,8620.95,600843,-0.01336,-0.03545,0.01373,0.13129,0.11905,0.36772,5.344,5.57524,5.10952,4.90553,4.82772
2006-07-31,5.16,4.65,5.21,4.65,12974.06,600843,-0.10058,-0.14048,-0.17112,0.02876,0.02198,0.19231,5.192,5.52952,5.11161,4.90634,4.83077
2006-08-01,4.65,4.61,4.8,4.55,8265.9,600843,-0.0086,-0.16486,-0.24302,0.02217,0.04535,0.07459,5.01,5.45905,5.11323,4.90797,4.83207
2006-08-02,4.68,4.6,4.69,4.51,5164.1,600843,-0.00217,-0.14498,-0.23205,0.01996,0.05991,-0.02542,4.854,5.39286,5.11468,4.91008,4.83159
2006-08-03,4.6,4.63,4.72,4.6,4238.31,600843,0.00652,-0.11641,-0.20855,0.02661,0.02889,-0.10097,4.732,5.33476,5.11661,4.91114,4.82947
2006-08-04,4.64,4.57,4.85,4.56,10944.43,600843,-0.01296,-0.11605,-0.22934,-0.01082,0.02009,-0.06352,4.612,5.27,5.11581,4.91187,4.82821
2006-08-07,4.5,4.29,4.5,4.18,7316.44,600843,-0.06127,-0.07742,-0.26034,-0.06739,-0.04454,-0.09302,4.54,5.1981,5.11081,4.91024,4.82642
2006-08-08,4.33,4.72,4.72,4.33,12137.74,600843,0.10023,0.02386,-0.17338,0.00212,0.04889,0.02165,4.562,5.15095,5.11097,4.91203,4.82683
2006-08-09,4.95,5.19,5.19,4.84,38982.06,600843,0.09958,0.12826,-0.10363,0.04217,0.12095,0.13567,4.68,5.12238,5.11435,4.91659,4.82935
2006-08-10,5.06,5.26,5.4,5.01,33408.47,600843,0.01349,0.13607,-0.14472,0.09356,0.15859,0.17411,4.806,5.08,5.12161,4.92244,4.83252
2006-08-11,5.2,5.1,5.25,5.02,19257.16,600843,-0.03042,0.11597,-0.07942,0.07143,0.11354,0.08974,4.912,5.05905,5.1271,4.92667,4.83423
2006-08-14,5.05,4.86,5.23,4.75,17533.52,600843,-0.04706,0.13287,-0.08647,0.0125,0.04741,-0.0041,5.026,5.03714,5.12806,4.92846,4.83415
2006-08-15,4.84,5.08,5.15,4.82,15604.8,600843,0.04527,0.07627,-0.03238,0.09013,0.10435,0.10435,5.098,5.02905,5.13484,4.93236,4.8361
2006-08-16,5.08,5.22,5.34,5.0,23141.75,600843,0.02756,0.00578,-0.0422,0.12258,0.14223,0.16779,5.104,5.0181,5.14403,4.93764,4.83915
2006-08-17,5.14,5.16,5.22,5.01,13193.3,600843,-0.01149,-0.01901,-0.01338,0.09322,0.1291,0.16742,5.084,5.01476,5.15113,4.94244,4.84215
2006-08-18,5.15,5.11,5.24,5.09,9301.07,600843,-0.00969,0.00196,-0.03403,0.08723,0.05144,0.13556,5.086,5.00619,5.15774,4.94447,4.84463
2006-08-21,4.8,5.11,5.11,4.7,8184.33,600843,0.0,0.05144,-0.04664,0.10606,0.06458,0.10606,5.136,4.99429,5.16565,4.94699,4.84663
2006-08-22,5.05,5.28,5.47,5.05,25339.57,600843,0.03327,0.03937,-0.02403,0.14039,0.1023,0.21101,5.176,4.9881,5.17613,4.95098,4.85037
2006-08-23,5.27,5.24,5.47,5.21,18373.11,600843,-0.00758,0.00383,-0.05072,0.12206,0.10316,0.21016,5.18,4.97476,5.18532,4.95496,4.85407
2006-08-24,5.2,5.64,5.65,5.18,32788.29,600843,0.07634,0.09302,0.04833,0.15102,0.19745,0.32706,5.276,4.98714,5.19726,4.96252,4.85972
2006-08-25,5.58,5.51,5.65,5.44,22404.79,600843,-0.02305,0.07828,0.05153,0.16245,0.14315,0.39494,5.356,5.0,5.20968,4.96813,4.86606
2006-08-28,5.55,5.63,5.77,5.37,23547.3,600843,0.02178,0.10176,0.08897,0.18029,0.18029,0.37653,5.46,5.0219,5.22355,4.97512,4.87232
2006-08-29,5.57,5.6,5.74,5.46,28232.77,600843,-0.00533,0.06061,0.2043,0.17895,0.23894,0.43223,5.524,5.06714,5.23726,4.9839,4.87919
2006-08-30,5.51,5.56,5.68,5.48,14437.15,600843,-0.00714,0.06107,0.20607,0.14876,0.22467,0.46316,5.588,5.11238,5.24887,4.9922,4.88634
2006-08-31,5.55,5.8,5.84,5.52,37690.15,600843,0.04317,0.02837,0.26087,0.18126,0.27193,0.50259,5.62,5.16952,5.26323,5.00228,4.89423
2006-09-01,5.85,5.46,5.9,5.45,30665.29,600843,-0.05862,-0.00907,0.17927,0.13043,0.18438,0.46381,5.61,5.20905,5.27339,5.00919,4.90126
2006-09-04,5.41,5.5,5.6,5.41,12640.01,600843,0.00733,-0.02309,0.2035,0.08911,0.16773,0.52355,5.584,5.25333,5.28065,5.01561,4.90894
2006-09-05,5.56,5.46,5.56,5.36,12345.19,600843,-0.00727,-0.025,0.27273,0.01487,0.14465,0.456,5.556,5.30905,5.28194,5.02122,4.91589
2006-09-06,5.46,5.52,5.53,5.42,6088.63,600843,0.01099,-0.00719,0.16949,-0.06757,0.15966,0.46419,5.548,5.34714,5.27548,5.0274,4.92301
2006-09-07,5.54,5.35,5.54,5.33,5446.93,600843,-0.0308,-0.07759,0.03083,-0.12295,0.11925,0.4042,5.458,5.35476,5.26339,5.03203,4.92927
2006-09-08,5.35,5.32,5.4,5.26,6462.53,600843,-0.00561,-0.02564,0.01141,-0.11628,0.12236,0.50282,5.43,5.35762,5.2521,5.03675,4.9365
2006-09-11,5.32,5.38,5.38,5.25,7640.24,600843,0.01128,-0.02182,0.0549,-0.18731,0.15948,0.49444,5.406,5.37095,5.2321,5.04276,4.94374
2006-09-12,5.4,5.39,5.42,5.3,6564.64,600843,0.00186,-0.01282,0.10905,-0.2493,0.1692,0.5098,5.392,5.39619,5.20323,5.04911,4.95114
2006-09-13,5.38,5.36,5.48,5.34,8962.36,600843,-0.00557,-0.02899,0.05512,0.26415,0.14775,0.48889,5.36,5.40952,5.22129,5.05472,4.95829
2006-09-14,5.34,5.14,5.34,5.08,11919.85,600843,-0.04104,-0.03925,-0.01533,0.19535,0.09362,0.43978,5.318,5.40571,5.23484,5.05829,4.96467
2006-09-15,5.14,5.19,5.23,5.13,6327.94,600843,0.00973,-0.02444,0.00581,0.18223,0.12338,0.41803,5.292,5.40714,5.24774,5.06293,4.97089
2006-09-18,5.14,5.4,5.42,5.14,9154.0,600843,0.04046,0.00372,0.05675,0.25581,0.16631,0.5,5.296,5.42095,5.26548,5.06919,4.97821
2006-09-19,5.39,5.51,5.76,5.31,23428.69,600843,0.02037,0.02226,0.07828,0.30879,0.20569,0.42746,5.32,5.44,5.28645,5.07683,4.98492
2006-09-21,5.45,5.41,5.51,5.35,9429.25,600843,-0.01815,0.00933,0.02462,0.27294,0.24083,0.39075,5.33,5.44619,5.30516,5.08537,4.9911
2006-09-22,5.41,5.28,5.48,5.28,6639.29,600843,-0.02403,0.02724,0.00763,0.23077,0.18919,0.37859,5.358,5.4481,5.32113,5.0922,4.99699
2006-09-25,5.21,5.25,5.45,5.2,5958.96,600843,-0.00568,0.01156,-0.06915,0.13147,0.17187,0.34615,5.37,5.42952,5.33097,5.09846,5.00248
2006-09-26,5.21,5.18,5.33,5.16,5526.25,600843,-0.01333,-0.04074,-0.05989,0.01569,0.10921,0.32481,5.326,5.41381,5.33226,5.1026,5.00764
2006-09-27,5.19,5.26,5.3,5.17,3579.3,600843,0.01544,-0.04537,-0.06572,-0.06239,0.15604,0.34184,5.276,5.39619,5.32661,5.10837,5.01309
2006-09-28,5.27,5.39,5.5,5.21,10051.92,600843,0.02471,-0.0037,-0.0375,-0.11494,0.18462,0.35768,5.272,5.38619,5.31532,5.1152,5.01886
2006-09-29,5.39,5.38,5.49,5.33,9160.71,600843,-0.00186,0.01894,-0.03237,-0.10184,0.15948,0.36896,5.292,5.37762,5.30548,5.12122,5.02476
2006-10-09,5.45,5.41,5.45,5.34,7450.2,600843,0.00558,0.03048,-0.06724,-0.07521,0.12944,0.30676,5.324,5.35905,5.29839,5.12626,5.02992
2006-10-10,5.47,5.68,5.75,5.45,25652.95,600843,0.04991,0.09653,0.04029,-0.04216,0.136,0.33021,5.424,5.36952,5.29435,5.13179,5.03565
2006-10-11,5.61,5.71,5.84,5.49,20813.6,600843,0.00528,0.08555,0.03818,-0.01552,0.07736,0.24401,5.514,5.37952,5.2929,5.13512,5.0402
2006-10-12,5.68,5.59,5.8,5.54,14600.86,600843,-0.02102,0.03711,0.02381,-0.02102,0.11355,0.23128,5.554,5.38571,5.29097,5.13976,5.04447
2006-10-13,5.57,5.53,5.61,5.48,7709.78,600843,-0.01073,0.02788,0.00181,-0.04491,0.11044,0.16421,5.584,5.38619,5.28677,5.14423,5.04764
2006-10-16,5.52,5.55,5.6,5.49,8647.43,600843,0.00362,0.02588,0.03738,-0.09756,0.10778,0.06119,5.612,5.39571,5.2771,5.14862,5.04894
2006-10-17,5.5,5.43,5.56,5.38,6850.64,600843,-0.02162,-0.04401,0.02068,-0.01986,0.08383,0.02841,5.562,5.40095,5.27532,5.15203,5.04955
2006-10-18,5.45,5.5,5.53,5.43,5975.63,600843,0.01289,-0.03678,0.0223,0.03383,0.1,0.01103,5.52,5.40667,5.27823,5.1561,5.0498
2006-10-19,5.5,5.5,5.55,5.45,6770.35,600843,0.0,-0.0161,0.02041,0.04762,0.10887,-0.06463,5.502,5.4119,5.28226,5.16049,5.04825
2006-10-20,5.5,5.32,5.5,5.31,6999.84,600843,-0.03273,-0.03797,-0.00746,-0.02385,0.05138,-0.0292,5.46,5.41,5.28016,5.1626,5.0476
2006-10-23,5.3,5.02,5.32,4.96,14588.24,600843,-0.05639,-0.0955,-0.02335,-0.04015,0.00803,-0.02524,5.354,5.40429,5.27677,5.16293,5.04707
2006-10-24,5.0,5.16,5.19,5.0,8728.2,600843,0.02789,-0.04972,-0.00578,-0.02457,0.02584,0.06173,5.3,5.40286,5.27468,5.16398,5.04829
2006-10-25,5.14,5.12,5.2,5.05,4321.32,600843,-0.00775,-0.06909,-0.05185,-0.04478,0.06004,0.05567,5.224,5.38952,5.27081,5.16634,5.04939
2006-10-26,5.12,5.06,5.12,5.04,4659.62,600843,-0.01172,-0.08,-0.08167,-0.0647,0.05637,-0.05243,5.136,5.3681,5.26516,5.16854,5.04825
2006-10-27,5.06,4.97,5.11,4.88,4946.41,600843,-0.01779,-0.06579,-0.08133,-0.09964,0.06424,-0.15332,5.066,5.34714,5.25629,5.17098,5.04459
2006-10-30,4.97,4.85,4.97,4.68,4313.74,600843,-0.02414,-0.03386,-0.08144,-0.09851,0.06127,-0.10019,5.032,5.32667,5.24774,5.17325,5.0424
2006-10-31,4.84,4.96,4.99,4.82,3261.89,600843,0.02268,-0.03876,-0.05524,-0.05344,0.08534,-0.08148,4.992,5.31286,5.24323,5.17642,5.04061
2006-11-01,4.96,4.96,5.05,4.92,3366.59,600843,0.0,-0.03125,-0.04247,-0.04062,0.09735,-0.02554,4.96,5.30238,5.23984,5.18,5.04008
2006-11-02,4.98,5.09,5.1,4.97,3998.04,600843,0.02621,0.00593,-0.03232,0.09462,0.1286,-0.02115,4.966,5.29429,5.24694,5.18472,5.03963
2006-11-03,5.05,5.02,5.09,4.97,3511.99,600843,-0.01375,0.01006,-0.06865,0.08894,0.11308,-0.04015,4.976,5.27667,5.25355,5.18886,5.03878
2006-11-06,5.02,4.91,5.02,4.89,4473.55,600843,-0.02191,0.01237,-0.08736,0.06739,0.08869,-0.11212,4.988,5.25429,5.25855,5.19211,5.03626
2006-11-07,4.93,4.89,4.95,4.71,3987.79,600843,-0.00407,-0.01411,-0.09612,0.05616,0.05844,-0.17119,4.974,5.22952,5.26274,5.19431,5.03215
2006-11-08,4.89,4.86,4.93,4.78,2759.4,600843,-0.00613,-0.02016,-0.14437,0.06346,0.05652,-0.11636,4.954,5.19048,5.26742,5.19642,5.02955
2006-11-09,4.82,4.85,4.88,4.8,2691.95,600843,-0.00206,-0.04715,-0.15061,0.13054,0.02972,-0.13393,4.906,5.14952,5.27645,5.19756,5.0265
2006-11-10,4.9,4.67,4.9,4.65,4278.5,600843,-0.03711,-0.06972,-0.16458,-0.01059,-0.06225,-0.15399,4.836,5.10571,5.27565,5.19504,5.02305
2006-11-13,4.66,4.4,4.71,4.32,6382.82,600843,-0.05782,-0.10387,-0.20434,-0.15222,-0.08524,-0.19414,4.734,5.0519,5.2629,5.19171,5.01874
2006-11-14,4.39,4.56,4.58,4.27,5985.09,600843,0.03636,-0.06748,-0.17838,-0.13308,-0.04202,-0.12977,4.668,5.00476,5.25161,5.19008,5.01598
2006-11-15,4.52,4.58,4.62,4.46,3326.17,600843,0.00439,-0.05761,-0.15654,-0.10196,-0.04583,-0.1487,4.612,4.96429,5.24323,5.18829,5.01272
2006-11-16,4.58,4.43,4.58,4.4,4929.5,600843,-0.03275,-0.0866,-0.19455,-0.08848,-0.04936,-0.21034,4.528,4.91333,5.23629,5.18642,5.00793
2006-11-17,4.4,4.42,4.46,4.37,3864.86,600843,-0.00226,-0.05353,-0.19636,-0.12992,-0.04946,-0.25839,4.478,4.8619,5.22565,5.18455,5.00167
2006-11-20,4.44,4.52,4.6,4.41,7913.58,600843,0.02262,0.02727,-0.15038,-0.1341,-0.04237,-0.2578,4.502,4.82381,5.21435,5.18293,4.99528
2006-11-21,4.52,4.58,4.64,4.47,6519.65,600843,0.01327,0.00439,-0.08765,-0.1124,-0.02553,-0.23667,4.506,4.80286,5.205,5.18195,4.98951
2006-11-22,4.58,4.69,4.71,4.55,7524.69,600843,0.02402,0.02402,-0.09109,-0.08219,0.01515,-0.21572,4.528,4.78048,5.19823,5.18252,4.98427
2006-11-23,4.66,4.7,4.73,4.59,6049.45,600843,0.00213,0.06095,-0.08203,-0.08023,0.01512,-0.18966,4.582,4.76048,5.19161,5.18309,4.9798
2006-11-24,4.67,4.68,4.71,4.6,5823.11,600843,-0.00426,0.05882,-0.0751,-0.11364,0.00214,-0.12523,4.634,4.74238,5.18194,5.18317,4.97707
2006-11-27,4.82,4.8,4.95,4.78,10523.19,600843,0.02564,0.06195,-0.03421,-0.08397,-0.02041,-0.10615,4.69,4.73429,5.17484,5.18236,4.97476
2006-11-28,4.78,4.75,4.82,4.7,5990.0,600843,-0.01042,0.03712,-0.02062,-0.1578,0.00211,-0.122,4.724,4.72952,5.16048,5.18244,4.97207
2006-11-29,4.68,4.75,4.75,4.61,5027.21,600843,0.0,0.01279,-0.04234,-0.13793,-0.00419,-0.05941,4.736,4.71952,5.14823,5.18228,4.97085
2006-11-30,4.71,4.84,4.87,4.71,11878.16,600843,0.01895,0.02979,-0.02419,-0.14032,0.01895,-0.07457,4.764,4.71381,5.13548,5.18301,4.96927
2006-12-01,4.88,4.85,4.93,4.78,13913.94,600843,0.00207,0.03632,-0.04715,-0.13393,0.00207,-0.14912,4.798,4.70238,5.12339,5.18309,4.96581
2006-12-04,4.86,4.87,4.93,4.77,11960.33,600843,0.00412,0.01458,-0.02988,-0.1241,-0.00815,-0.09815,4.812,4.69524,5.11226,5.18276,4.96366
2006-12-05,4.87,4.85,4.89,4.75,13650.7,600843,-0.00411,0.02105,-0.01222,-0.16379,0.00414,-0.07088,4.832,4.69238,5.09694,5.18293,4.96215
2006-12-06,4.85,4.68,4.89,4.5,11620.16,600843,-0.03505,-0.01474,-0.04294,-0.14286,-0.07327,-0.12195,4.818,4.68238,5.08435,5.17992,4.95951
2006-12-07,4.6,4.59,4.7,4.59,8444.0,600843,-0.01923,-0.05165,-0.05556,-0.16545,-0.14684,-0.13233,4.768,4.66952,5.06968,5.1735,4.95667
2006-12-08,4.51,4.54,4.77,4.5,7235.0,600843,-0.01089,-0.06392,-0.06392,-0.1685,-0.23311,-0.14178,4.706,4.65476,5.05484,5.16228,4.95362
2006-12-11,4.52,4.62,4.68,4.52,5265.44,600843,0.01762,-0.05133,-0.01071,-0.16304,-0.24262,-0.11494,4.656,4.65238,5.04032,5.15024,4.95118
2006-12-12,4.65,4.84,4.91,4.31,18132.43,600843,0.04762,-0.00206,0.1,-0.09533,-0.19601,-0.0728,4.654,4.67333,5.0321,5.14065,4.94963
2006-12-13,4.79,4.77,4.82,4.68,7624.04,600843,-0.01446,0.01923,0.04605,-0.10338,-0.27946,-0.11993,4.672,4.68333,5.02323,5.12561,4.94699
2006-12-14,4.77,4.76,4.85,4.74,9198.45,600843,-0.0021,0.03704,0.0393,-0.11524,-0.33705,-0.13455,4.706,4.6919,5.01323,5.10593,4.94398
2006-12-15,4.71,4.73,4.76,4.66,10953.27,600843,-0.0063,0.04185,0.06772,-0.12245,0.11557,-0.11423,4.744,4.70619,5.00258,5.10992,4.9415
2006-12-18,4.76,5.2,5.2,4.76,58970.38,600843,0.09937,0.12554,0.17647,-0.02985,0.2093,-0.02985,4.86,4.74333,5.0,5.11724,4.94085
2006-12-19,5.48,5.43,5.48,5.1,69630.52,600843,0.04423,0.1219,0.20133,0.05642,0.2369,0.01495,4.978,4.78667,5.00468,5.12569,4.94118
2006-12-20,5.35,5.66,5.9,5.3,44996.87,600843,0.04236,0.18658,0.23581,0.09056,0.31628,0.074,5.156,4.8381,5.01226,5.13675,4.94276
2006-12-21,5.55,5.46,5.85,5.45,31396.4,600843,-0.03534,0.14706,0.16418,0.01111,0.29691,0.10976,5.296,4.87476,5.01323,5.14691,4.94496
2006-12-22,5.35,5.28,5.48,5.25,15511.2,600843,-0.03297,0.11628,0.1234,-0.04174,0.24235,0.14783,5.406,4.90238,5.00952,5.15528,4.94772
2006-12-25,5.28,5.29,5.38,5.24,10890.67,600843,0.00189,0.01731,0.13034,-0.02218,0.2331,0.21053,5.424,4.93143,5.00758,5.16341,4.95146
2006-12-26,5.3,5.11,5.37,5.08,11884.64,600843,-0.03403,-0.05893,0.06458,-0.0322,0.10129,0.12804,5.36,4.94619,5.00484,5.16724,4.95382
2006-12-27,5.1,5.15,5.29,4.91,14326.14,600843,0.00783,-0.09011,0.08421,-0.01905,0.0098,0.1678,5.258,4.96524,5.00323,5.16764,4.95683
2006-12-28,5.15,4.94,5.15,4.88,10507.68,600843,-0.04078,-0.09524,0.04,-0.04633,-0.11943,0.09051,5.154,4.97429,4.99935,5.1622,4.9585
2006-12-29,4.94,4.96,5.06,4.93,9105.91,600843,0.00405,-0.06061,0.02479,-0.05703,-0.18555,0.11712,5.09,4.98,4.99452,5.15301,4.96061
2007-01-04,4.95,5.06,5.18,4.9,13810.9,600843,0.02016,-0.04348,0.0433,-0.06122,-0.15526,0.12695,5.044,4.99,4.98919,5.14545,4.96293
2007-01-05,5.39,5.1,5.39,5.06,10483.55,600843,0.00791,-0.00196,0.04723,-0.05204,-0.12821,0.12583,5.042,5.00095,4.98468,5.13935,4.96524
2007-01-08,5.05,5.27,5.3,5.05,11213.94,600843,0.03333,0.0233,0.0866,-0.02588,-0.1113,0.12128,5.066,5.02095,4.98242,5.13398,4.96756
2007-01-09,5.3,5.33,5.36,5.21,14647.73,600843,0.01139,0.07895,0.13889,-0.06162,-0.08103,0.1587,5.144,5.0519,4.97677,5.13016,4.97053
2007-01-10,5.34,5.36,5.37,5.24,15505.43,600843,0.00563,0.08065,0.16776,-0.0613,-0.0613,0.22374,5.224,5.08857,4.97113,5.12732,4.97451
2007-01-11,5.43,5.4,5.66,5.31,25624.26,600843,0.00746,0.06719,0.18943,-0.03399,-0.06736,0.2357,5.292,5.12952,4.96806,5.12415,4.9787
2007-01-12,5.45,5.55,5.65,5.3,35412.49,600843,0.02778,0.08824,0.2013,0.00362,-0.09756,0.27002,5.382,5.17381,4.96839,5.11927,4.9835
2007-01-15,5.5,5.7,5.7,5.41,30074.37,600843,0.02703,0.08159,0.17769,0.02703,0.02888,0.18503,5.468,5.21476,4.97081,5.12057,4.98711
2007-01-16,5.72,5.63,5.75,5.54,23418.0,600843,-0.01228,0.05629,0.18029,0.03683,0.05827,0.21075,5.528,5.25571,4.97403,5.12309,4.9911
2007-01-17,5.6,5.38,5.63,5.3,20687.07,600843,-0.0444,0.00373,0.13025,-0.02182,0.02476,0.14225,5.532,5.28524,4.9721,5.12415,4.99382
2007-01-18,5.39,5.53,5.57,5.31,13417.67,600843,0.02788,0.02407,0.16913,0.00545,0.01468,0.14969,5.558,5.32333,4.97258,5.1248,4.99675
2007-01-19,5.5,6.04,6.07,5.49,55606.97,600843,0.09222,0.08829,0.16154,0.13534,0.15488,0.25572,5.656,5.36333,4.98419,5.13138,5.00175
2007-01-22,6.15,6.24,6.32,6.01,72260.28,600843,0.03311,0.09474,0.14917,0.24303,0.17958,0.33049,5.764,5.4019,5.00387,5.13911,5.00805
2007-01-23,6.23,6.8,6.86,5.95,65616.63,600843,0.08974,0.20782,0.20141,0.31783,0.26866,0.3963,5.998,5.45619,5.03032,5.15081,5.01589
2007-01-24,6.58,6.58,6.84,6.5,41016.46,600843,-0.03235,0.22305,0.20513,0.28516,0.21627,0.37657,6.238,5.50952,5.05387,5.16033,5.02321
2007-01-25,6.61,6.06,6.68,6.02,30838.68,600843,-0.07903,0.09584,0.14773,0.19763,0.09783,0.2625,6.344,5.54667,5.07,5.16472,5.02833
2007-01-26,6.02,5.98,6.14,5.64,22579.95,600843,-0.0132,-0.00993,0.13043,0.20322,0.11152,0.24066,6.332,5.57952,5.08629,5.16959,5.03305
2007-01-29,6.13,6.24,6.29,6.0,18526.08,600843,0.04348,0.0,0.22114,0.2866,0.19084,0.33333,6.332,5.63333,5.10871,5.17772,5.03939
2007-01-30,6.28,6.01,6.34,5.91,19806.49,600843,-0.03686,-0.11618,0.16699,0.21169,0.16248,0.30087,6.174,5.67429,5.12565,5.18455,5.04504
2007-01-31,6.01,5.73,6.01,5.7,13691.87,600843,-0.04659,-0.12918,0.15992,0.15524,0.23226,0.25934,6.004,5.7119,5.13806,5.19333,5.04984
2007-02-01,5.7,6.04,6.17,5.6,22241.2,600843,0.0541,-0.0033,0.21774,0.18664,0.3102,0.36961,6.0,5.76333,5.15339,5.20496,5.05646
2007-02-02,6.0,5.94,6.29,5.91,19453.64,600843,-0.01656,-0.00669,0.17391,0.18327,0.2913,0.36866,5.992,5.80524,5.16823,5.21585,5.06297
2007-02-05,5.86,6.1,6.2,5.86,11600.6,600843,0.02694,-0.02244,0.19608,0.24236,0.31749,0.35556,5.964,5.85286,5.18742,5.2278,5.06947
2007-02-06,6.15,6.24,6.27,6.1,11989.56,600843,0.02295,0.03827,0.18406,0.27607,0.36543,0.39286,6.01,5.89905,5.20919,5.24138,5.07663
2007-02-07,6.25,6.22,6.33,6.13,14535.7,600843,-0.00321,0.08551,0.16698,0.27984,0.44988,0.3853,6.108,5.94143,5.23113,5.25707,5.08366
2007-02-08,6.23,6.35,6.38,6.16,18235.01,600843,0.0209,0.05132,0.1847,0.30928,0.34534,0.41111,6.17,5.98857,5.25532,5.27033,5.09118
2007-02-09,6.35,6.24,6.38,6.17,15015.31,600843,-0.01732,0.05051,0.15556,0.33619,0.20231,0.34773,6.23,6.02857,5.28065,5.27886,5.09772
2007-02-12,6.25,6.34,6.4,6.24,17473.11,600843,0.01603,0.03934,0.14234,0.44091,0.20532,0.39648,6.278,6.06619,5.31194,5.28764,5.10504
2007-02-13,6.35,6.54,6.55,6.35,21012.54,600843,0.03155,0.04808,0.14737,0.43421,0.28235,0.42795,6.338,6.10619,5.34387,5.29935,5.11301
2007-02-14,6.57,6.83,6.88,6.43,23012.43,600843,0.04434,0.09807,0.21314,0.49127,0.40535,0.47198,6.46,6.16333,5.38016,5.31537,5.12191
2007-02-15,6.97,6.93,6.98,6.71,27090.72,600843,0.01464,0.09134,0.2881,0.56433,0.36417,0.50652,6.576,6.23714,5.42048,5.33041,5.13138
2007-02-16,7.25,6.95,7.45,6.93,52517.88,600843,0.00289,0.11378,0.25678,0.5724,0.33142,0.52079,6.718,6.30476,5.46129,5.34447,5.14106
2007-02-26,7.0,7.18,7.2,6.73,26381.47,600843,0.03309,0.13249,0.18874,0.5885,0.39147,0.57112,6.886,6.35905,5.50419,5.36089,5.15167
2007-02-27,7.15,6.46,7.36,6.46,30831.93,600843,-0.10028,-0.01223,0.03526,0.41048,0.26419,0.32922,6.87,6.36952,5.53452,5.37187,5.15817
2007-02-28,6.26,6.74,6.77,6.23,19504.45,600843,0.04334,-0.01318,-0.00882,0.4371,0.31898,0.40417,6.852,6.36667,5.56758,5.38512,5.16606
2007-03-01,6.74,6.94,7.14,6.42,38575.63,600843,0.02967,0.00144,0.05471,0.4766,0.31439,0.44885,6.854,6.38381,5.60371,5.39862,5.1748
2007-03-02,6.99,7.41,7.63,6.87,57377.65,600843,0.06772,0.06619,0.22277,0.58333,0.41412,0.56,6.946,6.4481,5.64774,5.41626,5.18561
2007-03-05,7.3,7.06,7.39,6.67,31991.36,600843,-0.04723,-0.01671,0.1806,0.47083,0.25177,0.49894,6.922,6.49952,5.68419,5.4278,5.19516
2007-03-06,6.8,7.15,7.24,6.78,16496.24,600843,0.01275,0.10681,0.14583,0.50526,0.29764,0.4834,7.06,6.54286,5.7229,5.44114,5.20463
2007-03-07,7.15,7.48,7.54,7.05,28131.59,600843,0.04615,0.10979,0.24459,0.57474,0.3286,0.56813,7.208,6.61286,5.76694,5.45618,5.21565
2007-03-08,7.94,7.38,7.98,7.3,34991.59,600843,-0.01337,0.0634,0.28796,0.52479,0.31786,0.63274,7.296,6.69143,5.8079,5.47065,5.22728
2007-03-09,7.43,7.28,7.47,7.11,28563.25,600843,-0.01355,-0.01754,0.2053,0.50103,0.30935,0.60352,7.27,6.75048,5.8471,5.48463,5.23841
2007-03-12,7.3,7.6,8.0,7.27,31857.94,600843,0.04396,0.07649,0.27946,0.56057,0.31034,0.66667,7.378,6.82952,5.89113,5.49927,5.25077
2007-03-13,7.62,7.62,7.7,7.41,25826.27,600843,0.00263,0.06573,0.24918,0.57113,0.3956,0.65293,7.472,6.9019,5.93581,5.51683,5.26301
2007-03-14,7.5,7.38,7.53,7.24,21809.43,600843,-0.0315,-0.01337,0.18269,0.57692,0.34182,0.56688,7.452,6.95619,5.97935,5.53211,5.27386
2007-03-15,7.48,7.71,7.85,7.38,37949.75,600843,0.04472,0.04472,0.23955,0.67974,0.41209,0.61635,7.518,7.02714,6.02968,5.55041,5.28581
2007-03-16,7.72,7.54,7.84,7.3,33491.69,600843,-0.02205,0.03571,0.1874,0.66079,0.36594,0.58403,7.57,7.08381,6.07806,5.56683,5.29711
2007-03-19,7.2,8.29,8.29,7.15,48212.66,600843,0.09947,0.09079,0.32853,0.79437,0.54953,0.73431,7.708,7.18143,6.13726,5.59073,5.31138
2007-03-20,8.28,8.58,8.97,8.0,79674.08,600843,0.03498,0.12598,0.35331,0.77273,0.61278,0.81013,7.9,7.2881,6.19758,5.61724,5.32699
2007-03-21,8.51,8.5,8.95,8.45,47614.17,600843,-0.00932,0.15176,0.29969,0.78197,0.57993,0.8319,8.124,7.38143,6.25774,5.6426,5.34268
2007-03-22,8.55,8.43,8.65,8.37,29694.19,600843,-0.00824,0.09339,0.23426,0.77101,0.56401,0.82863,8.268,7.45762,6.31694,5.66732,5.35821
2007-03-23,8.4,8.35,8.43,8.08,25001.3,600843,-0.00949,0.10743,0.20491,0.76533,0.55784,0.78801,8.43,7.52524,6.37532,5.69163,5.37317
2007-03-26,8.26,8.79,8.83,8.26,36130.37,600843,0.05269,0.06031,0.26475,0.69038,0.71012,0.87021,8.53,7.61286,6.43323,5.7213,5.3898
2007-03-27,8.78,8.79,9.08,8.68,32015.77,600843,0.0,0.02448,0.22423,0.61878,0.69364,0.9026,8.572,7.68952,6.48742,5.75057,5.40675
2007-03-28,8.76,9.0,9.29,8.15,44148.85,600843,0.02389,0.05882,0.39319,0.59011,0.66667,0.94384,8.672,7.81048,6.54129,5.77984,5.42451
2007-03-29,8.98,8.33,8.98,8.31,28919.88,600843,-0.07444,-0.01186,0.23591,0.52564,0.5118,0.82276,8.652,7.88619,6.58758,5.80276,5.4398
2007-03-30,8.27,8.39,8.54,8.15,13873.89,600843,0.0072,0.00479,0.20893,0.58902,0.55083,0.92431,8.66,7.95524,6.63774,5.82699,5.45618
2007-04-02,8.49,8.72,8.75,8.39,15510.92,600843,0.03933,-0.00796,0.17679,0.64839,0.65152,0.96396,8.646,8.01762,6.69306,5.85496,5.47358
2007-04-03,8.72,8.99,9.19,8.66,29954.45,600843,0.03096,0.02275,0.27337,0.7593,0.71238,1.0067,8.686,8.10952,6.75565,5.88537,5.49191
2007-04-04,8.99,8.86,9.05,8.7,19610.26,600843,-0.01446,-0.01556,0.23916,0.72039,0.71042,0.89722,8.658,8.19095,6.81548,5.91528,5.50894
2007-04-05,8.81,8.8,8.99,8.6,21421.44,600843,-0.00677,0.05642,0.17647,0.78138,0.673,0.93407,8.752,8.25381,6.87774,5.94407,5.52622
2007-04-06,8.76,8.95,9.03,8.7,24526.56,600843,0.01705,0.06675,0.21274,0.80444,0.66048,0.96703,8.864,8.32857,6.9421,5.97301,5.54411
2007-04-09,9.12,9.2,9.28,8.95,33923.23,600843,0.02793,0.05505,0.26374,0.81818,0.71004,0.98276,8.96,8.42,7.00887,6.00407,5.56264
2007-04-10,9.19,8.99,9.19,8.82,22921.77,600843,-0.02283,0.0,0.18289,0.76275,0.66174,0.87683,8.96,8.48619,7.07161,6.03317,5.57972
2007-04-11,9.0,8.95,9.07,8.72,20865.89,600843,-0.00445,0.01016,0.17454,0.69829,0.5757,0.79,8.978,8.54952,7.13097,6.05976,5.59577
2007-04-12,8.98,9.11,9.22,8.9,22036.24,600843,0.01788,0.03523,0.23442,0.70919,0.59545,0.71887,9.04,8.6319,7.19194,6.0874,5.61126
2007-04-13,9.05,9.1,9.49,8.91,33329.29,600843,-0.0011,0.01676,0.18029,0.69776,0.62791,0.81275,9.07,8.6981,7.25226,6.11593,5.62785
2007-04-16,9.17,9.45,9.5,9.09,35300.93,600843,0.03846,0.02717,0.25332,0.75,0.70886,0.89759,9.12,8.78905,7.31758,6.1478,5.64602
2007-04-17,9.4,9.68,9.8,9.16,37858.8,600843,0.02434,0.07675,0.16767,0.74414,0.74414,0.93214,9.258,8.85524,7.38419,6.18138,5.665
2007-04-18,9.76,9.84,10.29,9.58,40069.48,600843,0.01653,0.09944,0.14685,0.72632,0.81215,0.96407,9.436,8.91524,7.45097,6.21724,5.68463
2007-04-19,9.95,10.1,10.18,9.5,57260.17,600843,0.02642,0.10867,0.18824,0.79396,0.83636,1.02,9.634,8.99143,7.52306,6.25463,5.70537
2007-04-20,10.13,10.95,11.11,10.12,60205.12,600843,0.08416,0.2033,0.29893,1.03532,0.99091,1.20766,10.004,9.11143,7.6129,6.29894,5.72972
2007-04-23,10.81,11.08,11.21,10.61,47461.77,600843,0.01187,0.17249,0.32695,1.00362,1.08271,1.18972,10.33,9.24143,7.70242,6.34577,5.75419
2007-04-24,11.23,10.75,11.23,10.7,32536.24,600843,-0.02978,0.11054,0.22298,0.7798,1.14143,1.15863,10.544,9.33476,7.77839,6.39236,5.77764
2007-04-25,10.66,10.6,10.86,10.21,24893.31,600843,-0.01395,0.07724,0.20592,0.69872,1.05426,1.10736,10.696,9.42095,7.84871,6.43659,5.80028
2007-04-26,10.59,10.65,10.78,10.45,15905.49,600843,0.00472,0.05446,0.18333,0.56618,1.08008,1.20497,10.806,9.49952,7.91081,6.48154,5.82394
2007-04-27,10.6,10.97,11.09,10.48,33274.49,600843,0.03005,0.00183,0.31693,0.66717,1.16798,1.29019,10.81,9.62524,7.98161,6.52959,5.84907
2007-04-30,10.78,10.9,11.2,10.5,33028.09,600843,-0.00638,-0.01625,0.29917,0.79868,1.19316,1.33405,10.774,9.74476,8.05968,6.5778,5.87439
2007-05-08,10.97,11.33,11.87,10.97,33204.38,600843,0.03945,0.05395,0.29931,0.89465,1.33608,1.47921,10.89,9.86905,8.14597,6.63049,5.90187
2007-05-09,11.28,10.96,11.28,10.55,28075.75,600843,-0.03266,0.03396,0.21913,0.75641,1.20968,1.39825,10.962,9.96286,8.2221,6.67927,5.92785
2007-05-10,10.98,11.2,11.3,10.81,27329.89,600843,0.0219,0.05164,0.26411,0.86356,1.25806,1.47788,11.072,10.07429,8.30581,6.73,5.955
2007-05-11,11.21,11.56,11.79,11.0,43689.75,600843,0.03214,0.05378,0.31364,1.01745,1.27112,1.56319,11.19,10.20571,8.39984,6.7826,5.98366
2007-05-14,11.35,12.18,12.4,11.19,49437.82,600843,0.05363,0.11743,0.36089,1.01656,1.42629,1.70067,11.446,10.35952,8.49887,6.84081,6.01484
2007-05-15,11.99,11.31,12.08,11.2,32796.14,600843,-0.07143,-0.00177,0.22935,0.90404,1.30346,1.50776,11.442,10.46,8.58548,6.89285,6.04248
2007-05-16,11.26,11.35,11.51,10.82,21712.45,600843,0.00354,0.03558,0.26251,0.86066,1.32106,1.45671,11.52,10.57238,8.67016,6.94537,6.06984
2007-05-17,11.29,11.56,11.66,11.17,25027.93,600843,0.0185,0.03214,0.29162,0.85256,1.3786,1.51304,11.592,10.69667,8.75597,6.99984,6.09813
2007-05-18,11.56,11.89,12.1,11.41,41275.62,600843,0.02855,0.02855,0.30516,0.91158,1.45155,1.52442,11.658,10.82905,8.84742,7.05707,6.12732
2007-05-21,11.59,12.31,12.55,11.48,43762.39,600843,0.03532,0.01067,0.35275,0.93858,1.63597,1.47189,11.684,10.9819,8.94355,7.11919,6.15711
2007-05-22,12.71,12.29,12.9,12.28,45514.25,600843,-0.00162,0.08665,0.30053,0.96955,1.79318,1.55509,11.88,11.11714,9.04113,7.18333,6.18752
2007-05-23,12.35,12.49,12.5,12.12,34686.5,600843,0.01627,0.10044,0.29029,0.97003,1.73904,1.62395,12.108,11.25095,9.14032,7.2478,6.21894
2007-05-24,12.68,13.57,13.62,12.3,71606.58,600843,0.08647,0.17388,0.37907,1.07492,1.96288,1.82708,12.51,11.42857,9.25371,7.32089,6.25459
2007-05-25,13.28,13.77,13.92,13.01,62322.32,600843,0.01474,0.15812,0.36337,1.01611,2.10835,1.95494,12.886,11.60333,9.36565,7.39683,6.29163
2007-05-28,13.8,13.82,14.15,13.42,47202.09,600843,0.00363,0.12266,0.2621,0.99423,2.1267,1.97204,13.188,11.74,9.47677,7.47325,6.3289
2007-05-29,13.82,13.54,13.98,13.4,35310.48,600843,-0.02026,0.10171,0.22202,0.9482,1.99558,1.86864,13.438,11.85714,9.58306,7.54659,6.36476
2007-05-30,12.45,12.19,13.35,12.19,27397.51,600843,-0.0997,-0.02402,0.13395,0.69777,1.66157,1.59362,13.378,11.92571,9.66387,7.60846,6.3952
2007-05-31,12.0,10.97,12.0,10.97,26125.6,600843,-0.10008,-0.1916,0.03491,0.69814,1.33902,1.37446,12.858,11.94333,9.73661,7.65951,6.42102
2007-06-01,10.73,9.87,11.1,9.87,29563.21,600843,-0.10027,-0.28322,-0.07324,0.46439,1.1,1.13175,12.078,11.90619,9.7871,7.70154,6.44232
2007-06-04,9.71,8.88,9.8,8.88,34423.71,600843,-0.1003,-0.35745,-0.19052,0.27954,0.89744,0.9015,11.09,11.80667,9.81839,7.73569,6.45943
2007-06-05,8.4,9.43,9.64,7.99,45904.13,600843,0.06194,-0.30355,-0.13486,0.2726,0.96458,0.92449,10.268,11.73667,9.85097,7.77333,6.47785
2007-06-06,9.4,9.34,9.83,9.0,37676.59,600843,-0.00954,-0.2338,-0.17564,0.32295,0.96632,0.97046,9.698,11.6419,9.88774,7.81065,6.49654
2007-06-07,9.34,9.63,9.8,9.13,29080.13,600843,0.03105,-0.12215,-0.12135,0.34685,1.02737,1.01887,9.43,11.57857,9.92774,7.85033,6.5163
2007-06-08,9.59,9.91,10.1,9.5,41702.25,600843,0.02908,0.00405,-0.11518,0.32487,1.04752,1.08632,9.438,11.51714,9.96694,7.89154,6.53728
2007-06-11,9.9,9.55,10.2,9.33,40557.58,600843,-0.03633,0.07545,-0.17388,0.29404,0.96907,0.97314,9.572,11.42143,10.00194,7.92976,6.55642
2007-06-12,9.55,9.2,9.65,8.6,37058.92,600843,-0.03665,-0.02439,-0.24466,0.26374,0.88912,0.87373,9.526,11.27952,10.0329,7.96496,6.57386
2007-06-13,9.12,9.94,10.05,9.12,41864.24,600843,0.08043,0.06424,-0.12113,0.30789,1.04948,1.05797,9.646,11.21429,10.07065,8.00634,6.59463
2007-06-14,9.81,10.03,10.43,9.6,41770.49,600843,0.00905,0.04154,-0.1163,0.31627,1.14316,0.98614,9.726,11.15143,10.10952,8.04984,6.61488
2007-06-15,9.9,9.53,10.3,9.45,56371.29,600843,-0.04985,-0.03835,-0.17561,0.29133,1.07625,0.77138,9.65,11.05476,10.14419,8.09,6.63175
2007-06-18,9.58,9.94,10.09,9.4,71678.51,600843,0.04302,0.04084,-0.164,0.28923,1.18943,0.67905,9.728,10.9619,10.18016,8.1339,6.64809
2007-06-19,9.72,9.86,9.9,9.51,34953.92,600843,-0.00805,0.07174,-0.19903,0.30769,1.1342,0.61639,9.86,10.84524,10.21758,8.1765,6.66337
2007-06-20,10.85,10.85,10.85,10.85,41849.49,600843,0.10041,0.09155,-0.11717,0.30881,1.24174,0.80233,10.042,10.77667,10.25887,8.22537,6.68301
2007-06-21,11.49,11.94,11.94,11.0,173255.96,600843,0.10046,0.19043,-0.04404,0.39161,1.50314,0.80363,10.424,10.75048,10.31306,8.28366,6.70463
2007-06-22,11.94,10.75,12.4,10.75,90373.88,600843,-0.09966,0.12802,-0.20781,0.26471,1.2584,0.49721,10.668,10.61619,10.34935,8.33236,6.71915
2007-06-26,9.68,10.07,10.4,9.68,56390.71,600843,-0.06326,0.01308,-0.2687,0.19454,1.12896,1.375,10.694,10.44,10.37581,8.37577,6.74285
2007-06-27,9.99,9.9,10.0,9.11,49129.94,600843,-0.01688,0.00406,-0.28365,0.18563,0.90385,1.30233,10.702,10.25333,10.40081,8.41398,6.76561
2007-06-28,9.65,8.91,9.85,8.91,44437.19,600843,-0.1,-0.1788,-0.34195,0.01365,0.64088,1.02961,10.314,10.03286,10.40274,8.44228,6.78398
2007-06-29,8.3,8.02,8.4,8.02,44062.82,600843,-0.09989,-0.32831,-0.34208,-0.0876,0.41696,0.86512,9.53,9.83429,10.39032,8.46146,6.79911
2007-07-02,7.45,8.16,8.19,7.35,30467.96,600843,0.01746,-0.24093,-0.25615,-0.09333,0.49451,0.93824,9.012,9.70048,10.37677,8.48341,6.81516
2007-07-03,8.0,8.06,8.24,7.63,23209.23,600843,-0.01225,-0.1996,-0.18338,-0.03241,0.52652,0.89647,8.61,9.61429,10.37242,8.50602,6.83065
2007-07-04,7.85,7.57,8.06,7.55,18064.03,600843,-0.06079,-0.23535,-0.14752,-0.09774,0.431,0.76457,8.144,9.5519,10.35919,8.52455,6.84398
2007-07-05,7.4,6.81,7.45,6.81,28480.78,600843,-0.1004,-0.23569,-0.27784,-0.21904,0.33268,0.46767,7.724,9.42714,10.32839,8.53837,6.8528
2007-07-06,6.68,7.3,7.4,6.68,27524.7,600843,0.07195,-0.08978,-0.21842,-0.18799,0.41748,0.43137,7.58,9.33,10.30113,8.55585,6.86175
2007-07-09,7.5,7.5,7.68,7.23,31050.06,600843,0.0274,-0.08088,-0.22118,-0.1535,0.51822,0.3369,7.448,9.22857,10.27919,8.57667,6.86943
2007-07-10,7.5,7.19,7.51,7.09,21271.28,600843,-0.04133,-0.10794,-0.27447,-0.18295,0.4496,0.18062,7.274,9.09905,10.25323,8.5948,6.8739
2007-07-11,6.88,7.27,7.28,6.81,23201.06,600843,0.01113,-0.03963,-0.23874,-0.18771,0.43676,0.21369,7.214,8.99048,10.22613,8.61276,6.87911
2007-07-12,7.2,7.24,7.28,7.05,20364.78,600843,-0.00413,0.06314,-0.21304,-0.21304,0.41961,0.23761,7.3,8.89714,10.19452,8.63016,6.88476
2007-07-13,7.24,7.13,7.24,7.0,13914.2,600843,-0.01519,-0.02329,-0.2827,-0.2069,0.35294,0.20236,7.266,8.76333,10.16452,8.64528,6.88963
2007-07-16,7.09,7.09,7.24,6.88,15079.25,600843,-0.00561,-0.05467,-0.29312,-0.20782,0.33021,0.22241,7.184,8.62333,10.13452,8.65959,6.89488
2007-07-17,7.08,7.34,7.49,6.9,30862.09,600843,0.03526,0.02086,-0.2298,-0.19429,0.3694,0.28546,7.214,8.51905,10.10597,8.67569,6.9015
2007-07-18,7.38,7.46,7.54,7.27,25923.99,600843,0.01635,0.02613,-0.2495,-0.18022,0.38148,0.28843,7.252,8.40095,10.07952,8.69244,6.90829
2007-07-19,7.46,7.72,7.85,7.31,40309.48,600843,0.03485,0.0663,-0.21704,-0.18307,0.39099,0.25528,7.348,8.29905,10.05161,8.71008,6.91467
2007-07-20,7.72,7.87,7.98,7.65,39281.46,600843,0.01943,0.10379,-0.27465,-0.18698,0.3807,0.42058,7.496,8.15714,10.02242,8.72772,6.92415
2007-07-23,7.78,8.35,8.66,7.7,57962.23,600843,0.06099,0.17772,-0.30067,-0.15142,0.48313,0.56955,7.748,7.98619,9.99839,8.74984,6.93646
2007-07-24,8.47,8.11,8.48,8.02,43547.08,600843,-0.02874,0.1049,-0.24558,-0.19703,0.50743,0.54476,7.902,7.86048,9.96629,8.77203,6.94809
2007-07-25,8.05,8.28,8.39,8.04,29800.74,600843,0.02096,0.10992,-0.17776,-0.24384,0.49729,0.51927,8.066,7.77524,9.92323,8.79439,6.95959
2007-07-26,8.31,8.53,8.75,8.2,42254.67,600843,0.03019,0.10492,-0.13838,-0.23014,0.41225,0.63098,8.228,7.71,9.8821,8.81463,6.97301
2007-07-27,8.52,8.68,8.69,8.26,36307.37,600843,0.01758,0.10292,-0.02581,-0.19256,0.39103,0.64083,8.39,7.69905,9.84871,8.83447,6.98679
2007-07-30,8.7,8.79,8.97,8.66,41600.8,600843,0.01267,0.05269,0.09601,-0.17075,0.29265,0.63993,8.478,7.73571,9.81952,8.85065,7.00073
2007-07-31,9.64,9.67,9.67,9.5,47037.05,600843,0.10011,0.19236,0.18505,-0.09202,0.4696,0.78743,8.79,7.80762,9.80371,8.87577,7.01805
2007-08-01,10.64,10.64,10.64,10.21,212851.5,600843,0.10031,0.28502,0.3201,-0.03008,0.75578,0.92754,9.262,7.93048,9.79839,8.91301,7.03886
2007-08-02,10.79,10.3,11.28,9.58,164767.21,600843,-0.03195,0.2075,0.36063,-0.05505,0.72241,0.9145,9.616,8.06048,9.78871,8.94813,7.05886
2007-08-03,10.0,9.7,10.09,9.32,120354.82,600843,-0.05825,0.11751,0.42438,-0.14387,0.55449,0.85115,9.82,8.1981,9.76242,8.97626,7.07699
2007-08-06,9.5,10.11,10.38,9.02,97891.62,600843,0.04227,0.15017,0.38493,-0.07755,0.6822,0.95551,10.084,8.3319,9.74871,9.00959,7.09707
2007-08-07,9.88,9.61,9.97,9.5,53798.28,600843,-0.04946,-0.0062,0.28133,-0.14196,0.67714,1.06667,10.072,8.43238,9.72306,9.04114,7.11724
2007-08-08,9.4,9.27,9.62,9.1,32476.02,600843,-0.03538,-0.12876,0.28929,-0.1981,0.53477,1.01085,9.798,8.53143,9.68613,9.0674,7.13618
2007-08-09,9.32,9.3,9.48,9.2,23814.06,600843,0.00324,-0.09709,0.27923,-0.23645,0.56566,1.02174,9.598,8.6281,9.63968,9.09472,7.15528
2007-08-10,9.22,9.02,9.36,8.7,33799.1,600843,-0.03011,-0.0701,0.24586,-0.20248,0.47869,0.94816,9.462,8.71286,9.60274,9.11846,7.17313
2007-08-13,9.0,8.78,9.0,8.5,27257.94,600843,-0.02661,-0.13155,0.23142,-0.22643,0.40705,0.92123,9.196,8.79143,9.56129,9.13911,7.19024
2007-08-14,8.75,9.66,9.66,8.58,38351.62,600843,0.10023,0.0052,0.36248,-0.16436,0.55305,1.25175,9.206,8.91381,9.53065,9.16707,7.21207
2007-08-15,9.95,9.56,10.15,9.28,67813.6,600843,-0.01035,0.03128,0.30245,-0.19596,0.50551,1.02542,9.264,9.01952,9.49306,9.19317,7.23175
2007-08-16,9.7,9.8,10.1,9.41,42722.89,600843,0.0251,0.05376,0.31367,-0.2039,0.57051,0.88825,9.364,9.13095,9.45258,9.22211,7.25049
2007-08-17,9.7,9.7,9.96,9.53,30593.19,600843,-0.0102,0.07539,0.25648,-0.21074,0.52997,0.84411,9.5,9.22524,9.41081,9.24943,7.26854
2007-08-20,9.9,9.9,10.0,9.72,36921.42,600843,0.02062,0.12756,0.25794,-0.20737,0.51376,0.94118,9.724,9.3219,9.36903,9.27675,7.28805
2007-08-21,10.0,9.75,10.09,9.59,27133.99,600843,-0.01515,0.00932,0.16766,-0.2815,0.42753,1.00617,9.742,9.38857,9.30742,9.30049,7.30793
2007-08-22,9.62,9.73,9.89,9.45,27787.49,600843,-0.00205,0.01778,0.19975,-0.29339,0.40404,0.91535,9.776,9.46571,9.24226,9.32325,7.32683
2007-08-23,9.8,9.67,9.85,9.55,28430.37,600843,-0.00617,-0.01327,0.16787,-0.30029,0.39137,0.85249,9.75,9.5319,9.17532,9.34537,7.34492
2007-08-24,9.75,9.9,10.2,9.67,51033.82,600843,0.02378,0.02062,0.16061,-0.26883,0.37883,0.9186,9.79,9.59714,9.11661,9.36748,7.36419
2007-08-27,9.9,9.76,10.05,9.51,29894.26,600843,-0.01414,-0.01414,0.12442,-0.19934,0.51084,0.90998,9.762,9.64857,9.07742,9.39431,7.38309
2007-08-28,9.8,9.56,9.89,9.54,28748.06,600843,-0.02049,-0.01949,0.0876,-0.12853,0.4184,0.87084,9.724,9.68524,9.05468,9.41724,7.40118
2007-08-29,9.38,9.17,9.54,9.03,24305.4,600843,-0.04079,-0.05755,-0.05171,-0.07092,0.32133,0.73674,9.612,9.66143,9.04339,9.43537,7.41699
2007-08-30,9.3,9.58,9.6,9.18,22177.79,600843,0.04471,-0.00931,-0.09962,0.07883,0.29285,0.82824,9.594,9.61095,9.05468,9.45301,7.43463
2007-08-31,9.55,9.64,9.87,9.55,25755.05,600843,0.00626,-0.02626,-0.06408,0.02227,0.36544,0.70922,9.542,9.57952,9.05806,9.47398,7.45089
2007-09-03,9.66,10.38,10.45,9.66,60561.4,600843,0.07676,0.06352,0.0701,0.11135,0.45175,0.88385,9.666,9.6119,9.07484,9.50024,7.47069
2007-09-05,9.89,10.07,10.23,9.74,26103.13,600843,-0.02987,0.05335,-0.00396,0.04569,0.34626,0.78863,9.768,9.61,9.08194,9.5213,7.48874
2007-09-06,10.07,9.99,10.25,9.95,37409.13,600843,-0.00794,0.08942,0.03954,0.00807,0.35366,0.78393,9.932,9.6281,9.08323,9.54252,7.50659
2007-09-07,9.9,9.49,9.98,9.48,26137.38,600843,-0.05005,-0.00939,0.02373,-0.00628,0.30357,0.70683,9.914,9.63857,9.08226,9.56049,7.52256
2007-09-10,9.38,10.06,10.1,9.29,28284.72,600843,0.06006,0.04357,0.08172,0.09348,0.32368,0.73448,9.998,9.67476,9.09613,9.58049,7.53988
2007-09-11,10.1,9.05,10.11,9.05,25112.9,600843,-0.1004,-0.12813,0.00333,-0.08954,0.18766,0.65751,9.732,9.67619,9.08177,9.59211,7.55447
2007-09-12,8.95,8.97,9.2,8.6,26270.84,600843,-0.00884,-0.10924,0.02164,-0.10568,0.21545,0.63091,9.512,9.68524,9.06468,9.60504,7.56858
2007-09-13,8.99,9.04,9.1,8.79,17554.73,600843,0.0078,-0.0951,-0.06418,-0.05142,0.1725,0.65568,9.322,9.65571,9.05677,9.61585,7.58313
2007-09-14,9.11,9.26,9.55,9.0,21467.5,600843,0.02434,-0.02424,-0.03138,-0.06841,0.22812,0.67754,9.276,9.64143,9.04581,9.62984,7.59833
2007-09-17,9.3,9.39,9.5,9.26,17419.0,600843,0.01404,-0.0666,-0.04184,-0.04767,0.13269,0.75514,9.142,9.6219,9.03823,9.63878,7.61476
2007-09-18,9.48,9.26,9.5,9.14,15702.84,600843,-0.01384,0.0232,-0.04536,-0.14654,0.07925,0.7406,9.184,9.60095,9.01258,9.64431,7.63077
2007-09-19,9.3,9.46,9.54,9.15,20371.96,600843,0.0216,0.05463,-0.04444,-0.20771,0.11294,0.75836,9.282,9.58,8.97258,9.65211,7.64736
2007-09-20,9.54,9.75,9.77,9.2,30269.37,600843,0.03066,0.07854,0.0,-0.09302,0.15658,0.80891,9.424,9.58,8.95645,9.66285,7.66508
2007-09-21,9.78,10.36,10.59,9.69,104622.01,600843,0.06256,0.11879,0.06475,0.0288,0.24072,0.93284,9.644,9.61,8.96113,9.67919,7.68541
2007-09-24,10.24,10.14,10.49,9.96,40451.33,600843,-0.02124,0.07987,0.0486,0.02424,0.15358,0.97276,9.794,9.63238,8.965,9.69016,7.70573
2007-09-25,10.16,9.73,10.28,9.53,23271.62,600843,-0.04043,0.05076,-0.01717,0.09203,0.10694,0.87476,9.888,9.62429,8.97823,9.6978,7.72419
2007-09-26,9.7,9.25,9.8,9.2,20762.08,600843,-0.04933,-0.0222,-0.05225,0.15337,0.02778,0.71296,9.846,9.6,8.99806,9.69984,7.73984
2007-09-27,9.25,9.3,9.47,9.2,10805.56,600843,0.00541,-0.04615,-0.0272,0.13971,0.11645,0.68784,9.756,9.58762,9.01645,9.70772,7.75524
2007-09-28,9.48,9.38,9.63,9.35,13920.42,600843,0.0086,-0.09459,0.0229,0.16377,0.118,0.73383,9.56,9.59762,9.03774,9.71577,7.77138
2007-10-08,9.55,9.36,9.58,9.29,13784.32,600843,-0.00213,-0.07692,-0.02296,0.23646,0.07339,0.77273,9.404,9.58714,9.06661,9.72098,7.78797
2007-10-09,9.36,9.53,9.54,9.22,17051.97,600843,0.01816,-0.02055,-0.01141,0.39941,0.06007,0.81524,9.364,9.5819,9.11048,9.72537,7.80537
2007-10-10,9.54,9.32,9.54,9.29,14880.41,600843,-0.02204,0.00757,-0.10212,0.27671,0.05192,0.79923,9.378,9.53143,9.14306,9.72911,7.8222
2007-10-11,9.32,9.0,9.33,8.9,20957.35,600843,-0.03433,-0.03226,-0.10626,0.2,0.02273,0.71103,9.318,9.48048,9.16726,9.73073,7.8374
2007-10-12,8.9,8.56,8.98,8.1,22297.08,600843,-0.04889,-0.08742,-0.14314,0.19054,-0.04358,0.58813,9.154,9.41238,9.18935,9.72756,7.85028
2007-10-15,8.54,8.62,8.68,8.2,14913.03,600843,0.00701,-0.07906,-0.09168,0.18569,-0.06304,0.60223,9.006,9.37095,9.21113,9.72285,7.86346
2007-10-16,8.58,8.73,8.85,8.4,13021.42,600843,0.01276,-0.08395,-0.13221,0.2058,-0.02892,0.61368,8.846,9.30762,9.23516,9.72073,7.87695
2007-10-17,8.75,8.5,8.88,8.45,10924.86,600843,-0.02635,-0.08798,-0.06077,0.19215,-0.05028,0.49648,8.682,9.28143,9.25726,9.71707,7.88841
2007-10-18,8.51,8.5,8.68,8.33,8840.44,600843,0.0,-0.05556,-0.0524,0.19887,-0.06696,0.48862,8.582,9.25905,9.28,9.71211,7.89976
2007-10-19,8.47,8.33,8.6,8.32,8173.27,600843,-0.02,-0.02687,-0.07854,0.13488,-0.08462,0.49016,8.536,9.22524,9.29597,9.70585,7.91089
2007-10-22,8.3,8.02,8.3,8.0,10495.72,600843,-0.03721,-0.06961,-0.13391,0.07507,-0.15132,0.45027,8.416,9.16619,9.305,9.69423,7.92102
2007-10-23,8.02,8.11,8.18,7.86,8249.89,600843,0.01122,-0.07102,-0.13632,0.05052,-0.16219,0.46126,8.292,9.10524,9.31129,9.68146,7.93142
2007-10-24,8.1,7.78,8.18,7.71,9576.99,600843,-0.04069,-0.08471,-0.15983,-0.01144,-0.20935,0.43278,8.148,9.03476,9.30984,9.66472,7.94098
2007-10-25,7.8,7.0,7.8,7.0,14613.23,600843,-0.10026,-0.17647,-0.26004,-0.16168,-0.30693,0.27273,7.848,8.91762,9.28806,9.63951,7.94707
2007-10-26,6.89,7.09,7.19,6.8,9150.32,600843,0.01286,-0.14886,-0.27282,-0.12577,-0.35251,0.28909,7.6,8.79095,9.27161,9.60813,7.95354
2007-10-29,7.15,7.15,7.19,6.95,6393.37,600843,0.00846,-0.10848,-0.30985,-0.13647,-0.35469,0.34398,7.426,8.6381,9.25339,9.57618,7.96098
2007-10-30,7.14,7.33,7.36,7.07,8500.29,600843,0.02517,-0.09618,-0.27712,-0.14068,-0.31814,0.46016,7.27,8.50429,9.23403,9.54837,7.97037
2007-10-31,7.43,7.6,7.63,7.34,9483.05,600843,0.03683,-0.02314,-0.21891,-0.12442,-0.28302,0.47287,7.234,8.40286,9.21661,9.52398,7.98028
2007-11-01,7.68,7.2,7.68,7.18,7949.65,600843,-0.05263,0.02857,-0.22162,-0.18089,-0.32394,0.40625,7.274,8.30524,9.19097,9.49593,7.98874
2007-11-02,7.1,6.95,7.11,6.87,7445.18,600843,-0.03472,-0.01975,-0.25269,-0.28128,-0.36645,0.37352,7.246,8.19333,9.1471,9.46325,7.99642
2007-11-05,6.91,7.29,7.5,6.88,7782.58,600843,0.04892,0.01958,-0.22281,-0.31485,-0.33119,0.4668,7.274,8.09381,9.09306,9.4339,8.00585
2007-11-06,7.3,7.38,7.47,7.22,5346.95,600843,0.01235,0.00682,-0.21154,-0.2835,-0.34863,0.52165,7.284,7.99952,9.04597,9.40179,8.01614
2007-11-07,7.44,7.32,7.44,7.16,5352.82,600843,-0.00813,-0.03684,-0.2319,-0.24536,-0.33212,0.47581,7.228,7.89429,9.00758,9.3722,8.02573
2007-11-08,7.19,7.11,7.37,7.1,4531.5,600843,-0.02869,-0.0125,-0.23712,-0.29674,-0.36518,0.43347,7.21,7.78905,8.95919,9.33894,8.03447
2007-11-09,7.12,7.36,7.45,7.01,11000.86,600843,0.03516,0.05899,-0.18222,-0.23413,-0.36332,0.44597,7.292,7.71095,8.9229,9.3048,8.0437
2007-11-12,7.26,7.55,7.6,7.2,14024.17,600843,0.02582,0.03567,-0.11799,-0.18554,-0.38013,0.50398,7.344,7.66286,8.89516,9.26715,8.05398
2007-11-13,7.48,7.45,7.78,7.38,10976.34,600843,-0.01325,0.00949,-0.13573,-0.19892,-0.34129,0.51731,7.358,7.60714,8.86532,9.23577,8.06431
2007-11-14,7.43,7.61,7.62,7.43,9963.62,600843,0.02148,0.03962,-0.12829,-0.15632,-0.32952,0.55624,7.416,7.55381,8.84258,9.20537,8.07537
2007-11-15,7.57,7.6,7.65,7.41,11318.5,600843,-0.00131,0.06892,-0.10588,-0.1344,-0.34256,0.56379,7.514,7.51095,8.82355,9.17317,8.0865
2007-11-16,7.53,7.68,7.77,7.47,10105.97,600843,0.01053,0.04348,-0.09647,-0.20497,-0.35408,0.58351,7.578,7.4719,8.79161,9.13894,8.09801
2007-11-19,7.74,7.81,7.85,7.51,12734.97,600843,0.01693,0.03444,-0.06242,-0.18305,-0.36556,0.67238,7.63,7.44714,8.76339,9.10236,8.11077
2007-11-20,7.81,7.9,7.91,7.67,13242.14,600843,0.01152,0.0604,-0.01496,-0.19388,-0.3572,0.79545,7.72,7.44143,8.73274,9.06667,8.125
2007-11-21,7.89,7.87,8.53,7.8,20794.72,600843,-0.0038,0.03417,-0.02959,-0.18866,-0.3699,0.72588,7.772,7.43,8.70323,9.02911,8.13846
2007-11-22,7.7,7.27,7.75,7.17,10498.89,600843,-0.07624,-0.04342,-0.06555,-0.26566,-0.46426,0.58734,7.706,7.40571,8.66081,8.97789,8.14939
2007-11-23,7.26,7.39,7.4,7.19,4882.99,600843,0.01651,-0.03776,0.05571,-0.24205,-0.46333,0.66817,7.648,7.42429,8.62274,8.92602,8.16142
2007-11-26,7.42,7.31,7.53,7.29,6305.59,600843,-0.01083,-0.06402,0.03103,-0.24872,-0.47106,0.65385,7.548,7.43476,8.58371,8.87309,8.17317
2007-11-27,7.35,7.31,7.44,7.26,3800.95,600843,0.0,-0.07468,0.02238,-0.24405,-0.46012,0.61726,7.43,7.44238,8.54565,8.82244,8.18451
2007-11-28,7.4,7.48,7.54,7.35,4754.78,600843,0.02326,-0.04956,0.02046,-0.24444,-0.38638,0.63319,7.352,7.44952,8.50661,8.78415,8.1963
2007-11-29,7.5,7.63,7.65,7.38,8432.02,600843,0.02005,0.04952,0.00395,-0.21824,-0.30447,0.62687,7.424,7.45095,8.47226,8.75699,8.20825
2007-11-30,7.7,7.47,7.7,7.45,4582.16,600843,-0.02097,0.01083,0.0375,-0.21862,-0.24316,0.58936,7.44,7.46381,8.43855,8.73748,8.21951
2007-12-03,7.41,7.6,7.64,7.33,5709.67,600843,0.0174,0.03967,0.09353,-0.17121,-0.14414,0.62393,7.498,7.49476,8.41323,8.72707,8.23138
2007-12-04,7.59,7.62,7.69,7.52,5168.53,600843,0.00263,0.04241,0.04527,-0.20459,-0.19194,0.5875,7.56,7.51048,8.38161,8.71236,8.24285
2007-12-05,7.58,7.84,7.85,7.43,16297.8,600843,0.02887,0.04813,0.06233,-0.18672,-0.1606,0.65053,7.632,7.53238,8.35258,8.70016,8.25541
2007-12-06,7.86,8.01,8.38,7.55,34834.0,600843,0.02168,0.0498,0.09426,-0.22832,-0.16822,0.68632,7.708,7.56524,8.31435,8.68699,8.26866
2007-12-07,7.95,7.95,8.08,7.78,15642.66,600843,-0.00749,0.06426,0.11814,-0.21053,-0.19778,0.64256,7.804,7.60524,8.28016,8.67106,8.2813
2007-12-10,7.88,8.03,8.08,7.8,15098.48,600843,0.01006,0.05658,0.09103,-0.1962,-0.15916,0.65567,7.89,7.63714,8.24855,8.6587,8.29423
2007-12-11,8.08,8.14,8.15,7.9,17365.73,600843,0.0137,0.06824,0.07815,-0.14226,-0.11522,0.67146,7.994,7.66524,8.22677,8.65008,8.30752
2007-12-12,8.16,8.22,8.38,7.9,31198.16,600843,0.00983,0.04847,0.10336,-0.1829,-0.17304,0.69485,8.07,7.7019,8.1971,8.6361,8.32122
2007-12-14,7.95,8.18,8.19,7.73,22785.13,600843,-0.00487,0.02122,0.0749,-0.09613,-0.18445,0.74786,8.104,7.72905,8.18306,8.62106,8.33545
2007-12-17,8.2,8.33,8.47,8.15,44397.55,600843,0.01834,0.0478,0.09605,-0.07135,-0.12592,0.81481,8.18,7.76381,8.17274,8.6113,8.35065
2007-12-18,8.33,8.04,8.33,8.02,17063.14,600843,-0.03481,0.00125,0.04687,-0.11062,-0.19115,0.77093,8.182,7.78095,8.15661,8.59585,8.36488
2007-12-19,8.01,8.2,8.25,8.01,11253.89,600843,0.0199,0.00737,0.04994,-0.11447,-0.16836,0.77489,8.194,7.79952,8.13952,8.58236,8.37943
2007-12-20,8.2,8.34,8.47,8.11,33214.48,600843,0.01707,0.0146,0.0557,-0.11182,-0.23134,0.72314,8.218,7.82048,8.12258,8.56195,8.39366
2007-12-21,8.25,8.31,8.36,8.2,26710.13,600843,-0.0036,0.01589,0.05591,-0.10259,-0.30402,0.74214,8.244,7.84143,8.10726,8.53244,8.40805
2007-12-24,8.31,8.39,8.48,8.28,31786.94,600843,0.00963,0.0072,0.15406,-0.11311,-0.21953,0.76261,8.256,7.89476,8.09,8.51325,8.4228
2007-12-25,8.41,8.59,8.6,8.3,29070.19,600843,0.02384,0.06841,0.16238,-0.11897,-0.14697,0.81607,8.366,7.9519,8.07129,8.50122,8.4385
2007-12-26,8.56,8.75,8.8,8.4,47794.95,600843,0.01863,0.06707,0.19699,-0.15541,-0.11616,0.68269,8.476,8.02048,8.04532,8.49187,8.45293
2007-12-27,8.8,8.77,9.0,8.75,53289.66,600843,0.00229,0.05156,0.19973,-0.13511,-0.01571,0.6151,8.562,8.09,8.02323,8.49073,8.4665
2007-12-28,8.8,8.58,8.8,8.55,35971.32,600843,-0.02166,0.03249,0.14706,-0.11819,0.06983,0.5159,8.616,8.14238,8.00468,8.49528,8.47837
2008-01-02,8.64,8.83,8.85,8.5,20426.24,600843,0.02914,0.05244,0.15727,-0.04541,0.08211,0.61722,8.704,8.19952,7.9979,8.50073,8.49207
2008-01-03,8.81,9.03,9.11,8.74,32875.91,600843,0.02265,0.05122,0.20884,-0.02903,0.12035,0.71023,8.792,8.27381,7.99355,8.50862,8.50732
2008-01-04,9.03,9.0,9.05,8.78,23789.64,600843,-0.00332,0.02857,0.18421,-0.04051,0.1889,0.70132,8.842,8.34048,7.98742,8.52024,8.5224
2008-01-07,9.0,9.18,9.28,8.91,35044.31,600843,0.02,0.04675,0.20472,-0.01923,0.34802,0.79648,8.924,8.41476,7.98452,8.53951,8.53894
2008-01-08,9.18,9.27,9.59,9.16,88521.12,600843,0.0098,0.08042,0.1824,-0.02728,0.26986,0.8,9.062,8.48286,7.98032,8.55553,8.55569
2008-01-09,9.32,9.48,9.5,9.02,83428.56,600843,0.02265,0.07361,0.18352,0.01717,0.264,0.91903,9.192,8.55286,7.9829,8.57163,8.57415
2008-01-10,9.45,9.32,9.49,9.25,49415.12,600843,-0.01688,0.03212,0.17233,0.03556,0.29624,0.87903,9.25,8.6181,7.98806,8.58894,8.59187
2008-01-11,9.4,9.15,9.4,9.04,24997.14,600843,-0.01824,0.01667,0.13948,0.06893,0.2586,0.8083,9.28,8.67143,7.99758,8.60423,8.6085
2008-01-14,9.16,9.15,9.25,9.02,27080.73,600843,0.0,-0.00327,0.12408,0.06148,0.26381,0.79412,9.274,8.71952,8.00613,8.61976,8.62496
2008-01-15,9.16,9.21,9.28,9.08,26339.35,600843,0.00656,-0.00647,0.12044,0.05498,0.29173,0.74763,9.262,8.76667,8.01387,8.63667,8.64098
2008-01-16,9.21,9.09,9.21,8.86,31687.31,600843,-0.01303,-0.04114,0.11125,0.06941,0.28209,0.70544,9.184,8.81,8.02339,8.65293,8.65626
2008-01-17,9.09,8.92,9.23,8.6,30600.89,600843,-0.0187,-0.04292,0.07083,0.04941,0.21526,0.66418,9.104,8.8381,8.03016,8.66577,8.67073
2008-01-18,8.85,9.14,9.16,8.85,19382.78,600843,0.02466,-0.00109,0.13682,0.09724,0.2252,0.69259,9.102,8.89048,8.04323,8.67943,8.68593
2008-01-21,9.14,8.73,9.3,8.68,23944.99,600843,-0.04486,-0.0459,0.06463,0.08853,0.13083,0.57297,9.018,8.91571,8.05468,8.68764,8.69886
2008-01-22,8.58,7.86,8.6,7.86,23076.45,600843,-0.09966,-0.14658,-0.05755,-0.03083,-0.00127,0.37895,8.748,8.89286,8.05065,8.68756,8.70764
2008-01-23,7.79,8.17,8.25,7.61,29697.37,600843,0.03944,-0.10121,-0.01685,0.05013,-0.02156,0.45115,8.564,8.88619,8.05694,8.6861,8.71797
2008-01-24,8.17,8.33,8.55,8.14,30475.36,600843,0.01958,-0.06614,-0.00715,0.19,0.02713,0.54833,8.446,8.88333,8.07839,8.68789,8.72996
2008-01-25,8.3,8.21,8.43,8.2,26370.67,600843,-0.01441,-0.10175,-0.04424,0.15797,-0.00845,0.48463,8.26,8.86524,8.09645,8.68732,8.74085
2008-01-28,8.21,7.39,8.21,7.39,22658.9,600843,-0.09988,-0.15349,-0.15543,0.03357,-0.13365,0.22351,7.992,8.80048,8.10032,8.67805,8.74634
2008-01-29,7.41,7.61,7.68,7.39,11527.16,600843,0.02977,-0.03181,-0.13227,0.0382,-0.12327,0.21955,7.942,8.74524,8.10484,8.66935,8.75191
2008-01-30,7.63,7.69,7.85,7.5,12761.5,600843,0.01051,-0.05875,-0.10373,0.01184,-0.12514,0.13088,7.846,8.70286,8.10629,8.66041,8.75553
2008-01-31,7.75,7.41,7.94,7.39,9920.65,600843,-0.03641,-0.11044,-0.16082,0.02917,-0.23371,0.12614,7.662,8.63524,8.10968,8.64203,8.7589
2008-02-01,7.53,6.94,7.53,6.7,16215.5,600843,-0.06343,-0.15469,-0.23145,-0.00144,-0.34774,0.14521,7.408,8.53571,8.10952,8.61195,8.76248
2008-02-04,7.12,7.49,7.52,7.12,12248.34,600843,0.07925,0.01353,-0.16778,0.02743,-0.27282,0.25251,7.428,8.46381,8.11274,8.58911,8.76862
2008-02-05,7.48,7.48,7.55,7.33,12305.42,600843,-0.00134,-0.01708,-0.18519,0.01355,-0.22887,0.19872,7.402,8.38286,8.11435,8.57106,8.77366
2008-02-13,7.4,7.53,7.6,7.3,6960.01,600843,0.00668,-0.02081,-0.1877,0.02869,-0.25519,0.25291,7.37,8.3,8.11774,8.55008,8.77984
2008-02-14,7.54,7.71,7.8,7.54,7667.35,600843,0.0239,0.04049,-0.18671,0.08439,-0.19771,0.34555,7.43,8.21571,8.12742,8.53463,8.78789
2008-02-15,7.68,7.71,7.88,7.62,12688.94,600843,0.0,0.11095,-0.17275,0.04755,-0.16828,0.27649,7.584,8.13905,8.13306,8.52195,8.79467
2008-02-18,7.73,7.88,7.93,7.73,10153.87,600843,0.02205,0.05207,-0.1388,0.04371,-0.15269,0.3266,7.662,8.07857,8.13839,8.51041,8.80256
2008-02-19,7.88,8.02,8.03,7.8,12942.89,600843,0.01777,0.07219,-0.1235,0.07651,-0.11086,0.31475,7.77,8.02476,8.14758,8.50228,8.81037
2008-02-20,8.02,7.88,8.07,7.85,12338.26,600843,-0.01746,0.04648,-0.14441,0.03548,-0.10251,0.26282,7.84,7.96143,8.15194,8.49496,8.81703
2008-02-21,7.81,8.06,8.07,7.66,14242.12,600843,0.02284,0.0454,-0.11331,0.06053,-0.16563,0.29582,7.91,7.91238,8.15935,8.48195,8.82451
2008-02-22,8.01,8.03,8.18,7.82,15884.36,600843,-0.00372,0.0415,-0.09978,0.04557,-0.16004,0.26457,7.974,7.87,8.165,8.46951,8.83134
2008-02-25,8.06,7.7,8.09,7.67,9471.6,600843,-0.0411,-0.02284,-0.15755,-0.01408,-0.21429,0.23397,7.938,7.80143,8.16323,8.45244,8.83728
2008-02-26,8.06,8.47,8.47,8.05,28036.88,600843,0.1,0.05611,-0.02978,0.07215,-0.1268,0.33596,8.028,7.78905,8.17242,8.44244,8.84593
2008-02-27,8.99,9.11,9.29,8.71,177098.36,600843,0.07556,0.15609,0.15903,0.15756,-0.0798,0.39297,8.274,7.84857,8.19242,8.43602,8.85638
2008-02-28,8.81,8.91,9.2,8.6,75749.14,600843,-0.02195,0.10546,0.09058,0.22558,-0.08615,0.30454,8.444,7.88381,8.21887,8.42919,8.86484
2008-02-29,8.83,9.03,9.22,8.75,54901.08,600843,0.01347,0.12453,0.08403,0.22192,-0.07194,0.30303,8.644,7.91714,8.24532,8.4235,8.87337
2008-03-03,9.04,9.43,9.57,9.04,83437.15,600843,0.0443,0.22468,0.1486,0.29001,-0.02482,0.35683,8.99,7.97524,8.27952,8.42154,8.88346
2008-03-04,9.5,9.28,9.59,9.2,62462.45,600843,-0.01591,0.09563,0.25575,0.26949,-0.06263,0.29248,9.152,8.06524,8.31129,8.4165,8.89199
2008-03-05,9.38,9.18,9.46,8.9,44561.24,600843,-0.01078,0.00768,0.20631,0.22727,-0.05943,0.42105,9.166,8.14,8.33871,8.41179,8.90305
2008-03-06,9.3,9.32,9.78,9.3,61029.67,600843,0.01525,0.04602,0.21196,0.22149,-0.0251,0.38279,9.248,8.21762,8.36597,8.40984,8.91354
2008-03-07,9.2,8.84,9.34,8.8,34635.48,600843,-0.0515,-0.02104,0.19298,0.1834,-0.03599,0.27378,9.21,8.28571,8.38806,8.40715,8.92126
2008-03-10,8.65,9.06,9.08,8.65,26611.75,600843,0.02489,-0.03924,0.30548,0.19211,-0.05428,0.22267,9.136,8.38667,8.41161,8.40293,8.92797
2008-03-11,8.98,9.22,9.29,8.81,27282.55,600843,0.01766,-0.00647,0.23097,0.20997,-0.04357,0.30595,9.124,8.46905,8.43742,8.39951,8.93675
2008-03-12,9.45,8.76,9.45,8.7,27102.22,600843,-0.04989,-0.04575,0.17112,0.11735,-0.15607,0.22517,9.04,8.53,8.45226,8.38634,8.94329
2008-03-13,8.74,8.82,8.95,8.3,23901.77,600843,0.00685,-0.05365,0.17131,0.10112,-0.12413,0.17914,8.94,8.59143,8.46532,8.37618,8.94874
2008-03-14,8.73,9.23,9.38,8.5,29496.06,600843,0.04649,0.04412,0.19715,0.16101,-0.07608,0.25068,9.018,8.66381,8.48597,8.37,8.95626
2008-03-17,9.1,8.61,9.5,8.6,76922.12,600843,-0.06717,-0.04967,0.11673,0.07223,-0.09273,0.18269,8.928,8.70667,8.49532,8.36285,8.96167
2008-03-18,8.01,7.75,8.48,7.75,33158.11,600843,-0.09988,-0.15944,-0.0165,-0.04791,-0.22962,0.01974,8.634,8.70048,8.48903,8.34407,8.96228
2008-03-19,7.76,8.05,8.33,7.31,34068.33,600843,0.03871,-0.08105,0.00374,-0.02068,-0.1105,0.05643,8.492,8.7019,8.48629,8.33593,8.96402
2008-03-20,7.85,8.19,8.43,7.41,31694.79,600843,0.01739,-0.07143,0.03934,0.00122,-0.08696,0.10976,8.366,8.71667,8.48645,8.32959,8.96732
2008-03-21,8.09,8.29,8.57,8.01,25044.4,600843,0.01221,-0.10184,0.02854,-0.0048,-0.08296,0.07523,8.178,8.72762,8.48581,8.3235,8.96967
2008-03-24,8.46,8.26,8.71,8.22,31322.72,600843,-0.00362,-0.04065,0.02864,0.02736,-0.10799,0.09549,8.108,8.73857,8.48935,8.31537,8.9726
2008-03-25,8.19,8.68,8.7,8.05,28443.23,600843,0.05085,0.12,0.12727,0.05854,-0.07561,0.04704,8.294,8.78524,8.4971,8.30959,8.97419
2008-03-26,8.6,8.49,8.92,8.41,20764.38,600843,-0.02189,0.05466,0.00236,0.01799,-0.08315,-0.01049,8.382,8.78619,8.49952,8.30333,8.97382
2008-03-27,8.48,7.79,8.48,7.75,22027.57,600843,-0.08245,-0.04884,-0.1449,-0.06258,-0.17653,-0.08353,8.302,8.72333,8.49113,8.28976,8.97093
2008-03-28,7.78,8.24,8.3,7.7,18875.75,600843,0.05777,-0.00603,-0.0752,-0.01788,-0.15487,-0.02254,8.292,8.69143,8.48871,8.27748,8.97016
2008-03-31,8.0,7.59,8.1,7.43,19164.53,600843,-0.07888,-0.08111,-0.15947,-0.11641,-0.26737,-0.09102,8.158,8.62286,8.47258,8.25496,8.96707
2008-04-01,7.65,6.89,7.65,6.88,16978.07,600843,-0.09223,-0.20622,-0.26935,-0.21257,-0.32051,-0.21615,7.8,8.5019,8.44258,8.22854,8.95935
2008-04-02,6.91,6.92,7.27,6.56,22527.88,600843,0.00435,-0.18492,-0.25431,-0.21095,-0.2888,-0.21274,7.486,8.38952,8.41274,8.20569,8.95175
2008-04-03,6.92,6.95,7.09,6.45,18002.34,600843,0.00434,-0.10783,-0.24292,-0.18998,-0.24865,-0.22778,7.318,8.28333,8.38645,8.18699,8.94341
2008-04-07,6.87,7.26,7.3,6.72,16823.15,600843,0.0446,-0.11893,-0.22103,-0.1778,-0.21935,-0.12845,7.122,8.18524,8.36113,8.17041,8.93907
2008-04-08,7.26,7.99,7.99,7.11,38466.8,600843,0.10055,0.0527,-0.09615,-0.11517,-0.14819,-0.04768,7.202,8.14476,8.34435,8.15911,8.93744
2008-04-09,8.0,7.37,8.08,7.2,42699.36,600843,-0.0776,0.06967,-0.18653,-0.18111,-0.21261,-0.15482,7.298,8.06429,8.31806,8.14293,8.93195
2008-04-10,7.05,7.5,7.6,7.05,16418.65,600843,0.01764,0.08382,-0.18655,-0.18301,-0.21301,-0.16574,7.414,7.98238,8.29097,8.12642,8.92589
2008-04-11,7.54,7.55,7.79,7.35,14306.89,600843,0.00667,0.08633,-0.13813,-0.18554,-0.18991,-0.14786,7.534,7.92476,8.26323,8.11203,8.92057
2008-04-14,7.3,6.86,7.39,6.82,13250.61,600843,-0.09139,-0.0551,-0.22222,-0.27637,-0.23778,-0.22045,7.454,7.83143,8.22097,8.09463,8.91268
2008-04-15,6.86,7.14,7.14,6.66,9439.21,600843,0.04082,-0.10638,-0.22644,-0.23391,-0.16589,-0.20223,7.284,7.7319,8.18581,8.08309,8.90533
2008-04-16,7.08,6.9,7.1,6.88,10398.3,600843,-0.03361,-0.06377,-0.19861,-0.2459,-0.19954,-0.25,7.19,7.65048,8.14952,8.06911,8.89598
2008-04-17,6.78,6.55,7.05,6.43,8756.09,600843,-0.05072,-0.12667,-0.15484,-0.28415,-0.24971,-0.27141,7.0,7.59333,8.10758,8.05138,8.88606
2008-04-18,6.55,6.03,6.55,6.02,8968.1,600843,-0.07939,-0.20132,-0.25093,-0.34528,-0.29059,-0.32626,6.696,7.49714,8.05629,8.0313,8.87419
2008-04-21,6.5,5.83,6.58,5.68,10812.39,600843,-0.03317,-0.15015,-0.28816,-0.35864,-0.31412,-0.36004,6.49,7.38476,8.00371,8.00959,8.86085
2008-04-22,5.83,5.61,5.83,5.25,15815.74,600843,-0.03774,-0.21429,-0.32328,-0.37108,-0.32653,-0.38352,6.184,7.25714,7.95032,7.98748,8.84667
2008-04-23,5.5,5.82,5.88,5.41,11530.68,600843,0.03743,-0.15652,-0.2954,-0.36324,-0.27431,-0.38413,5.968,7.14095,7.89677,7.96959,8.83191
2008-04-24,6.4,6.4,6.4,6.13,27895.11,600843,0.09966,-0.0229,-0.26267,-0.2669,-0.21085,-0.33884,5.938,7.03238,7.85919,7.95569,8.81858
2008-04-25,6.38,6.44,6.6,6.17,22072.66,600843,0.00625,0.06799,-0.24146,-0.18066,-0.17224,-0.34553,6.02,6.93476,7.83629,7.9448,8.80476
2008-04-28,6.29,6.26,6.4,6.13,13854.72,600843,-0.02795,0.07376,-0.19641,-0.23378,-0.10571,-0.3802,6.106,6.8619,7.80548,7.93878,8.78915
2008-04-29,6.26,6.35,6.39,6.21,9822.17,600843,0.01438,0.13191,-0.22937,-0.2377,-0.10437,-0.42009,6.254,6.7719,7.77355,7.93276,8.77045
2008-04-30,6.36,6.53,6.57,6.32,19311.75,600843,0.02835,0.12199,-0.13966,-0.20463,-0.08671,-0.41065,6.396,6.72143,7.74645,7.92772,8.75195
2008-05-05,6.56,6.72,6.74,6.4,19913.81,600843,0.0291,0.05,-0.02467,-0.09066,-0.08322,-0.37488,6.46,6.71333,7.73565,7.92276,8.73557
2008-05-06,6.68,6.69,6.78,6.51,25647.8,600843,-0.00446,0.03882,-0.03324,-0.12089,-0.11974,-0.36887,6.51,6.70238,7.72081,7.91537,8.71967
2008-05-07,6.99,6.4,6.99,6.4,25457.83,600843,-0.04335,0.02236,-0.07914,-0.16775,-0.11111,-0.39906,6.538,6.67619,7.7,7.90886,8.7024
2008-05-08,6.3,6.52,6.6,6.24,17466.0,600843,0.01875,0.02677,-0.10193,-0.12011,-0.06187,-0.40565,6.572,6.64095,7.68565,7.90537,8.68431
2008-05-09,6.52,6.61,6.74,6.31,15947.82,600843,0.0138,0.01225,-0.17272,-0.04755,-0.09328,-0.39358,6.588,6.57524,7.68032,7.89984,8.66687
2008-05-12,6.5,6.72,6.8,6.2,32378.35,600843,0.01664,0.0,-0.0882,-0.1028,-0.08943,-0.40688,6.588,6.54429,7.6679,7.89447,8.64813
2008-05-13,6.39,6.62,6.73,6.36,28838.82,600843,-0.01488,-0.01046,-0.11733,-0.11497,-0.09563,-0.39599,6.574,6.50238,7.65403,7.88878,8.63049
2008-05-14,6.56,6.89,6.95,6.53,28992.91,600843,0.04079,0.07656,-0.08742,-0.08499,-0.03094,-0.38482,6.672,6.47095,7.64371,7.88699,8.61297
2008-05-15,6.85,6.74,6.95,6.73,23671.58,600843,-0.02177,0.03374,-0.01749,-0.12581,-0.08424,-0.41696,6.716,6.46524,7.62806,7.88195,8.59337
2008-05-16,6.7,6.62,6.87,6.55,17760.3,600843,-0.0178,0.00151,-0.07283,-0.14137,-0.12318,-0.45649,6.718,6.44048,7.61048,7.87439,8.57077
2008-05-19,6.63,6.63,6.75,6.4,12442.89,600843,0.00151,-0.01339,-0.03913,-0.15863,-0.11007,-0.41379,6.7,6.42762,7.59032,7.86772,8.55175
2008-05-20,6.65,6.62,6.85,6.59,27270.02,600843,-0.00151,0.0,0.01069,-0.17456,-0.13009,-0.41674,6.7,6.43095,7.56774,7.85967,8.53252
2008-05-21,6.49,6.53,6.6,6.01,18965.08,600843,-0.0136,-0.05225,0.08292,-0.17132,-0.14079,-0.43512,6.628,6.45476,7.54597,7.85098,8.51207
2008-05-22,6.4,7.18,7.18,6.4,47495.87,600843,0.09954,0.06528,0.23156,-0.10918,-0.0651,-0.39613,6.716,6.51905,7.53177,7.84691,8.49293
2008-05-23,6.95,6.72,6.98,6.68,28935.67,600843,-0.06407,0.01511,0.19786,-0.16314,-0.13956,-0.4541,6.736,6.5719,7.51065,7.83805,8.4702
2008-05-26,6.5,6.35,6.68,6.3,13453.08,600843,-0.05506,-0.04223,0.09107,-0.17532,-0.1962,-0.48332,6.68,6.59714,7.48887,7.82545,8.44606
2008-05-27,6.35,6.39,6.48,6.25,7126.72,600843,0.0063,-0.03474,-0.00156,-0.24557,-0.18806,-0.48839,6.634,6.59667,7.45532,7.81341,8.42126
2008-05-28,6.45,6.62,6.68,6.35,9823.97,600843,0.03599,0.01378,0.02795,-0.27333,-0.08941,-0.51216,6.652,6.60524,7.41516,7.80813,8.39301
2008-05-29,6.58,6.36,6.63,6.35,8182.42,600843,-0.03927,-0.11421,0.01597,-0.2862,-0.13938,-0.53813,6.488,6.61,7.37403,7.79976,8.36289
2008-05-30,6.35,6.39,6.45,6.23,8184.83,600843,0.00472,-0.04911,0.0063,-0.29236,-0.12585,-0.53763,6.422,6.6119,7.33145,7.79228,8.33268
2008-06-02,6.3,6.45,6.52,6.26,6724.18,600843,0.00939,0.01575,-0.01225,-0.31601,-0.11765,-0.52363,6.442,6.6081,7.28339,7.78528,8.30386
2008-06-03,6.46,6.38,6.5,6.34,4806.47,600843,-0.01085,-0.00156,-0.0506,-0.3125,-0.14706,-0.47662,6.44,6.5919,7.23661,7.77634,8.28024
2008-06-04,6.31,6.51,6.69,6.31,16467.21,600843,0.02038,-0.01662,-0.02691,-0.29085,-0.14679,-0.40656,6.418,6.58333,7.19355,7.76724,8.26211
2008-06-05,6.5,6.86,6.88,6.46,29622.44,600843,0.05376,0.07862,0.07187,-0.26395,-0.08166,-0.30496,6.518,6.60524,7.15387,7.76228,8.24988
2008-06-06,6.8,6.55,6.89,6.51,13540.44,600843,-0.04519,0.02504,0.0046,-0.25905,-0.13816,-0.26239,6.55,6.60667,7.11694,7.75374,8.24041
2008-06-10,5.95,5.9,6.26,5.9,9235.37,600843,-0.09924,-0.08527,-0.10741,-0.34879,-0.22572,-0.37434,6.44,6.57286,7.06597,7.73976,8.22606
2008-06-11,5.85,5.4,5.85,5.35,11160.73,600843,-0.08475,-0.15361,-0.19643,-0.41432,-0.31122,-0.42184,6.244,6.51,7.00435,7.71992,8.21004
2008-06-12,5.38,5.42,5.66,5.35,10567.05,600843,0.0037,-0.16743,-0.18127,-0.38128,-0.32335,-0.43718,6.026,6.45286,6.95048,7.69886,8.19293
2008-06-16,5.36,5.1,5.36,4.88,8757.24,600843,-0.05904,-0.25656,-0.2598,-0.42177,-0.35849,-0.48537,5.674,6.36762,6.89048,7.67569,8.17337
2008-06-17,5.02,4.62,5.12,4.59,15987.03,600843,-0.09412,-0.29466,-0.31454,-0.49946,-0.42466,-0.51623,5.288,6.26667,6.81613,7.64797,8.15333
2008-06-18,4.55,4.83,4.91,4.3,11365.89,600843,0.04545,-0.18136,-0.27039,-0.43902,-0.40663,-0.475,5.074,6.18143,6.75516,7.62106,8.13557
2008-06-19,4.85,4.36,4.85,4.35,8800.85,600843,-0.09731,-0.19259,-0.34238,-0.43742,-0.46959,-0.56137,4.866,6.07333,6.70048,7.58967,8.11289
2008-06-20,4.37,4.46,4.76,4.15,8292.39,600843,0.02294,-0.17712,-0.32628,-0.44596,-0.45477,-0.55533,4.674,5.97048,6.64258,7.55943,8.09024
2008-06-23,4.66,4.6,4.74,4.28,10323.78,600843,0.03139,-0.09804,-0.29556,-0.43834,-0.44778,-0.51731,4.574,5.87857,6.58468,7.52911,8.0702
2008-06-24,4.5,4.77,4.8,4.5,8023.67,600843,0.03696,0.03247,-0.33565,-0.42461,-0.40672,-0.52012,4.604,5.76381,6.5279,7.50252,8.04919
2008-06-25,4.76,5.0,5.04,4.68,10422.3,600843,0.04822,0.0352,-0.25595,-0.39467,-0.39024,-0.4929,4.638,5.6819,6.47532,7.4765,8.02943
2008-06-26,5.0,5.04,5.14,4.9,8864.42,600843,0.008,0.15596,-0.2063,-0.41935,-0.39568,-0.53548,4.774,5.61952,6.41661,7.44967,8.00581
2008-06-27,4.81,4.65,4.9,4.55,7513.34,600843,-0.07738,0.0426,-0.2723,-0.4523,-0.44043,-0.61055,4.812,5.53667,6.35468,7.41992,7.97618
2008-06-30,4.6,4.79,4.8,4.52,3447.48,600843,0.03011,0.0413,-0.27644,-0.38511,-0.42908,-0.55442,4.85,5.44952,6.30629,7.39065,7.95195
2008-07-01,5.0,4.88,5.0,4.71,4541.4,600843,0.01879,0.02306,-0.2327,-0.40777,-0.4319,-0.51539,4.872,5.37905,6.2521,7.36049,7.93085
2008-07-02,4.65,4.94,5.06,4.65,4406.9,600843,0.0123,-0.012,-0.22692,-0.34914,-0.43543,-0.50101,4.86,5.31,6.20935,7.32951,7.91069
2008-07-03,4.8,5.06,5.18,4.74,8278.73,600843,0.02429,0.00397,-0.2155,-0.2656,-0.42303,-0.4321,4.864,5.24381,6.17984,7.29935,7.89504
2008-07-04,4.99,4.95,5.1,4.87,3695.16,600843,-0.02174,0.06452,-0.22414,-0.28468,-0.42308,-0.38279,4.924,5.17571,6.14806,7.26984,7.88256
2008-07-07,4.91,5.16,5.19,4.91,8404.06,600843,0.04242,0.07724,-0.20737,-0.25755,-0.41563,-0.36765,4.998,5.11143,6.11919,7.24,7.87037
2008-07-08,5.13,5.18,5.26,5.0,8565.16,600843,0.00388,0.06148,-0.2449,-0.2865,-0.42636,-0.35732,5.058,5.03143,6.08565,7.2087,7.85866
2008-07-09,5.25,5.37,5.41,5.17,13707.24,600843,0.03668,0.08704,-0.18015,-0.32791,-0.40333,-0.29062,5.144,4.97524,6.04339,7.17919,7.84972
2008-07-10,5.27,5.34,5.51,5.2,12876.91,600843,-0.00559,0.05534,-0.09492,-0.27544,-0.4183,-0.21586,5.2,4.94857,6.01065,7.14797,7.84374
2008-07-11,5.33,5.14,5.37,5.08,7316.89,600843,-0.03745,0.03838,-0.04815,-0.31467,-0.44552,-0.29589,5.238,4.93619,5.97258,7.11439,7.83496
2008-07-14,5.1,5.39,5.39,5.1,7344.33,600843,0.04864,0.04457,-0.00554,-0.28609,-0.43143,-0.28133,5.284,4.93476,5.93774,7.08114,7.82638
2008-07-15,5.44,5.14,5.46,5.09,12200.49,600843,-0.04638,-0.00772,0.00784,-0.25073,-0.4485,-0.28512,5.276,4.93667,5.91,7.04715,7.81805
2008-07-16,5.1,5.65,5.65,4.98,55098.52,600843,0.09922,0.05214,0.22294,-0.20868,-0.38251,-0.22283,5.332,4.98571,5.88597,7.0187,7.81146
2008-07-17,5.68,5.99,6.18,5.48,81145.22,600843,0.06018,0.12172,0.24017,-0.13188,-0.34536,-0.17265,5.462,5.04095,5.87129,6.99301,7.80638
2008-07-18,5.83,5.77,5.95,5.39,37541.87,600843,-0.03673,0.12257,0.32339,-0.11908,-0.37351,-0.19074,5.588,5.1081,5.85871,6.96504,7.80085
2008-07-21,5.73,5.91,6.18,5.51,34533.15,600843,0.02426,0.09647,0.32511,-0.0199,-0.34983,-0.16643,5.692,5.17714,5.85677,6.93919,7.79606
2008-07-22,5.78,6.47,6.5,5.72,45867.6,600843,0.09475,0.25875,0.40652,0.10978,-0.27466,-0.11853,5.958,5.26619,5.8671,6.91927,7.79252
2008-07-23,6.29,6.26,6.61,6.18,48076.2,600843,-0.03246,0.10796,0.31237,0.11586,-0.3151,-0.16086,6.08,5.33714,5.87758,6.89585,7.78764
2008-07-24,6.39,6.28,6.49,6.18,28747.81,600843,0.00319,0.04841,0.256,0.07904,-0.28064,-0.18653,6.138,5.3981,5.885,6.87593,7.78179
2008-07-25,6.19,6.16,6.27,6.08,16219.56,600843,-0.01911,0.06759,0.22222,-0.0375,-0.21628,-0.21728,6.216,5.45143,5.88113,6.86211,7.77484
2008-07-28,6.16,6.37,6.45,6.0,31323.75,600843,0.03409,0.07783,0.36989,-0.01087,-0.22032,-0.23713,6.308,5.53333,5.88,6.84748,7.76679
2008-07-29,6.2,6.18,6.39,6.16,14213.65,600843,-0.02983,-0.04482,0.29019,-0.01278,-0.2581,-0.23798,6.25,5.59952,5.87871,6.83,7.75894
2008-07-30,6.25,6.23,6.46,6.17,20191.01,600843,0.00809,-0.00479,0.27664,-0.0189,-0.24117,-0.24758,6.244,5.66381,5.87677,6.8139,7.75061
2008-07-31,6.21,5.96,6.26,5.91,12890.77,600843,-0.04334,-0.05096,0.20648,-0.08729,-0.1935,-0.30129,6.18,5.71238,5.86758,6.80228,7.74016
2008-08-01,5.85,6.13,6.26,5.85,11568.99,600843,0.02852,-0.00487,0.21146,-0.0878,-0.19448,-0.29378,6.174,5.76333,5.85806,6.79024,7.7298
2008-08-04,6.12,6.06,6.35,6.03,10720.91,600843,-0.01142,-0.04867,0.22424,-0.09417,-0.21196,-0.31058,6.112,5.81619,5.8479,6.77699,7.7187
2008-08-05,6.14,5.97,6.25,5.9,10142.62,600843,-0.01485,-0.03398,0.15698,-0.06719,-0.19433,-0.38263,6.07,5.85476,5.84097,6.76528,7.70366
2008-08-06,6.07,6.11,6.14,5.89,7763.46,600843,0.02345,-0.01926,0.17954,-0.06288,-0.1196,-0.42575,6.046,5.89905,5.83435,6.75854,7.68524
2008-08-07,6.11,6.36,6.45,6.11,19409.42,600843,0.04092,0.06711,0.18436,-0.03782,-0.15087,-0.38252,6.126,5.94619,5.83032,6.74935,7.66923
2008-08-08,6.45,6.08,6.7,6.0,30362.15,600843,-0.04403,-0.00816,0.13858,-0.09524,-0.18717,-0.3732,6.116,5.98143,5.82,6.73797,7.65451
2008-08-11,6.08,5.47,6.25,5.47,14925.9,600843,-0.10033,-0.09736,0.0642,-0.17372,-0.27357,-0.45895,5.998,5.99714,5.80145,6.72122,7.63565
2008-08-12,5.36,4.95,5.36,4.93,17406.24,600843,-0.09506,-0.17085,-0.08163,-0.28157,-0.35798,-0.48491,5.794,5.97619,5.77016,6.69878,7.61671
2008-08-13,4.95,5.08,5.15,4.78,8868.4,600843,0.02626,-0.16858,-0.01167,-0.24629,-0.34112,-0.452,5.588,5.97333,5.74339,6.6774,7.59967
2008-08-14,5.02,5.12,5.19,4.78,9457.78,600843,0.00787,-0.19497,-0.09381,-0.22659,-0.35025,-0.44946,5.34,5.9481,5.71919,6.65496,7.58268
2008-08-15,5.08,5.07,5.21,4.94,7158.61,600843,-0.00977,-0.16612,-0.15359,-0.23529,-0.36783,-0.43792,5.138,5.90429,5.69403,6.63098,7.56663
2008-08-18,5.08,4.8,5.15,4.68,7135.5,600843,-0.05325,-0.12249,-0.16811,-0.27492,-0.39086,-0.4533,5.004,5.8581,5.66468,6.60593,7.55045
2008-08-19,4.8,4.89,4.96,4.6,3965.91,600843,0.01875,-0.01212,-0.17259,-0.25115,-0.3933,-0.49379,4.992,5.80952,5.63823,6.58016,7.53106
2008-08-20,4.88,5.25,5.35,4.73,11522.01,600843,0.07362,0.03346,-0.18856,-0.2688,-0.3462,-0.45084,5.026,5.75143,5.6071,6.55756,7.51354
2008-08-21,5.11,5.21,5.38,5.04,12603.56,600843,-0.00762,0.01758,-0.16773,-0.2247,-0.32338,-0.46837,5.044,5.70143,5.58274,6.53732,7.49488
2008-08-22,5.12,5.24,5.52,5.12,21769.97,600843,0.00576,0.03353,-0.16561,-0.1748,-0.38135,-0.45979,5.078,5.6519,5.56484,6.51106,7.47675
2008-08-25,5.18,5.23,5.4,5.18,9371.69,600843,-0.00191,0.08958,-0.15097,-0.18153,-0.42591,-0.47172,5.164,5.60762,5.54613,6.47951,7.45776
2008-08-26,5.11,4.95,5.34,4.81,10583.57,600843,-0.05354,0.01227,-0.22292,-0.25227,-0.44444,-0.49231,5.176,5.54,5.51919,6.44732,7.43825
2008-08-27,4.9,5.07,5.27,4.85,7537.87,600843,0.02424,-0.03429,-0.17961,-0.20283,-0.43854,-0.47893,5.14,5.48714,5.49839,6.41512,7.41931
2008-08-28,5.07,5.03,5.21,4.93,6891.0,600843,-0.00789,-0.03455,-0.19262,-0.21283,-0.4666,-0.47983,5.104,5.43,5.47645,6.37935,7.40045
2008-08-29,5.01,5.26,5.38,5.0,16530.46,600843,0.04573,0.00382,-0.11745,-0.1845,-0.43319,-0.46869,5.108,5.39667,5.45726,6.34667,7.38159
2008-09-01,5.15,5.18,5.23,5.1,6174.91,600843,-0.01521,-0.00956,-0.15498,-0.18809,-0.43573,-0.46926,5.098,5.35143,5.4379,6.31415,7.36297
2008-09-02,5.12,5.27,5.3,5.05,6067.32,600843,0.01737,0.06465,-0.13036,-0.19048,-0.43455,-0.44874,5.162,5.31381,5.4179,6.28122,7.34553
2008-09-03,5.26,4.97,5.26,4.95,9763.58,600843,-0.05693,-0.01972,-0.1675,-0.27551,-0.43778,-0.45802,5.142,5.26619,5.38742,6.24976,7.32846
2008-09-04,4.96,5.0,5.09,4.95,4796.53,600843,0.00604,-0.00596,-0.18167,-0.23664,-0.44812,-0.47808,5.136,5.21333,5.36242,6.21675,7.30984
2008-09-05,4.98,4.78,4.98,4.7,9418.4,600843,-0.044,-0.09125,-0.24843,-0.18983,-0.48156,-0.50415,5.04,5.1381,5.34435,6.18065,7.29008
2008-09-08,4.75,5.04,5.26,4.66,19485.7,600843,0.05439,-0.02703,-0.17105,-0.06667,-0.42466,-0.51445,5.012,5.08857,5.33855,6.15041,7.26837
2008-09-09,5.05,5.24,5.34,4.9,18014.93,600843,0.03968,-0.00569,-0.04205,-0.03321,-0.4059,-0.47964,5.006,5.07762,5.33565,6.1213,7.24874
2008-09-10,5.18,5.43,5.44,5.14,20867.24,600843,0.03626,0.09256,0.09697,0.06471,-0.4117,-0.45646,5.098,5.10048,5.34097,6.09041,7.2302
2008-09-11,5.47,5.3,5.62,5.2,26829.88,600843,-0.02394,0.06,0.04331,0.14719,-0.38444,-0.44152,5.158,5.11095,5.35194,6.0635,7.21317
2008-09-12,5.21,5.14,5.4,5.12,9190.45,600843,-0.03019,0.07531,0.00391,0.06418,-0.33677,-0.48907,5.23,5.1119,5.35694,6.04228,7.19317
2008-09-16,5.13,4.77,5.13,4.73,11780.72,600843,-0.07198,-0.05357,-0.05917,0.09404,-0.40745,-0.47293,5.176,5.09762,5.36355,6.01561,7.17577
2008-09-17,4.99,5.25,5.25,4.92,17785.22,600843,0.10063,0.00191,0.09375,0.17713,-0.35897,-0.41472,5.178,5.11905,5.37629,5.99171,7.16065
2008-09-18,5.31,5.4,5.47,4.88,43835.3,600843,0.02857,-0.00552,0.10429,0.17391,-0.34861,-0.40265,5.172,5.14333,5.38919,5.96821,7.14585
2008-09-19,5.8,5.94,5.94,5.67,35559.57,600843,0.1,0.12075,0.13143,0.24528,-0.28087,-0.35853,5.3,5.17619,5.40806,5.94935,7.13236
2008-09-22,6.2,5.94,6.52,5.72,53522.54,600843,0.0,0.15564,0.14012,0.188,-0.31567,-0.36741,5.46,5.21095,5.42323,5.92707,7.11833
2008-09-23,5.72,5.47,5.72,5.4,24224.21,600843,-0.07912,0.14675,0.04389,0.08532,-0.35571,-0.40929,5.6,5.2219,5.43016,5.90252,7.10293
2008-09-24,5.4,5.8,6.0,5.35,28530.58,600843,0.06033,0.10476,0.10899,0.24731,-0.25546,-0.38689,5.71,5.24905,5.44871,5.88634,7.08805
2008-09-25,5.8,5.92,5.99,5.67,21384.75,600843,0.02069,0.0963,0.19596,0.23591,-0.28155,-0.39282,5.814,5.29524,5.46694,5.86748,7.07248
2008-09-26,5.8,5.73,5.95,5.63,15040.78,600843,-0.03209,-0.03535,0.13018,0.17418,-0.24506,-0.44691,5.772,5.32667,5.48065,5.85236,7.05366
2008-10-06,5.51,5.53,5.69,5.51,8654.79,600843,-0.0349,-0.06902,0.0994,0.11943,-0.19739,-0.45464,5.69,5.35048,5.49016,5.8413,7.03492
2008-10-07,5.4,5.7,5.78,5.33,11613.17,600843,0.03074,0.04205,0.08365,0.12648,-0.1763,-0.41418,5.736,5.37143,5.50048,5.83138,7.01854
2008-10-08,5.55,5.49,5.67,5.38,10261.0,600843,-0.03684,-0.05345,0.05985,0.10909,-0.21007,-0.40649,5.674,5.38619,5.50919,5.81951,7.00325
2008-10-09,5.61,5.27,5.62,5.18,7600.51,600843,-0.04007,-0.1098,0.0,0.02132,-0.2741,-0.43333,5.544,5.38619,5.51097,5.80333,6.98687
2008-10-10,5.01,4.74,5.2,4.74,21791.66,600843,-0.10057,-0.17277,-0.04628,-0.08494,-0.40676,-0.49467,5.346,5.37524,5.50387,5.77691,6.96801
2008-10-13,4.65,4.94,4.97,4.48,21859.78,600843,0.04219,-0.10669,-0.012,-0.08007,-0.32972,-0.47222,5.228,5.37238,5.49694,5.75715,6.95004
2008-10-14,5.1,4.64,5.15,4.62,12137.4,600843,-0.06073,-0.18596,-0.02929,-0.13109,-0.38133,-0.51312,5.016,5.36571,5.48565,5.7339,6.93016
2008-10-15,4.57,4.57,4.6,4.49,7397.1,600843,-0.01509,-0.16758,-0.09325,-0.11089,-0.3947,-0.50966,4.832,5.34333,5.47645,5.70967,6.91085
2008-10-16,4.37,4.11,4.45,4.11,10216.99,600843,-0.10066,-0.22011,-0.21565,-0.23748,-0.40087,-0.54333,4.6,5.28952,5.45581,5.68732,6.89098
2008-10-17,4.16,4.13,4.25,3.95,9666.4,600843,0.00487,-0.12869,-0.23941,-0.1965,-0.42157,-0.51752,4.478,5.22762,5.43952,5.66285,6.87297
2008-10-20,4.19,4.26,4.32,4.06,7738.76,600843,0.03148,-0.13765,-0.19623,-0.24602,-0.38261,-0.5058,4.342,5.1781,5.4171,5.64138,6.85524
2008-10-21,4.37,4.17,4.38,4.16,11420.73,600843,-0.02113,-0.10129,-0.18872,-0.30384,-0.36336,-0.52234,4.248,5.1319,5.38774,5.62203,6.83671
2008-10-22,4.2,4.15,4.32,4.15,6222.15,600843,-0.0048,-0.0919,-0.12998,-0.28076,-0.31177,-0.51176,4.164,5.10238,5.36161,5.60675,6.81902
2008-10-23,4.1,4.2,4.2,3.9,8007.38,600843,0.01205,0.0219,-0.2,-0.28934,-0.27959,-0.50588,4.182,5.05238,5.33403,5.5935,6.80154
2008-10-24,4.19,4.04,4.24,3.91,7739.3,600843,-0.0381,-0.02179,-0.25185,-0.37558,-0.27986,-0.51501,4.164,4.98762,5.29484,5.58073,6.78411
2008-10-27,3.96,3.64,3.96,3.64,9284.4,600843,-0.09901,-0.14554,-0.38721,-0.41853,-0.37457,-0.54613,4.04,4.8781,5.25258,5.56301,6.7663
2008-10-28,3.5,3.58,3.64,3.39,15459.7,600843,-0.01648,-0.14149,-0.39731,-0.42994,-0.44063,-0.55857,3.922,4.76571,5.20903,5.54008,6.74789
2008-10-29,3.64,3.25,3.64,3.22,16423.3,600843,-0.09218,-0.21687,-0.40585,-0.4724,-0.49534,-0.58226,3.742,4.66,5.1621,5.51415,6.72947
2008-10-30,3.3,3.27,3.33,3.19,14475.12,600843,0.00615,-0.22143,-0.43621,-0.48666,-0.47764,-0.53286,3.556,4.53952,5.1121,5.48984,6.71431
2008-10-31,3.28,3.4,3.43,3.21,12138.93,600843,0.03976,-0.15842,-0.42568,-0.44984,-0.46457,-0.52045,3.428,4.41952,5.06726,5.46585,6.69931
2008-11-03,3.37,3.45,3.48,3.2,13678.21,600843,0.01471,-0.0522,-0.39791,-0.44623,-0.47167,-0.51748,3.39,4.31095,5.02242,5.44081,6.68427
2008-11-04,3.35,3.36,3.44,3.21,11105.34,600843,-0.02609,-0.06145,-0.39241,-0.43624,-0.5,-0.54161,3.346,4.20762,4.98048,5.4135,6.66813
2008-11-05,3.37,3.53,3.56,3.29,31421.69,600843,0.0506,0.08615,-0.3807,-0.42414,-0.47235,-0.53553,3.402,4.10429,4.93855,5.3878,6.65159
2008-11-06,3.42,3.41,3.47,3.32,13339.96,600843,-0.03399,0.04281,-0.37887,-0.43729,-0.46719,-0.52639,3.43,4.00524,4.89581,5.3635,6.63618
2008-11-07,3.33,3.38,3.49,3.3,13518.2,600843,-0.0088,-0.00588,-0.35863,-0.43384,-0.4816,-0.51367,3.426,3.91524,4.85403,5.33797,6.62167
2008-11-10,3.42,3.61,3.62,3.42,24376.14,600843,0.06805,0.04638,-0.2384,-0.40917,-0.45386,-0.5048,3.458,3.86143,4.81371,5.31358,6.60671
2008-11-11,3.67,3.5,3.71,3.5,29767.15,600843,-0.03047,0.04167,-0.2915,-0.44969,-0.47917,-0.52575,3.486,3.79286,4.76758,5.2874,6.59093
2008-11-12,3.48,3.84,3.85,3.48,41953.71,600843,0.09714,0.08782,-0.17241,-0.36842,-0.41994,-0.47541,3.548,3.75476,4.73145,5.2648,6.57679
2008-11-13,3.71,3.93,4.04,3.71,47819.33,600843,0.02344,0.15249,-0.14004,-0.28154,-0.42961,-0.44726,3.652,3.72429,4.70661,5.24073,6.56386
2008-11-14,3.92,4.05,4.09,3.8,39402.83,600843,0.03053,0.19822,-0.0146,-0.18182,-0.39911,-0.44973,3.786,3.72143,4.6921,5.21886,6.55041
2008-11-17,4.0,4.22,4.28,3.85,39142.7,600843,0.04198,0.16898,0.02179,-0.16929,-0.36254,-0.44106,3.908,3.72571,4.67823,5.19935,6.53687
2008-11-18,4.24,3.8,4.24,3.8,33189.32,600843,-0.09953,0.08571,-0.10798,-0.25781,-0.42685,-0.48993,3.968,3.70381,4.65694,5.17634,6.52203
2008-11-19,3.8,4.11,4.12,3.72,25533.97,600843,0.08158,0.07031,-0.01439,-0.18935,-0.37915,-0.45992,4.022,3.70095,4.64145,5.15593,6.5078
2008-11-20,4.01,4.41,4.5,3.92,47503.86,600843,0.07299,0.12214,0.06265,-0.08125,-0.32466,-0.41974,4.118,3.71333,4.63516,5.1387,6.49484
2008-11-21,4.25,4.15,4.38,3.97,38064.63,600843,-0.05896,0.02469,-0.0119,-0.15133,-0.42201,-0.45964,4.138,3.71095,4.62323,5.11407,6.48049
2008-11-24,4.1,3.91,4.2,3.89,17704.03,600843,-0.05783,-0.07346,-0.03218,-0.25524,-0.41815,-0.49936,4.076,3.70476,4.60161,5.09122,6.46463
2008-11-25,3.95,3.92,4.0,3.74,13483.43,600843,0.00256,0.03158,0.07692,-0.2476,-0.38268,-0.5038,4.1,3.7181,4.58081,5.07146,6.44846
2008-11-26,3.99,4.31,4.31,3.99,24997.36,600843,0.09949,0.04866,0.20391,-0.17748,-0.32551,-0.45235,4.14,3.75286,4.56581,5.05455,6.43398
2008-11-27,4.74,4.36,4.74,4.32,75805.03,600843,0.0116,-0.01134,0.34154,-0.16635,-0.34139,-0.40028,4.13,3.80571,4.55177,5.03618,6.42215
2008-11-28,4.31,4.16,4.36,4.01,44597.24,600843,-0.04587,0.00241,0.27217,-0.1596,-0.34591,-0.43708,4.132,3.8481,4.53903,5.01829,6.40902
2008-12-01,4.1,4.42,4.5,4.08,41311.16,600843,0.0625,0.13043,0.3,-0.12821,-0.30829,-0.39535,4.234,3.89667,4.52855,5.00228,6.39728
2008-12-02,4.31,4.39,4.5,4.25,29182.59,600843,-0.00679,0.1199,0.27246,-0.12724,-0.31938,-0.39945,4.328,3.94143,4.51823,4.98553,6.38541
2008-12-03,4.4,4.56,4.61,4.35,37644.76,600843,0.03872,0.058,0.35714,-0.13308,-0.28527,-0.39037,4.378,3.99857,4.50694,4.97073,6.37354
2008-12-04,4.5,4.47,4.66,4.4,41622.03,600843,-0.01974,0.02523,0.26629,-0.13707,-0.31336,-0.41415,4.4,4.04333,4.49548,4.95415,6.36069
2008-12-05,4.3,4.56,4.65,4.3,25259.0,600843,0.02013,0.09615,0.33724,-0.13472,-0.33528,-0.38956,4.48,4.0981,4.48403,4.93545,6.34886
2008-12-08,4.57,4.74,4.8,4.5,45474.67,600843,0.03947,0.0724,0.40237,-0.04628,-0.27634,-0.37632,4.544,4.16286,4.48032,4.92073,6.33724
2008-12-09,4.76,4.54,4.78,4.52,23621.97,600843,-0.04219,0.03417,0.25762,-0.092,-0.23051,-0.4042,4.574,4.20714,4.4729,4.90967,6.32472
2008-12-10,4.54,4.68,4.7,4.48,23261.24,600843,0.03084,0.02632,0.33714,-0.02092,-0.13333,-0.40306,4.598,4.26333,4.47129,4.90382,6.31187
2008-12-11,5.08,5.15,5.15,5.05,41996.21,600843,0.10043,0.15213,0.34115,0.02183,-0.04982,-0.35705,4.734,4.32571,4.47306,4.90163,6.30024
2008-12-12,5.0,5.07,5.43,4.88,137406.12,600843,-0.01553,0.11184,0.29008,-0.03244,-0.00588,-0.36226,4.836,4.38,4.47032,4.90138,6.28854
2008-12-15,5.04,4.82,5.04,4.68,57089.42,600843,-0.04931,0.01688,0.19012,-0.11234,0.04329,-0.39975,4.852,4.41667,4.46048,4.90301,6.27549
2008-12-16,4.85,4.69,4.85,4.56,40838.09,600843,-0.02697,0.03304,0.11137,-0.11509,-0.02899,-0.42383,4.882,4.43905,4.45065,4.90187,6.26146
2008-12-17,4.77,4.73,4.86,4.68,32376.24,600843,0.00853,0.01068,0.24474,-0.07977,0.08486,-0.42457,4.892,4.48333,4.44403,4.90488,6.24728
2008-12-18,4.73,4.8,4.8,4.64,30947.99,600843,0.0148,-0.06796,0.16788,0.00629,0.07623,-0.4132,4.822,4.51619,4.44452,4.90764,6.23354
2008-12-19,4.79,4.84,4.95,4.7,36118.17,600843,0.00833,-0.04536,0.09751,-0.0781,0.05217,-0.41897,4.776,4.53667,4.4379,4.90959,6.21935
2008-12-22,4.87,4.71,4.87,4.61,26495.19,600843,-0.02686,-0.02282,0.13494,-0.12778,-0.01258,-0.41418,4.754,4.56333,4.42677,4.90911,6.20581
2008-12-23,4.71,4.32,4.75,4.31,26891.2,600843,-0.0828,-0.07889,0.10486,-0.27273,-0.136,-0.47317,4.68,4.58286,4.40065,4.90358,6.19004
2008-12-24,4.16,4.16,4.31,4.11,20014.21,600843,-0.03704,-0.12051,0.06122,-0.29966,-0.1746,-0.5012,4.566,4.59429,4.37194,4.89642,6.17305
2008-12-25,4.19,4.15,4.29,4.06,13300.57,600843,-0.0024,-0.13542,-0.03712,-0.24132,-0.10753,-0.5006,4.436,4.58667,4.35065,4.89236,6.15614
2008-12-26,4.25,4.13,4.25,4.11,11041.67,600843,-0.00482,-0.14669,-0.05275,-0.28793,-0.13779,-0.50775,4.294,4.57571,4.32371,4.88699,6.13882
2008-12-30,4.15,4.07,4.24,4.0,11200.98,600843,-0.01453,-0.13588,-0.02163,-0.3125,-0.16598,-0.52619,4.166,4.57143,4.29387,4.88041,6.12045
2008-12-31,4.11,3.99,4.12,3.96,11213.66,600843,-0.01966,-0.07639,-0.09729,-0.30366,-0.19231,-0.544,4.1,4.55095,4.26581,4.87268,6.1011
2009-01-05,4.13,4.18,4.19,4.06,12215.31,600843,0.04762,0.00481,-0.04784,-0.24412,-0.17391,-0.52338,4.104,4.54095,4.24403,4.86553,6.08244
2009-01-06,4.16,4.31,4.34,4.12,21609.88,600843,0.0311,0.03855,-0.05482,-0.24386,-0.12929,-0.49767,4.136,4.52905,4.22161,4.86033,6.06508
2009-01-07,4.26,4.43,4.45,4.26,26562.16,600843,0.02784,0.07264,-0.00895,-0.19308,-0.14147,-0.4983,4.196,4.52714,4.20452,4.85439,6.0472
2009-01-08,4.3,4.27,4.46,4.21,16577.4,600843,-0.03612,0.04914,-0.0636,-0.18975,-0.17568,-0.52713,4.236,4.51333,4.18839,4.84699,6.02785
2009-01-09,4.34,4.39,4.41,4.28,11382.38,600843,0.0281,0.10025,-0.07384,-0.07384,-0.1825,-0.51222,4.316,4.49667,4.18274,4.83902,6.00911
2009-01-12,4.4,4.48,4.57,4.32,21985.14,600843,0.0205,0.07177,-0.01322,-0.09312,-0.16105,-0.51198,4.376,4.49381,4.17532,4.83203,5.99
2009-01-13,4.44,4.28,4.44,4.26,13769.87,600843,-0.04464,-0.00696,-0.08547,-0.07759,-0.16732,-0.5383,4.37,4.47476,4.16952,4.82504,5.96972
2009-01-14,4.3,4.46,4.55,4.28,22016.83,600843,0.04206,0.00677,-0.13398,-0.02407,-0.17254,-0.52954,4.376,4.4419,4.16774,4.81748,5.94931
2009-01-15,4.46,4.53,4.65,4.39,37181.55,600843,0.0157,0.06089,-0.10651,0.10219,-0.11868,-0.51395,4.428,4.41619,4.17452,4.81252,5.92984
2009-01-16,4.54,4.53,4.67,4.5,25411.82,600843,0.0,0.03189,-0.06017,0.09685,-0.19823,-0.50492,4.456,4.40238,4.18097,4.80341,5.91106
2009-01-19,4.52,4.68,4.69,4.5,29611.2,600843,0.03311,0.04464,-0.00213,0.09859,-0.2187,-0.48852,4.496,4.4019,4.18774,4.79276,5.89289
2009-01-20,4.66,4.59,4.72,4.49,14429.05,600843,-0.01923,0.07243,-0.0296,0.10072,-0.20451,-0.50163,4.558,4.39524,4.19452,4.78317,5.87411
2009-01-21,4.57,4.52,4.63,4.5,12594.02,600843,-0.01525,0.01345,-0.05833,0.08916,-0.23519,-0.50275,4.57,4.3819,4.20048,4.77187,5.85553
2009-01-22,4.53,4.59,4.62,4.51,12335.5,600843,0.01549,0.01325,-0.05165,0.09286,-0.29057,-0.48543,4.582,4.37,4.20677,4.75659,5.83793
2009-01-23,4.57,4.57,4.61,4.48,14391.9,600843,-0.00436,0.00883,-0.02972,0.13119,-0.26997,-0.5,4.59,4.36333,4.21532,4.74285,5.81935
2009-02-02,4.6,4.71,4.72,4.57,26177.7,600843,0.03063,0.00641,0.09028,0.29396,-0.25,-0.46048,4.596,4.3819,4.23258,4.73008,5.80301
2009-02-03,4.74,4.86,4.89,4.68,43604.85,600843,0.03185,0.05882,0.16827,0.35754,-0.21104,-0.38168,4.65,4.41524,4.25323,4.71951,5.79081
2009-02-04,4.86,5.04,5.1,4.8,40431.76,600843,0.03704,0.11504,0.21446,0.55077,-0.20879,-0.38311,4.754,4.45762,4.2821,4.7087,5.77809
2009-02-05,5.15,4.84,5.15,4.8,43661.09,600843,-0.03968,0.05447,0.17191,0.48012,-0.21683,-0.41897,4.804,4.49143,4.30742,4.6978,5.7639
2009-02-06,4.82,5.05,5.07,4.82,38635.12,600843,0.04339,0.10503,0.24079,0.48529,-0.18941,-0.3849,4.9,4.5381,4.33403,4.68821,5.75106
2009-02-09,5.12,5.18,5.19,5.0,43315.22,600843,0.02574,0.09979,0.29825,0.50145,-0.13087,-0.29905,4.994,4.59476,4.36194,4.68187,5.74207
2009-02-10,5.13,5.51,5.66,5.09,71818.05,600843,0.06371,0.13374,0.31818,0.63988,-0.10114,-0.27595,5.124,4.6581,4.39661,4.67683,5.73354
2009-02-11,5.4,5.51,5.59,5.21,66712.54,600843,0.0,0.09325,0.27842,0.56091,-0.09076,-0.28349,5.218,4.71524,4.42855,4.67236,5.72467
2009-02-12,5.6,5.81,5.85,5.43,108123.74,600843,0.05445,0.20041,0.31151,0.70381,-0.0268,-0.21592,5.412,4.78095,4.46726,4.67106,5.71817
2009-02-13,5.7,6.0,6.06,5.5,87719.05,600843,0.0327,0.18812,0.40515,0.77515,-0.018,-0.13545,5.602,4.86333,4.50952,4.67016,5.71435
2009-02-16,5.99,5.95,6.08,5.81,46406.57,600843,-0.00833,0.14865,0.35535,0.6482,-0.06447,-0.20561,5.756,4.93762,4.54726,4.66683,5.70809
2009-02-17,5.91,6.04,6.48,5.88,68740.65,600843,0.01513,0.09619,0.34821,0.72571,-0.00658,-0.19251,5.862,5.0119,4.58823,4.6665,5.70224
2009-02-18,6.0,5.73,6.18,5.7,43300.19,600843,-0.05132,0.03993,0.33879,0.49219,0.04753,-0.23904,5.906,5.08095,4.61871,4.66862,5.69492
2009-02-19,5.72,5.79,5.94,5.43,41853.45,600843,0.01047,-0.00344,0.29821,0.47328,0.1697,-0.24903,5.902,5.14429,4.64871,4.67545,5.68711
2009-02-20,5.79,6.19,6.21,5.66,39692.56,600843,0.06908,0.03167,0.36645,0.5284,0.2185,-0.19715,5.94,5.22333,4.68323,4.68447,5.68093
2009-02-23,6.15,6.26,6.45,6.05,50027.17,600843,0.01131,0.0521,0.3819,0.48341,0.22266,-0.20558,6.002,5.30571,4.71613,4.69374,5.67435
2009-02-24,6.2,5.92,6.35,5.9,38030.57,600843,-0.05431,-0.01987,0.26496,0.55789,0.16765,-0.26185,5.978,5.36476,4.75032,4.70065,5.66581
2009-02-25,5.95,6.28,6.29,5.79,48182.78,600843,0.06081,0.09599,0.36819,0.52798,0.30833,-0.20305,6.088,5.44524,4.78532,4.71268,5.65931
2009-02-26,6.18,5.74,6.39,5.65,34745.0,600843,-0.08599,-0.00864,0.26991,0.30159,0.17382,-0.28784,6.078,5.50333,4.80677,4.71959,5.64988
2009-02-27,5.74,5.2,5.74,5.17,30959.43,600843,-0.09408,-0.15994,0.1329,0.25301,-0.00952,-0.35243,5.88,5.53238,4.82371,4.71919,5.63837
2009-03-02,5.17,5.31,5.42,5.15,11654.81,600843,0.02115,-0.15176,0.16193,0.35806,0.01919,-0.31039,5.69,5.56762,4.84629,4.72,5.62866
2009-03-03,5.15,5.48,5.51,5.03,16554.36,600843,0.03202,-0.07432,0.16348,0.39796,0.0458,-0.35301,5.602,5.60429,4.87145,4.72195,5.6165
2009-03-04,5.49,5.89,6.01,5.49,26239.65,600843,0.07482,-0.0621,0.21193,0.36659,0.1262,-0.35346,5.524,5.65333,4.89694,4.72732,5.60341
2009-03-05,6.2,6.04,6.2,5.81,40078.52,600843,0.02547,0.05226,0.19841,0.38532,0.2202,-0.32211,5.584,5.70095,4.92403,4.73618,5.59175
2009-03-06,5.94,6.09,6.23,5.84,26153.01,600843,0.00828,0.17115,0.25826,0.46394,0.20118,-0.32558,5.762,5.76048,4.95516,4.74447,5.5798
2009-03-09,6.12,6.23,6.61,6.09,65375.65,600843,0.02299,0.17326,0.23366,0.4095,0.23857,-0.33934,5.946,5.81667,4.98435,4.75423,5.56679
2009-03-10,6.34,6.29,6.34,6.12,41587.27,600843,0.00963,0.14781,0.21429,0.4328,0.19582,-0.3222,6.108,5.86952,5.015,4.7626,5.55463
2009-03-11,6.47,6.43,6.49,6.2,40661.7,600843,0.02226,0.09168,0.16697,0.41009,0.24131,-0.29956,6.216,5.91333,5.04516,4.77276,5.54346
2009-03-12,6.38,6.25,6.39,6.06,18346.22,600843,-0.02799,0.03477,0.1343,0.39821,0.18596,-0.3294,6.258,5.94857,5.07387,4.78073,5.53098
2009-03-13,6.27,6.08,6.27,6.06,16012.55,600843,-0.0272,-0.00164,0.04647,0.33333,0.22334,-0.31222,6.256,5.96143,5.09839,4.78976,5.51976
2009-03-16,6.05,6.2,6.25,5.97,16403.06,600843,0.01974,-0.00482,0.03333,0.30802,0.24,-0.31567,6.25,5.97095,5.12194,4.79951,5.50813
2009-03-17,6.15,6.49,6.55,6.1,40595.01,600843,0.04677,0.0318,0.09076,0.42952,0.35774,-0.2961,6.29,5.99667,5.15339,4.81341,5.49703
2009-03-18,6.54,6.47,6.57,6.41,28379.31,600843,-0.00308,0.00622,0.07119,0.38248,0.28373,-0.26142,6.298,6.01714,5.18226,4.82504,5.48772
2009-03-19,6.49,6.47,6.62,6.41,29082.75,600843,0.0,0.0352,0.12914,0.25631,0.23473,-0.26644,6.342,6.05238,5.20355,4.83504,5.47817
2009-03-20,6.47,6.31,6.53,6.16,46686.53,600843,-0.02473,0.03783,0.08981,0.24458,0.16206,-0.31636,6.388,6.07714,5.22355,4.8422,5.4663
2009-03-23,6.31,6.34,6.48,6.24,29495.26,600843,0.00475,0.02258,0.02423,0.31535,0.19623,-0.26365,6.416,6.08429,5.24806,4.85065,5.45707
2009-03-24,6.31,6.33,6.45,6.21,21488.37,600843,-0.00158,-0.02465,0.01118,0.34968,0.23152,-0.18323,6.384,6.08762,5.27452,4.86033,5.4513
2009-03-25,6.31,6.3,6.49,6.26,17750.11,600843,-0.00474,-0.02628,0.06419,0.33192,0.32075,-0.21739,6.35,6.10571,5.29984,4.87276,5.44419
2009-03-26,6.38,6.43,6.59,6.28,36964.86,600843,0.02063,-0.00618,0.02389,0.33958,0.22476,-0.2149,6.342,6.11286,5.32613,4.88236,5.43703
2009-03-27,6.32,6.89,6.99,6.32,71578.15,600843,0.07154,0.09192,0.20035,0.42355,0.27593,-0.16888,6.458,6.16762,5.35919,4.89447,5.43134
2009-03-30,6.8,7.56,7.58,6.8,120547.95,600843,0.09724,0.19243,0.45385,0.6051,0.27273,-0.08475,6.702,6.28,5.40516,4.90764,5.4285
2009-03-31,7.3,7.57,7.85,7.12,79906.91,600843,0.00132,0.19589,0.42561,0.75231,0.27441,-0.12788,6.95,6.38762,5.45758,4.92089,5.42398
2009-04-01,7.6,7.54,7.8,7.01,58371.34,600843,-0.00396,0.19683,0.37591,0.8125,0.37843,-0.1119,7.198,6.48571,5.5121,4.93772,5.42012
2009-04-02,7.55,7.5,7.65,7.42,43047.38,600843,-0.00531,0.16641,0.27334,0.80723,0.2931,-0.03723,7.412,6.56238,5.56613,4.95154,5.41894
2009-04-03,7.55,7.29,7.55,7.11,30100.59,600843,-0.028,0.05806,0.20695,0.76513,0.23142,-0.11529,7.492,6.6219,5.6171,4.96268,5.41508
2009-04-07,7.23,7.31,7.37,7.19,15581.74,600843,0.00274,-0.03307,0.20033,0.79607,0.27574,-0.03689,7.442,6.68,5.66935,4.97553,5.41394
2009-04-08,7.3,7.17,7.44,7.16,18774.5,600843,-0.01915,-0.05284,0.15088,0.79699,0.29656,0.04064,7.362,6.72476,5.72065,4.98886,5.41508
2009-04-09,7.17,7.64,7.7,6.97,25203.01,600843,0.06555,0.01326,0.21463,0.82775,0.34035,0.10405,7.382,6.78905,5.77645,5.00463,5.41801
2009-04-10,7.65,7.87,8.1,7.45,58857.88,600843,0.0301,0.04933,0.22395,0.82599,0.43352,0.13237,7.456,6.85762,5.83387,5.02398,5.42175
2009-04-13,7.93,7.73,8.05,7.65,51280.03,600843,-0.01779,0.06036,0.2368,0.74492,0.46679,0.06474,7.544,6.9281,5.8871,5.04398,5.42366
2009-04-14,7.73,7.77,8.03,7.68,31564.9,600843,0.00517,0.06293,0.27796,0.81967,0.63924,-0.02753,7.636,7.00857,5.94355,5.06862,5.42276
2009-04-15,7.7,7.85,7.95,7.61,25141.65,600843,0.0103,0.09484,0.26613,0.78815,0.58907,0.06513,7.772,7.08714,5.99935,5.09228,5.42472
2009-04-16,7.88,7.63,7.94,7.56,29940.48,600843,-0.02803,-0.00131,0.17565,0.70312,0.6444,0.01733,7.77,7.14143,6.05016,5.11659,5.42524
2009-04-17,7.63,7.3,7.65,7.18,29615.57,600843,-0.04325,-0.07243,0.12828,0.70561,0.59737,-0.03311,7.656,7.18095,6.09887,5.13878,5.42423
2009-04-20,7.2,7.69,7.72,7.2,29115.66,600843,0.05342,-0.00517,0.18856,0.72422,0.87105,0.12099,7.648,7.23905,6.15097,5.16789,5.4276
2009-04-21,7.59,7.48,7.64,7.4,19691.53,600843,-0.02731,-0.03732,0.18542,0.65121,0.81114,0.04762,7.59,7.29476,6.19855,5.19512,5.42898
2009-04-22,7.51,7.25,7.69,7.2,26103.21,600843,-0.03075,-0.07643,0.14353,0.60044,0.70188,0.05072,7.47,7.3381,6.24242,5.21943,5.43041
2009-04-23,7.12,7.39,7.47,7.1,13959.81,600843,0.01931,-0.03145,0.16746,0.57906,0.77218,0.12824,7.422,7.38857,6.28613,5.24561,5.43382
2009-04-24,7.47,7.62,7.74,7.39,21703.06,600843,0.03112,0.04384,0.20952,0.66013,0.83614,0.26368,7.486,7.45143,6.335,5.27382,5.44028
2009-04-27,7.4,7.2,7.57,7.2,14799.25,600843,-0.05512,-0.06372,0.11975,0.59292,0.71429,0.23499,7.388,7.4881,6.37823,5.29821,5.44585
2009-04-28,7.18,7.28,7.35,7.11,10696.57,600843,0.01111,-0.02674,0.0566,0.58606,0.80198,0.29768,7.348,7.50667,6.42161,5.32455,5.45264
2009-04-29,7.36,7.47,7.58,7.2,15052.66,600843,0.0261,0.03034,-0.0119,0.63457,1.0522,0.28351,7.392,7.50238,6.46839,5.35569,5.45935
2009-04-30,7.59,7.65,7.97,7.52,33414.63,600843,0.0241,0.03518,0.01057,0.6242,1.13687,0.19531,7.444,7.50619,6.51581,5.38878,5.46443
2009-05-04,7.68,7.98,8.03,7.68,37633.87,600843,0.04314,0.04724,0.05836,0.64198,1.45538,0.23913,7.516,7.52714,6.56613,5.42724,5.47069
2009-05-05,7.99,8.78,8.78,7.99,79076.52,600843,0.10025,0.21944,0.17067,0.74206,1.68502,0.40256,7.832,7.5881,6.62645,5.47203,5.48093
2009-05-06,8.83,8.82,8.9,8.59,53212.48,600843,0.00456,0.21154,0.20988,0.82231,1.59412,0.38898,8.14,7.66095,6.69065,5.5161,5.49098
2009-05-07,8.83,9.19,9.25,8.68,72337.29,600843,0.04195,0.23025,0.25718,0.8198,1.66377,0.40735,8.484,7.75048,6.75742,5.56276,5.50179
2009-05-08,9.14,9.52,9.99,8.86,59683.0,600843,0.03591,0.24444,0.32775,0.83784,1.83333,0.41667,8.858,7.86238,6.82742,5.61285,5.51317
2009-05-11,9.52,8.74,9.67,8.6,49529.22,600843,-0.08193,0.09524,0.14398,0.58621,1.47592,0.30643,9.01,7.91476,6.87952,5.6552,5.5215
2009-05-12,8.6,8.81,9.03,8.6,34167.75,600843,0.00801,0.00342,0.11944,0.59891,1.58358,0.37656,9.016,7.95952,6.93274,5.69911,5.5313
2009-05-13,8.81,8.66,8.86,8.5,40195.31,600843,-0.01703,-0.01814,0.12031,0.49053,1.56213,0.32822,8.984,8.00381,6.97871,5.74203,5.54
2009-05-14,8.66,8.72,8.74,8.52,21298.74,600843,0.00693,-0.05114,0.12227,0.45333,1.41551,0.31921,8.89,8.04905,7.02258,5.78358,5.54858
2009-05-15,8.72,8.63,8.81,8.51,22272.71,600843,-0.01032,-0.09349,0.09936,0.45042,1.46571,0.28423,8.712,8.08619,7.06581,5.82528,5.55634
2009-05-18,8.6,8.65,8.66,8.31,19189.61,600843,0.00232,-0.0103,0.13368,0.43212,1.2526,0.30665,8.694,8.13476,7.1079,5.86439,5.56459
2009-05-19,8.7,8.8,8.83,8.6,25439.48,600843,0.01734,-0.00114,0.20548,0.53578,1.23919,0.27721,8.692,8.20619,7.15742,5.90398,5.57236
2009-05-20,8.75,9.05,9.3,8.63,41084.96,600843,0.02841,0.04503,0.17685,0.56304,1.23457,0.34273,8.77,8.27095,7.21,5.94463,5.58175
2009-05-21,8.98,9.06,9.3,8.83,37045.87,600843,0.0011,0.03899,0.21123,0.46365,1.14692,0.36858,8.838,8.34619,7.25629,5.98398,5.59167
2009-05-22,9.07,9.53,9.8,9.07,63846.54,600843,0.05188,0.10429,0.31448,0.52236,1.50789,0.43741,9.018,8.45476,7.30903,6.03057,5.60346
2009-05-25,9.24,9.76,9.9,9.17,53631.16,600843,0.02413,0.12832,0.3207,0.64865,1.3747,0.47432,9.24,8.56762,7.37097,6.0765,5.61622
2009-05-26,9.68,9.44,9.95,9.33,47744.48,600843,-0.03279,0.07273,0.23885,0.50318,1.14059,0.44564,9.368,8.65429,7.42194,6.1174,5.62805
2009-05-27,9.41,9.36,9.55,9.13,34033.37,600843,-0.00847,0.03425,0.3,0.63066,1.25542,0.30362,9.43,8.75714,7.48032,6.15976,5.63691
2009-06-01,9.4,9.45,9.77,9.0,37876.32,600843,0.00962,0.04305,0.29808,0.81731,1.41688,0.40625,9.508,8.86048,7.54887,6.2048,5.64801
2009-06-02,9.46,9.28,9.46,9.25,22848.66,600843,-0.01799,-0.02623,0.2423,0.74765,1.36735,0.46142,9.458,8.94667,7.6129,6.24837,5.65992
2009-06-03,9.35,9.34,9.55,9.23,19456.67,600843,0.00647,-0.04303,0.22092,0.70438,1.16705,0.46166,9.374,9.02714,7.67516,6.28927,5.67191
2009-06-04,9.22,9.11,9.43,8.99,30505.11,600843,-0.02463,-0.03496,0.1416,0.54669,1.08945,0.37613,9.308,9.08095,7.7271,6.32789,5.68203
2009-06-05,9.11,9.06,9.39,9.01,23674.82,600843,-0.00549,-0.03205,0.03189,0.5,1.17788,0.42453,9.248,9.09429,7.77581,6.36772,5.69301
2009-06-08,8.99,9.17,9.3,8.99,17703.48,600843,0.01214,-0.02963,0.03968,0.50575,1.07466,0.43505,9.192,9.11095,7.82548,6.40634,5.70431
2009-06-09,9.19,9.15,9.3,9.0,14676.0,600843,-0.00218,-0.01401,-0.00435,0.4687,1.08428,0.4186,9.166,9.10905,7.87258,6.44504,5.71528
2009-06-10,9.16,9.26,9.38,9.14,20704.98,600843,0.01202,-0.00857,-0.02731,0.47218,1.0307,0.45141,9.15,9.09667,7.92048,6.48325,5.72699
2009-06-11,9.19,9.15,9.29,8.99,20758.83,600843,-0.01188,0.00439,0.04691,0.42302,1.04698,0.40553,9.158,9.11619,7.96435,6.5213,5.73772
2009-06-12,9.2,8.73,9.23,8.61,25802.72,600843,-0.0459,-0.03642,-0.00908,0.3968,0.91447,0.27259,9.092,9.11238,8.00435,6.5552,5.74533
2009-06-15,8.7,8.91,8.98,8.65,24937.64,600843,0.02062,-0.02835,0.02887,0.46546,0.87975,0.36031,9.04,9.12429,8.05,6.58911,5.75492
2009-06-16,8.86,8.76,8.92,8.67,17670.87,600843,-0.01684,-0.04262,0.00459,0.4129,0.92952,0.48475,8.962,9.12619,8.09129,6.62341,5.76654
2009-06-17,8.78,9.11,9.4,8.59,49184.3,600843,0.03995,-0.0162,0.05562,0.4037,0.94658,0.68704,8.932,9.14905,8.13355,6.65943,5.78163
2009-06-18,9.2,9.18,9.22,9.05,26205.33,600843,0.00768,0.00328,0.06127,0.41886,0.78252,0.69373,8.938,9.17429,8.17726,6.6922,5.79691
2009-06-19,9.08,9.02,9.15,8.96,18587.93,600843,-0.01743,0.03322,0.025,0.39413,0.77909,0.76863,8.996,9.18476,8.21839,6.72431,5.81285
2009-06-22,9.0,8.77,9.14,8.74,23697.19,600843,-0.02772,-0.01571,-0.03094,0.38986,0.8195,0.89827,8.968,9.17143,8.25806,6.75642,5.82972
2009-06-23,8.7,8.81,8.88,8.62,10635.77,600843,0.00456,0.00571,-0.02759,0.38959,0.87846,0.82402,8.978,9.15952,8.2979,6.78992,5.84589
2009-06-24,8.8,8.83,8.98,8.7,13748.29,600843,0.00227,-0.03074,-0.07345,0.39494,0.86681,1.02523,8.922,9.12619,8.33823,6.82325,5.86407
2009-06-25,8.85,8.8,8.9,8.74,9931.43,600843,-0.0034,-0.04139,-0.09836,0.39683,0.83333,0.97309,8.846,9.08048,8.37855,6.85577,5.88171
2009-06-26,8.81,8.79,8.89,8.7,10955.67,600843,-0.00114,-0.0255,-0.06886,0.36703,0.81612,0.91087,8.8,9.04952,8.41661,6.88789,5.89874
2009-06-29,8.75,9.12,9.2,8.75,32033.44,600843,0.03754,0.03991,-0.02564,0.32366,0.93631,0.91195,8.87,9.0381,8.45258,6.92374,5.91642
2009-07-01,9.06,9.04,9.18,8.72,22198.31,600843,-0.00877,0.02611,-0.04339,0.19577,1.09259,0.808,8.916,9.01857,8.47645,6.96211,5.93285
2009-07-02,9.0,9.85,9.94,8.94,80374.51,600843,0.0896,0.11552,0.06142,0.30119,1.36779,0.95437,9.12,9.04571,8.51323,7.00837,5.9524
2009-07-03,9.51,9.9,9.98,9.48,55773.69,600843,0.00508,0.125,0.05996,0.313,1.38554,1.12903,9.34,9.07238,8.55129,7.05512,5.97374
2009-07-06,9.81,9.6,9.95,9.55,28969.01,600843,-0.0303,0.09215,0.05379,0.28,1.32446,1.00418,9.502,9.09571,8.58516,7.09959,5.99329
2009-07-07,9.6,9.64,9.9,9.45,31115.35,600843,0.00417,0.05702,0.06402,0.32236,1.36855,0.97541,9.606,9.12333,8.62306,7.14488,6.01264
2009-07-08,9.5,9.59,9.65,9.49,15706.47,600843,-0.00519,0.06084,0.0458,0.3119,1.40351,0.9413,9.716,9.14333,8.65984,7.19041,6.03154
2009-07-09,9.69,9.82,9.9,9.58,31531.33,600843,0.02398,-0.00305,0.07322,0.3696,1.34928,0.94071,9.71,9.17524,8.70258,7.23626,6.05089
2009-07-10,9.83,9.93,9.95,9.7,34716.07,600843,0.0112,0.00303,0.07235,0.29974,1.30394,1.00606,9.716,9.20714,8.73952,7.28195,6.07114
2009-07-13,9.96,9.97,10.38,9.94,39550.05,600843,0.00403,0.03854,0.08962,0.26684,1.25056,0.93217,9.79,9.24619,8.77339,7.32699,6.09069
2009-07-14,9.94,10.05,10.28,9.91,23172.33,600843,0.00802,0.04253,0.1512,0.30013,1.35363,0.94015,9.872,9.30905,8.81081,7.37398,6.11049
2009-07-15,10.05,9.89,10.05,9.85,26479.37,600843,-0.01592,0.03128,0.10999,0.27284,1.25285,0.84171,9.932,9.35571,8.845,7.4187,6.12886
2009-07-16,9.89,9.72,10.11,9.63,26792.24,600843,-0.01719,-0.01018,0.10959,0.23822,1.16964,0.82022,9.912,9.40143,8.87516,7.4613,6.14667
2009-07-17,9.85,10.6,10.69,9.75,82825.49,600843,0.09053,0.06747,0.16356,0.38925,1.47664,1.06226,10.046,9.47238,8.92306,7.51268,6.16886
2009-07-20,10.45,10.71,11.15,10.3,59476.93,600843,0.01038,0.07422,0.16667,0.46712,1.40135,0.98701,10.194,9.54524,8.97806,7.5635,6.19049
2009-07-21,10.65,11.05,11.2,10.45,63165.54,600843,0.03175,0.0995,0.22506,0.43693,1.43929,1.14981,10.394,9.6419,9.03226,7.6165,6.21451
2009-07-22,11.0,11.05,11.28,10.81,39151.75,600843,0.0,0.11729,0.25998,0.47727,1.43929,0.95575,10.626,9.75048,9.08984,7.66951,6.23646
2009-07-23,11.0,11.74,12.07,10.96,55197.65,600843,0.06244,0.20782,0.33258,0.61931,1.50855,0.95993,11.03,9.89,9.16226,7.72691,6.25984
2009-07-24,11.71,11.38,12.21,11.1,48764.54,600843,-0.03066,0.07358,0.28879,0.53992,1.4793,0.97227,11.186,10.01143,9.22661,7.78211,6.28264
2009-07-27,11.38,11.28,11.79,11.0,43770.0,600843,-0.00879,0.05322,0.28182,0.48031,1.49558,0.90863,11.3,10.12952,9.28565,7.83707,6.30447
2009-07-28,11.3,11.32,11.4,10.98,34588.08,600843,0.00355,0.02443,0.28783,0.57222,1.46623,0.74961,11.354,10.25,9.3521,7.89179,6.32419
2009-07-29,11.33,10.4,11.35,10.19,48248.44,600843,-0.08127,-0.05882,0.14035,0.42857,1.27571,0.66134,11.224,10.31095,9.40242,7.93919,6.34102
2009-07-30,10.55,10.25,10.67,9.63,38841.64,600843,-0.01442,-0.12692,0.13385,0.37216,1.17622,0.63217,10.926,10.36857,9.44726,7.98423,6.35715
2009-07-31,10.27,10.64,10.78,10.02,39788.95,600843,0.03805,-0.06503,0.0802,0.39085,1.1893,0.72727,10.778,10.40619,9.49548,8.03122,6.37537
2009-08-03,10.67,10.7,10.94,10.6,31675.46,600843,0.00564,-0.05142,0.08081,0.34085,1.12302,0.67975,10.662,10.44429,9.53935,8.07724,6.39297
2009-08-04,10.94,11.77,11.77,10.45,76020.71,600843,0.1,0.03975,0.22604,0.34055,1.43182,0.90453,10.752,10.54762,9.58758,8.13358,6.41569
2009-08-05,11.63,12.22,12.43,11.44,117420.39,600843,0.03823,0.175,0.26763,0.38549,1.4198,0.96148,11.116,10.67048,9.64242,8.19187,6.44004
2009-08-06,11.99,11.79,12.8,11.55,68793.9,600843,-0.03519,0.15024,0.22941,0.28292,1.27606,0.97819,11.424,10.77524,9.68435,8.24561,6.46374
2009-08-07,11.82,11.3,12.35,11.18,53146.05,600843,-0.04156,0.06203,0.15071,0.18697,1.05082,0.84339,11.556,10.84571,9.71306,8.29268,6.48476
2009-08-10,11.45,12.12,12.39,10.65,71859.06,600843,0.07257,0.13271,0.22054,0.38673,1.19964,1.0,11.84,10.95,9.76758,8.34642,6.50939
2009-08-11,11.95,12.0,12.42,11.68,38129.69,600843,-0.0099,0.01954,0.20361,0.36209,1.0654,1.01005,11.886,11.04667,9.81903,8.39675,6.5339
2009-08-12,12.23,12.06,13.08,11.62,97917.04,600843,0.005,-0.01309,0.2,0.39261,1.01,0.97381,11.854,11.14238,9.87387,8.44602,6.55809
2009-08-13,11.71,11.7,12.0,11.3,45646.76,600843,-0.02985,-0.00763,0.18301,0.34174,0.96639,0.83962,11.836,11.22857,9.92194,8.49276,6.5798
2009-08-14,11.8,10.73,11.85,10.59,45390.21,600843,-0.08291,-0.05044,0.10391,0.24334,0.77649,0.7648,11.722,11.27667,9.95581,8.53089,6.5987
2009-08-17,10.6,9.66,10.6,9.66,32036.98,600843,-0.09972,-0.20297,-0.08868,0.11676,0.68586,0.766,11.23,11.2319,9.9721,8.56285,6.61573
2009-08-18,9.6,9.9,9.95,9.5,20418.73,600843,0.02484,-0.175,-0.07563,0.125,0.70984,1.0,10.81,11.19333,9.98984,8.59626,6.63585
2009-08-19,9.94,8.92,9.94,8.91,30643.29,600843,-0.09899,-0.26036,-0.19276,-0.01436,0.44103,0.75591,10.182,11.0919,9.98774,8.61846,6.65146
2009-08-20,8.97,9.34,9.35,8.88,20450.67,600843,0.04709,-0.20171,-0.15475,0.03091,0.49201,0.82422,9.71,11.01048,9.99226,8.6435,6.66862
2009-08-21,9.25,9.78,9.95,9.14,28848.44,600843,0.04711,-0.08854,-0.16695,0.02623,0.65203,0.92899,9.52,10.91714,9.99629,8.67488,6.68776
2009-08-24,9.77,10.04,10.17,9.7,27884.23,600843,0.02658,0.03934,-0.11775,0.02869,0.59873,1.09167,9.596,10.85333,10.00081,8.70545,6.70907
2009-08-25,10.06,9.62,10.06,9.05,29584.97,600843,-0.04183,-0.02828,-0.14716,0.01907,0.67596,0.96728,9.54,10.77429,10.00371,8.73699,6.72829
2009-08-26,9.55,10.04,10.45,9.3,29365.9,600843,0.04366,0.12556,-0.11307,0.07265,0.93077,0.91238,9.764,10.71333,10.01468,8.77634,6.74776
2009-08-27,10.05,10.16,10.44,9.8,29201.88,600843,0.01195,0.08779,-0.02308,0.07513,0.91337,0.9501,9.928,10.7019,10.02613,8.81577,6.76789
2009-08-28,10.07,10.18,10.36,10.0,23965.78,600843,0.00197,0.0409,-0.00683,0.09698,0.85766,0.94275,10.008,10.69857,10.04065,8.85398,6.78797
2009-08-31,10.18,9.17,10.18,9.16,40314.01,600843,-0.09921,-0.08665,-0.13816,-0.0182,0.55688,0.75335,9.834,10.62857,10.0379,8.88065,6.80398
2009-09-01,8.91,9.2,9.5,8.91,15614.71,600843,0.00327,-0.04366,-0.14019,0.00988,0.52318,0.85859,9.75,10.55714,10.03935,8.90634,6.82126
2009-09-02,9.0,9.04,9.29,8.81,10495.19,600843,-0.01739,-0.0996,-0.23195,-0.00221,0.4844,0.78304,9.55,10.42714,10.03903,8.93033,6.8374
2009-09-03,9.0,9.47,9.48,9.0,15792.15,600843,0.04757,-0.06791,-0.22504,0.03272,0.52006,0.8827,9.412,10.29619,10.04387,8.95667,6.85545
2009-09-04,9.48,9.51,9.6,9.36,14857.14,600843,0.00422,-0.06582,-0.19338,0.03934,0.51192,0.80798,9.278,10.18762,10.04968,8.98285,6.87272
2009-09-07,9.53,9.64,9.83,9.45,23218.95,600843,0.01367,0.05125,-0.1469,0.04104,0.49922,0.861,9.372,10.10857,10.05581,9.00894,6.89085
2009-09-08,9.6,9.69,9.74,9.4,21051.33,600843,0.00519,0.05326,-0.2005,0.05902,0.5504,0.83871,9.47,9.99286,10.06452,9.03691,6.90882
2009-09-09,9.67,9.91,10.07,9.6,29633.51,600843,0.0227,0.09624,-0.17417,0.13517,0.62993,0.99396,9.644,9.89333,10.08355,9.06805,6.9289
2009-09-10,10.14,10.89,10.9,9.98,124472.06,600843,0.09889,0.14995,-0.09701,0.22222,0.75645,1.178,9.928,9.83762,10.11548,9.10618,6.95285
2009-09-11,10.56,10.83,10.98,10.3,85910.65,600843,-0.00551,0.1388,-0.07436,0.2363,0.66872,1.26569,10.192,9.79619,10.14887,9.14146,6.97744
2009-09-14,10.87,11.07,11.44,10.63,69291.7,600843,0.02216,0.14834,0.03169,0.21515,0.71097,1.19643,10.478,9.81238,10.18048,9.17886,7.00195
2009-09-15,11.16,11.18,11.51,10.88,63768.6,600843,0.00994,0.15377,0.15735,0.21786,0.72798,1.13359,10.776,9.88476,10.21274,9.21715,7.0261
2009-09-16,11.09,11.06,11.31,10.94,46867.65,600843,-0.01073,0.11604,0.11717,0.22616,0.75277,1.03683,11.006,9.94,10.24565,9.25577,7.04898
2009-09-17,11.01,11.08,11.23,11.0,45189.47,600843,0.00181,0.01745,0.24215,0.2634,0.74763,1.09057,11.044,10.04286,10.2829,9.29431,7.07248
2009-09-18,11.0,10.37,11.07,10.03,62696.73,600843,-0.06408,-0.04247,0.11028,0.17707,0.63823,1.01751,10.952,10.0919,10.30806,9.32715,7.09374
2009-09-21,10.27,11.41,11.41,10.15,80046.78,600843,0.10029,0.03071,0.16667,0.29219,0.81111,1.39203,11.02,10.16952,10.34968,9.3687,7.12073
2009-09-22,11.45,11.25,11.58,11.12,84860.48,600843,-0.01402,0.00626,0.12052,0.27841,0.74961,1.14286,11.034,10.22714,10.38919,9.40789,7.14512
2009-09-23,11.35,11.51,12.32,11.15,91790.0,600843,0.02311,0.04069,0.19647,0.30944,0.67054,1.13148,11.124,10.31714,10.43306,9.44545,7.16996
2009-09-24,11.42,11.3,12.19,11.23,85463.97,600843,-0.01825,0.01986,0.1255,0.23904,0.49471,0.90236,11.168,10.37714,10.46823,9.47585,7.19175
2009-09-28,10.6,10.17,10.95,10.17,55714.13,600843,-0.1,-0.01929,0.00098,0.125,0.34346,0.71212,11.128,10.37762,10.48645,9.49699,7.20894
2009-09-29,10.06,9.72,10.06,9.41,27874.77,600843,-0.04425,-0.14812,-0.04519,-0.0132,0.28912,0.77697,10.79,10.35571,10.48435,9.51472,7.22622
2009-09-30,9.7,9.49,9.93,9.2,20477.09,600843,-0.02366,-0.15644,0.0349,-0.04141,0.26533,0.63621,10.438,10.37095,10.47774,9.53089,7.24122
2009-10-09,9.51,9.9,10.0,9.51,25059.29,600843,0.0432,-0.13988,0.07609,0.03125,0.35802,0.6723,10.116,10.40429,10.48258,9.55211,7.2574
2009-10-12,9.9,9.91,10.18,9.67,26400.99,600843,0.00101,-0.12301,0.09624,0.02801,0.35568,0.72949,9.838,10.44571,10.48694,9.57325,7.27439
2009-10-13,9.84,10.06,10.1,9.79,20747.39,600843,0.01514,-0.01082,0.0623,0.04901,0.40307,0.81917,9.816,10.47381,10.49452,9.59675,7.2928
2009-10-14,10.06,10.38,10.7,10.06,43491.25,600843,0.03181,0.0679,0.09148,0.05703,0.35864,0.82105,9.948,10.51524,10.50355,9.61902,7.31183
2009-10-15,10.38,10.43,10.59,10.22,27297.24,600843,0.00482,0.09905,0.08195,0.05035,0.32529,0.89982,10.136,10.55286,10.51161,9.63984,7.33191
2009-10-16,10.45,10.51,10.59,10.3,32030.79,600843,0.00767,0.06162,0.08462,0.05416,0.35964,0.99431,10.258,10.5919,10.52032,9.66244,7.35321
2009-10-19,10.56,10.83,10.98,10.38,44156.73,600843,0.03045,0.09284,0.09284,0.07761,0.39382,1.28481,10.442,10.63571,10.5329,9.68732,7.37797
2009-10-20,10.75,10.82,10.93,10.7,28973.88,600843,-0.00092,0.07555,-0.00643,0.09403,0.37834,1.19028,10.594,10.63238,10.5479,9.71146,7.40187
2009-10-21,10.83,10.44,10.83,10.4,34755.31,600843,-0.03512,0.00578,-0.03601,0.07407,0.36828,1.25,10.606,10.61381,10.55952,9.73431,7.42545
2009-10-22,10.38,10.47,10.69,10.08,37207.78,600843,0.00287,0.00384,-0.0542,-0.01226,0.43425,1.29103,10.614,10.58524,10.55742,9.76008,7.44943
2009-10-23,10.37,10.53,10.57,10.37,26092.34,600843,0.00573,0.0019,-0.05814,-0.01681,0.36931,1.56204,10.618,10.55429,10.55452,9.78317,7.47553
2009-10-26,10.65,10.42,10.65,10.35,16976.09,600843,-0.01045,-0.03786,-0.05787,-0.05701,0.39305,1.523,10.536,10.52381,10.54435,9.80707,7.5011
2009-10-27,10.32,10.04,10.42,10.02,26463.2,600843,-0.03647,-0.07209,-0.09386,-0.0914,0.38483,1.35681,10.38,10.47429,10.52806,9.82976,7.52459
2009-10-28,9.83,10.14,10.2,9.83,13778.61,600843,0.00996,-0.02874,-0.02218,-0.13629,0.37212,1.43165,10.32,10.46333,10.50226,9.85211,7.54886
2009-10-29,10.05,9.77,10.05,9.58,26357.17,600843,-0.03649,-0.06686,-0.14373,-0.14148,0.28215,1.35422,10.18,10.38524,10.47629,9.86959,7.57171
2009-10-30,9.8,10.03,10.15,9.8,23702.08,600843,0.02661,-0.04748,-0.10844,-0.11082,0.39306,1.3881,10.08,10.32714,10.45613,9.8926,7.59541
2009-11-02,9.88,10.38,10.42,9.8,33993.28,600843,0.0349,-0.00384,-0.09818,-0.08304,0.42582,1.56931,10.072,10.27333,10.44097,9.9178,7.62118
2009-11-03,10.36,10.54,10.55,10.3,31333.82,600843,0.01541,0.0498,-0.06726,0.01346,0.41098,1.8956,10.172,10.23714,10.44323,9.94276,7.64923
2009-11-04,10.6,10.42,10.6,10.4,32766.77,600843,-0.01139,0.02761,0.02458,0.01659,0.36209,1.91061,10.228,10.24905,10.44597,9.96528,7.67703
2009-11-05,10.53,10.7,10.76,10.44,36548.86,600843,0.02687,0.09519,0.10082,0.00564,0.34085,2.29231,10.414,10.29571,10.44694,9.9874,7.70732
2009-11-06,10.71,10.57,10.75,10.5,35016.61,600843,-0.01215,0.05384,0.1138,-0.01215,0.20387,2.23242,10.522,10.34714,10.44484,10.00195,7.73699
2009-11-09,10.56,10.58,10.73,10.51,22087.91,600843,0.00095,0.01927,0.06869,-0.1011,0.19955,2.11176,10.562,10.37952,10.42565,10.01626,7.76618
2009-11-10,10.65,10.76,10.9,10.55,45546.24,600843,0.01701,0.02087,0.08577,-0.11948,0.17084,2.11884,10.606,10.42,10.4021,10.02902,7.79589
2009-11-11,10.75,10.6,10.75,10.45,26292.75,600843,-0.01487,0.01727,0.05368,-0.10093,0.11345,2.15476,10.642,10.44571,10.3829,10.0378,7.82533
2009-11-12,10.58,10.68,10.78,10.53,33398.05,600843,0.00755,-0.00187,0.0289,-0.05487,0.22197,2.0255,10.638,10.46,10.3729,10.05358,7.85439
2009-11-13,10.69,11.13,11.18,10.64,76458.97,600843,0.04213,0.05298,0.06711,-0.08168,0.26334,2.26393,10.75,10.49333,10.35694,10.07244,7.88577
2009-11-16,11.05,11.19,11.28,10.98,64350.18,600843,0.00539,0.05766,0.0647,-0.0675,0.29215,2.31065,10.872,10.52571,10.34387,10.09301,7.91752
2009-11-17,11.2,11.2,11.26,10.96,41351.44,600843,0.00089,0.04089,0.03416,-0.07131,0.2844,2.10249,10.96,10.54333,10.33,10.11317,7.94837
2009-11-18,11.2,11.26,11.43,11.11,38631.19,600843,0.00536,0.06226,0.04067,-0.03761,0.30475,2.21714,11.092,10.56429,10.3229,10.13455,7.97992
2009-11-19,11.25,11.36,11.39,11.01,41415.01,600843,0.00888,0.06367,0.08812,0.05871,0.31329,1.95833,11.228,10.6081,10.33306,10.15659,8.01049
2009-11-20,11.44,11.52,11.58,11.32,53309.4,600843,0.01408,0.03504,0.10029,0.19255,0.30909,1.9313,11.306,10.6581,10.36306,10.1787,8.04134
2009-11-23,11.56,11.71,11.97,11.56,52728.71,600843,0.01649,0.04647,0.11206,0.18283,0.29392,1.89136,11.41,10.71429,10.39226,10.20033,8.07248
2009-11-24,11.79,10.84,12.02,10.71,68597.15,600843,-0.0743,-0.03214,0.04031,0.21525,0.19647,1.56872,11.338,10.73429,10.42323,10.2148,8.09939
2009-11-25,10.65,11.27,11.3,10.65,37782.11,600843,0.03967,0.00089,0.12251,0.20664,0.18258,1.96579,11.34,10.79286,10.45435,10.22894,8.12976
2009-11-26,11.28,11.72,12.4,11.2,125604.18,600843,0.03993,0.03169,0.15582,0.19836,0.20082,1.85158,11.412,10.8681,10.48565,10.24488,8.16069
2009-11-27,11.7,11.35,11.9,10.95,67410.14,600843,-0.03157,-0.01476,0.16172,0.13048,0.20233,1.5737,11.378,10.94333,10.50677,10.26041,8.1889
2009-11-30,11.38,11.87,11.93,11.24,46372.79,600843,0.04581,0.01366,0.18345,0.23389,0.26816,1.86024,11.41,11.03095,10.54306,10.28081,8.22028
2009-12-01,11.88,12.14,12.3,11.81,63756.22,600843,0.02275,0.11993,0.16956,0.20916,0.28466,2.10486,11.67,11.11476,10.57694,10.30268,8.25374
2009-12-02,12.14,12.18,12.41,12.01,47267.12,600843,0.00329,0.08075,0.1556,0.19882,0.3125,2.10714,11.852,11.19286,10.60952,10.32626,8.28732
2009-12-03,12.03,12.18,12.35,12.03,33909.67,600843,0.0,0.03925,0.16891,0.19646,0.30407,1.82599,11.944,11.27667,10.64177,10.34935,8.31931
2009-12-04,12.2,11.54,12.29,11.31,55100.1,600843,-0.05255,0.01674,0.0785,0.25845,0.26674,1.64679,11.982,11.31667,10.68,10.36911,8.3485
2009-12-07,11.55,12.69,12.69,11.54,97490.04,600843,0.09965,0.06908,0.20057,0.37935,0.40066,2.05048,12.146,11.41762,10.73629,10.39862,8.38317
2009-12-08,12.6,12.51,12.9,12.31,77801.6,600843,-0.01418,0.03048,0.18242,0.38385,0.36423,1.83032,12.22,11.50952,10.79226,10.42577,8.41606
2009-12-09,12.51,12.19,12.52,12.0,39134.21,600843,-0.02558,0.00082,0.1329,0.28722,0.33224,1.77677,12.222,11.57762,10.83613,10.45049,8.44776
2009-12-10,12.18,12.17,12.37,11.92,23183.62,600843,-0.00164,-0.00082,0.14811,0.27971,0.31425,1.66886,12.22,11.65238,10.87903,10.47415,8.4787
2009-12-11,12.24,12.11,12.27,11.97,17452.28,600843,-0.00493,0.04939,0.1339,0.25622,0.3235,1.70917,12.334,11.72048,10.91887,10.49821,8.50976
2009-12-14,12.15,12.02,12.15,11.72,19261.74,600843,-0.00743,-0.0528,0.07996,0.24045,0.37686,1.63596,12.2,11.76286,10.95645,10.52496,8.54008
2009-12-15,12.02,12.2,12.33,11.88,24098.82,600843,0.01498,-0.02478,0.09026,0.23108,0.36925,1.57384,12.138,11.81095,10.99339,10.55171,8.57041
2009-12-16,12.2,12.24,12.44,12.07,19063.33,600843,0.00328,0.0041,0.09286,0.12397,0.39726,1.69604,12.148,11.86048,11.01516,10.58,8.60171
2009-12-17,12.2,11.72,12.38,11.65,21245.58,600843,-0.04248,-0.03698,0.04085,0.08218,0.2865,1.50427,12.058,11.88238,11.02952,10.60122,8.63033
2009-12-18,11.63,11.24,11.8,11.22,15833.29,600843,-0.04096,-0.07184,-0.01056,0.01536,0.2244,1.18252,11.884,11.87667,11.03226,10.61797,8.65508
2009-12-21,11.3,11.68,11.9,11.3,13563.85,600843,0.03915,-0.02829,0.01389,0.04472,0.2949,1.30375,11.816,11.88429,11.04032,10.63959,8.68195
2009-12-22,11.79,11.66,12.05,11.65,25291.73,600843,-0.00171,-0.04426,-0.00427,0.05425,0.32953,1.41909,11.708,11.8819,11.05,10.66309,8.70976
2009-12-24,11.95,12.01,12.31,11.81,23419.94,600843,0.03002,-0.01879,0.10793,0.08394,0.36322,1.56077,11.662,11.93762,11.065,10.68911,8.73951
2009-12-25,11.85,12.11,12.19,11.8,14837.24,600843,0.00833,0.03328,0.07453,0.16779,0.37146,1.56025,11.74,11.97762,11.09306,10.71577,8.76951
2009-12-28,12.0,12.55,12.82,11.36,47049.0,600843,0.03633,0.11655,0.07082,0.09991,0.42614,1.61458,12.002,12.01714,11.11145,10.74626,8.80102
2009-12-29,12.5,12.59,12.95,12.45,58963.75,600843,0.00319,0.07791,0.10925,0.11911,0.43231,1.60124,12.184,12.07619,11.13306,10.77715,8.83252
2009-12-30,12.52,12.47,12.67,12.1,33949.7,600843,-0.00953,0.06947,0.05055,0.08341,0.36732,1.64756,12.346,12.10476,11.14855,10.80439,8.86407
2009-12-31,12.4,12.46,12.63,12.34,20050.2,600843,-0.0008,0.03747,0.02636,0.10265,0.37832,1.88426,12.436,12.12,11.16726,10.8322,8.89715
2010-01-04,12.5,12.24,12.6,12.21,17806.44,600843,-0.01766,0.01073,0.00493,0.20354,0.24264,1.94231,12.462,12.12286,11.20065,10.85163,8.93
2010-01-05,12.21,12.2,12.38,12.0,21360.67,600843,-0.00327,-0.02789,0.00164,0.25514,0.23232,1.93976,12.392,12.12381,11.24065,10.87033,8.96272
2010-01-06,12.18,11.92,12.29,11.88,33310.8,600843,-0.02295,-0.05322,0.03293,0.25606,0.24167,1.8862,12.258,12.1419,11.27984,10.88919,8.99439
2010-01-07,11.9,11.77,12.11,11.7,23549.67,600843,-0.01258,-0.05613,-0.0725,0.18889,0.22095,1.89189,12.118,12.0981,11.31,10.9065,9.02569
2010-01-08,11.7,11.98,12.04,11.7,16917.57,600843,0.01784,-0.03852,-0.04237,0.20888,0.24922,2.00251,12.022,12.07286,11.34339,10.92593,9.05817
2010-01-11,12.09,11.79,12.15,11.75,13125.98,600843,-0.01586,-0.03676,-0.03281,0.17197,0.20061,1.82057,11.932,12.05381,11.37129,10.94195,9.08911
2010-01-12,11.77,12.18,12.25,11.54,35571.08,600843,0.03308,-0.00164,0.00082,0.17341,0.22659,1.82599,11.928,12.05429,11.40032,10.96024,9.1211
2010-01-13,11.86,11.93,12.12,11.75,22444.37,600843,-0.02053,0.00084,-0.01486,0.14382,0.19659,1.693,11.93,12.04571,11.42452,10.97618,9.15159
2010-01-14,11.85,11.92,11.99,11.76,33737.35,600843,-0.00084,0.01274,-0.00832,0.13416,0.18607,1.79157,11.96,12.04095,11.44726,10.99138,9.18268
2010-01-15,11.9,12.27,12.36,11.78,53140.58,600843,0.02936,0.02421,0.00574,0.13296,0.24065,1.79499,12.018,12.04429,11.47048,11.01073,9.21472
2010-01-18,12.38,12.28,12.4,12.13,37037.28,600843,0.00081,0.04156,0.00327,0.13494,0.26337,1.74107,12.116,12.04619,11.49403,11.03154,9.24642
2010-01-19,12.29,12.33,12.63,12.29,37310.51,600843,0.00407,0.01232,0.05205,0.18103,0.16321,1.88084,12.146,12.07524,11.52452,11.04561,9.27915
2010-01-20,12.41,11.71,12.41,11.6,32718.37,600843,-0.05028,-0.01844,0.04181,0.11843,0.09337,1.62556,12.102,12.09762,11.54452,11.05374,9.30862
2010-01-21,11.73,11.81,11.95,11.73,18029.74,600843,0.00854,-0.00923,0.01113,0.12156,0.06878,1.60706,12.08,12.10381,11.56516,11.05992,9.33821
2010-01-22,11.87,12.17,12.47,11.71,41616.69,600843,0.03048,-0.00815,0.04374,0.16795,0.10136,1.68653,12.06,12.1281,11.59339,11.06902,9.36927
2010-01-25,12.0,11.76,12.05,11.75,16543.63,600843,-0.03369,-0.04235,-0.02082,0.17131,0.0017,1.51282,11.956,12.11619,11.62113,11.06919,9.39805
2010-01-26,11.6,11.3,11.76,11.05,24621.03,600843,-0.03912,-0.08354,-0.06689,0.1144,-0.00703,1.46187,11.75,12.07762,11.63984,11.06854,9.42533
2010-01-27,11.16,11.08,11.35,11.07,7978.56,600843,-0.01947,-0.0538,-0.11713,0.13408,-0.01773,1.45133,11.624,12.00762,11.66097,11.06691,9.45199
2010-01-28,11.04,11.07,11.18,10.98,7805.96,600843,-0.0009,-0.06266,-0.12073,0.10369,-0.02208,1.41176,11.476,11.93524,11.67774,11.06488,9.47833
2010-01-29,11.07,11.22,11.29,11.07,15842.6,600843,0.01355,-0.07806,-0.10024,0.08092,0.07885,1.45514,11.286,11.87571,11.69129,11.07154,9.50537
2010-02-01,11.35,10.81,11.35,10.68,11445.35,600843,-0.03654,-0.08078,-0.13242,0.02562,0.05463,1.29512,11.096,11.79714,11.69565,11.0761,9.53016
2010-02-02,10.89,10.68,11.0,10.61,13124.08,600843,-0.01203,-0.05487,-0.12745,0.02495,0.00376,1.19753,10.972,11.72286,11.69984,11.07642,9.55382
2010-02-03,10.77,10.69,10.78,10.0,16707.59,600843,0.00094,-0.0352,-0.12377,-0.00093,-0.00093,1.12103,10.894,11.65095,11.69968,11.07634,9.57679
2010-02-04,10.5,10.65,10.68,10.33,16742.6,600843,-0.00374,-0.03794,-0.10654,0.00757,-0.09516,1.20041,10.81,11.59048,11.70097,11.06724,9.60041
2010-02-05,10.41,10.55,10.79,10.26,17145.37,600843,-0.00939,-0.05971,-0.10365,-0.00284,-0.13666,1.08911,10.676,11.53238,11.70048,11.05366,9.62276
2010-02-08,10.41,10.37,10.54,10.3,9680.06,600843,-0.01706,-0.0407,-0.13439,-0.03625,-0.12044,1.00193,10.588,11.45571,11.69419,11.04211,9.64386
2010-02-09,10.3,10.41,10.49,10.3,4672.91,600843,0.00386,-0.02528,-0.11705,-0.01792,-0.07876,0.88929,10.534,11.39,11.69113,11.03488,9.66378
2010-02-10,10.5,10.46,10.53,10.37,3031.98,600843,0.0048,-0.02152,-0.14122,-0.0206,-0.13696,0.89837,10.488,11.3081,11.68758,11.02138,9.6839
2010-02-11,10.46,10.48,10.57,10.41,4904.49,600843,0.00191,-0.01596,-0.12154,-0.0584,-0.12667,0.80379,10.454,11.23905,11.6771,11.00902,9.70289
2010-02-12,10.48,10.63,10.64,10.48,5496.1,600843,0.01431,0.00758,-0.10822,-0.05004,-0.11857,0.77167,10.47,11.17762,11.66806,10.9974,9.72171
2010-02-22,10.63,10.63,10.74,10.6,7294.88,600843,0.0,0.02507,-0.13366,-0.05089,-0.09145,0.78655,10.522,11.09952,11.65887,10.9887,9.74073
2010-02-23,10.51,10.52,10.66,10.36,6069.16,600843,-0.01035,0.01057,-0.14332,-0.06572,-0.01957,0.74172,10.544,11.01571,11.64694,10.98699,9.75894
2010-02-24,10.37,10.66,10.68,10.36,10054.12,600843,0.01331,0.01912,-0.13544,-0.06162,0.10352,0.86038,10.584,10.93619,11.63565,10.99512,9.77898
2010-02-25,10.7,10.85,10.89,10.68,16114.87,600843,0.01782,0.03531,-0.07344,-0.05816,0.09596,0.87392,10.658,10.89524,11.62484,11.00285,9.79955
2010-02-26,10.93,10.87,10.99,10.76,10311.58,600843,0.00184,0.02258,-0.07959,-0.07173,0.21861,0.75606,10.706,10.85048,11.61129,11.0187,9.81858
2010-03-01,10.87,10.99,11.02,10.8,12729.88,600843,0.01104,0.03387,-0.09696,0.01384,0.17666,0.75559,10.778,10.79429,11.61371,11.03211,9.8378
2010-03-02,10.98,11.08,11.1,10.86,12631.99,600843,0.00819,0.05323,-0.05782,-0.01686,0.13292,0.87162,10.89,10.7619,11.61065,11.04268,9.85878
2010-03-03,11.07,11.43,11.52,10.92,24130.91,600843,0.03159,0.07223,0.0115,-0.02474,0.13845,0.82006,11.044,10.7681,11.60597,11.05398,9.87972
2010-03-04,11.38,10.92,11.47,10.75,18579.47,600843,-0.04462,0.00645,-0.01444,-0.03789,0.13514,0.90244,11.058,10.76048,11.59903,11.06455,9.90077
2010-03-05,10.82,11.57,12.01,10.82,52372.2,600843,0.05952,0.0644,0.04517,-0.02527,0.15239,1.225,11.198,10.78429,11.59419,11.07699,9.92667
2010-03-08,11.35,11.62,11.77,11.35,29737.85,600843,0.00432,0.05732,0.03565,-0.04283,0.1437,1.18832,11.324,10.80333,11.58581,11.08886,9.95232
2010-03-09,11.62,11.52,11.7,11.4,16721.61,600843,-0.00861,0.03971,0.06568,-0.05419,0.13163,1.10219,11.412,10.83714,11.57516,11.09976,9.97687
2010-03-10,11.5,11.13,11.55,11.08,17519.41,600843,-0.03385,-0.02625,0.04213,-0.08621,0.21374,0.88964,11.352,10.85857,11.55823,11.11569,9.99817
2010-03-11,11.22,11.15,11.4,11.06,8554.09,600843,0.0018,0.02106,0.04303,-0.0338,0.21196,0.84603,11.398,10.88048,11.55194,11.13154,10.01894
2010-03-12,11.37,11.14,11.38,10.92,12710.85,600843,-0.0009,-0.03717,0.04601,-0.12214,0.2323,0.82923,11.312,10.90381,11.52694,11.14862,10.03947
2010-03-15,11.02,10.9,11.18,10.8,11855.31,600843,-0.02154,-0.06196,0.03318,-0.1287,0.151,0.7496,11.168,10.92048,11.50097,11.16024,10.05846
2010-03-16,10.9,11.17,11.29,10.85,15319.28,600843,0.02477,-0.03038,0.07715,-0.08368,0.17455,0.77583,11.098,10.95857,11.48452,11.17374,10.07829
2010-03-17,11.09,11.32,11.36,11.01,20501.85,600843,0.01343,0.01707,0.08742,-0.06984,0.17427,0.7605,11.136,11.0019,11.47081,11.1874,10.09817
2010-03-18,11.32,11.52,11.74,11.2,29784.32,600843,0.01767,0.03318,0.10134,-0.04872,0.18885,0.8432,11.21,11.05238,11.46129,11.20228,10.11959
2010-03-19,11.52,11.56,11.65,11.28,21725.49,600843,0.00347,0.0377,0.10305,-0.03827,0.1665,0.90132,11.294,11.10381,11.45387,11.21569,10.14187
2010-03-22,11.56,11.58,11.62,11.37,17138.92,600843,0.00173,0.06239,0.08937,-0.05082,0.06336,0.86774,11.43,11.14905,11.44387,11.2213,10.16374
2010-03-23,11.75,11.43,11.75,11.39,12804.87,600843,-0.01295,0.02328,0.07526,-0.06618,0.0554,0.76117,11.482,11.18714,11.43081,11.22618,10.18382
2010-03-24,11.4,11.5,11.69,11.36,23043.17,600843,0.00612,0.0159,0.09316,-0.01877,0.03884,0.77743,11.518,11.23381,11.42726,11.22967,10.20427
2010-03-25,11.5,11.29,11.6,11.28,15108.26,600843,-0.01826,-0.01997,0.0591,0.00445,0.00984,0.74498,11.472,11.26381,11.42806,11.23057,10.22386
2010-03-26,11.52,11.5,11.95,11.41,44670.59,600843,0.0186,-0.00519,0.05991,-0.01541,0.03978,0.8225,11.46,11.29476,11.42516,11.23415,10.24496
2010-03-29,11.51,11.43,11.59,11.1,27021.43,600843,-0.00609,-0.01295,0.05152,-0.01973,0.03159,0.80284,11.43,11.32143,11.42145,11.23699,10.26565
2010-03-30,11.5,11.61,11.7,11.25,34858.32,600843,0.01575,0.01575,0.05641,-0.03331,0.11958,0.83412,11.466,11.35095,11.415,11.24707,10.28711
2010-03-31,11.63,11.57,11.65,11.4,17997.31,600843,-0.00345,0.00609,0.04422,-0.04459,0.01402,0.83651,11.48,11.37429,11.40629,11.24837,10.30854
2010-04-01,11.54,11.7,11.93,11.5,37643.23,600843,0.01124,0.03632,0.02362,-0.06773,0.04,0.8196,11.562,11.38714,11.39258,11.25203,10.32996
2010-04-02,11.79,11.8,11.98,11.65,30756.36,600843,0.00855,0.02609,0.08059,-0.06275,0.0252,0.71263,11.622,11.42905,11.37984,11.25439,10.34992
2010-04-06,11.92,11.82,11.92,11.74,29289.93,600843,0.00169,0.03412,0.02161,-0.05213,0.04602,0.56349,11.7,11.44095,11.36935,11.25862,10.36724
2010-04-07,11.78,11.75,11.78,11.5,27885.66,600843,-0.00592,0.01206,0.01119,-0.05698,0.15536,0.55218,11.728,11.44714,11.3579,11.27146,10.38423
2010-04-08,11.63,11.81,11.87,11.55,25879.66,600843,0.00511,0.02074,0.02517,-0.03513,0.21502,0.56631,11.776,11.46095,11.35097,11.28846,10.40159
2010-04-09,11.9,11.82,11.91,11.7,29228.61,600843,0.00085,0.01026,0.06199,-0.03115,0.24552,0.576,11.8,11.49381,11.34484,11.3074,10.41915
2010-04-12,11.9,12.37,12.92,11.85,99798.19,600843,0.04653,0.04831,0.10942,0.03775,0.24949,0.69684,11.914,11.5519,11.3521,11.32748,10.4398
2010-04-13,12.22,13.43,13.61,12.16,214953.26,600843,0.08569,0.13621,0.20557,0.14104,0.3552,0.83721,12.236,11.66095,11.37887,11.3561,10.46467
2010-04-14,13.18,13.26,13.42,12.7,112567.58,600843,-0.01266,0.12851,0.21651,0.10684,0.31809,0.84937,12.538,11.77333,11.39952,11.38211,10.48943
2010-04-15,13.15,13.22,13.47,12.91,64476.64,600843,-0.00302,0.11939,0.18353,0.12129,0.2736,0.73037,12.82,11.87095,11.42258,11.4052,10.51211
2010-04-16,13.2,12.73,13.2,12.7,41835.09,600843,-0.03707,0.07699,0.12456,0.04516,0.22052,0.61753,13.002,11.9381,11.43145,11.4239,10.53187
2010-04-19,12.61,12.17,12.61,12.08,51311.99,600843,-0.04399,-0.01617,0.05642,0.02012,0.15794,0.57439,12.962,11.96905,11.43532,11.4374,10.54992
2010-04-20,12.13,12.26,12.3,11.83,34604.6,600843,0.0074,-0.08712,0.06055,0.02852,0.13204,0.57786,12.728,12.00238,11.44081,11.44902,10.56817
2010-04-21,12.23,12.43,12.52,12.12,41260.93,600843,0.01387,-0.06259,0.0734,0.01304,0.1488,0.58344,12.562,12.04286,11.44339,11.46211,10.58679
2010-04-22,12.43,12.11,12.43,12.0,41890.99,600843,-0.02574,-0.08396,0.05949,-0.01384,0.15996,0.58716,12.34,12.07524,11.44065,11.47569,10.605
2010-04-23,12.04,12.12,12.55,12.04,38177.31,600843,0.00083,-0.04792,0.05391,-0.01703,0.15759,0.66027,12.218,12.10476,11.43726,11.48911,10.62459
2010-04-26,12.4,12.22,12.59,12.15,28921.08,600843,0.00825,0.00411,0.08237,0.04355,0.16049,0.58908,12.228,12.14905,11.44548,11.50285,10.64301
2010-04-27,12.1,11.27,12.22,11.0,45095.92,600843,-0.07774,-0.08075,-0.02,-0.04572,0.08157,0.50668,12.03,12.1381,11.43677,11.50976,10.65841
2010-04-28,11.25,10.92,11.42,10.76,25811.83,600843,-0.03106,-0.12148,-0.04462,-0.10271,0.08765,0.50621,11.728,12.11381,11.41661,11.51691,10.67333
2010-04-29,10.89,10.69,11.1,10.68,16079.08,600843,-0.02106,-0.11726,-0.07924,-0.09099,0.05424,0.44655,11.444,12.07,11.39935,11.52138,10.68675
2010-04-30,10.53,10.25,10.76,10.05,20801.41,600843,-0.04116,-0.15429,-0.11409,-0.09292,0.04913,0.34514,11.07,12.00714,11.38242,11.52528,10.69744
2010-05-04,10.15,10.3,10.32,10.0,10626.0,600843,0.00488,-0.15712,-0.11966,-0.0704,0.02692,0.43056,10.686,11.94048,11.36984,11.52748,10.71004
2010-05-05,10.3,10.57,10.57,10.21,14364.69,600843,0.02621,-0.06211,-0.10424,-0.04517,0.0183,0.45192,10.546,11.8819,11.36177,11.52902,10.72341
2010-05-06,10.56,10.25,10.63,10.2,13381.17,600843,-0.03027,-0.06136,-0.13283,-0.08645,-0.02751,0.37216,10.412,11.80714,11.34613,11.52667,10.73472
2010-05-07,10.01,9.9,10.18,9.5,23209.75,600843,-0.03415,-0.0739,-0.15745,-0.08418,-0.0499,0.29412,10.254,11.71905,11.33145,11.52244,10.74386
2010-05-10,9.82,9.75,9.95,9.47,22815.95,600843,-0.01515,-0.04878,-0.17443,-0.08708,-0.08879,0.2218,10.154,11.62095,11.31645,11.51472,10.75106
2010-05-11,9.98,9.54,10.09,9.46,17244.39,600843,-0.02154,-0.07379,-0.19289,-0.10758,-0.09745,0.08656,10.002,11.51238,11.2979,11.50634,10.75415
2010-05-12,9.64,9.21,9.65,9.09,13797.19,600843,-0.03459,-0.12867,-0.25546,-0.13521,-0.12949,0.04422,9.73,11.3619,11.27468,11.4952,10.75573
2010-05-13,9.11,9.35,9.38,9.02,11810.06,600843,0.0152,-0.0878,-0.3038,-0.11374,-0.13104,0.01741,9.55,11.16762,11.25532,11.48374,10.75638
2010-05-14,9.34,9.54,9.55,9.16,18115.38,600843,0.02032,-0.03636,-0.28054,-0.08004,-0.1,0.0021,9.478,10.99048,11.24194,11.47512,10.75646
2010-05-17,9.41,8.94,9.45,8.8,13304.99,600843,-0.06289,-0.08308,-0.32375,-0.14121,-0.16292,0.02288,9.316,10.78667,11.21823,11.46098,10.75728
2010-05-18,8.94,8.8,9.05,8.31,17126.96,600843,-0.01566,-0.07757,-0.30872,-0.1587,-0.20934,-0.00114,9.168,10.59952,11.19145,11.44203,10.75724
2010-05-19,8.75,8.81,8.95,8.36,21716.49,600843,0.00114,-0.04343,-0.27609,-0.15935,-0.21269,0.01732,9.088,10.43952,11.16452,11.42268,10.75785
2010-05-20,8.68,8.5,8.88,8.42,14867.37,600843,-0.03519,-0.09091,-0.30669,-0.20038,-0.24107,-0.02523,8.918,10.26048,11.13016,11.40073,10.75695
2010-05-21,8.36,8.65,8.67,8.0,19284.15,600843,0.01765,-0.09329,-0.3041,-0.18627,-0.23179,0.00232,8.74,10.08048,11.09823,11.37951,10.75703
2010-05-24,8.71,9.23,9.28,8.61,32191.37,600843,0.06705,0.03244,-0.23782,-0.12262,-0.1875,0.06705,8.798,9.94333,11.07742,11.3622,10.75939
2010-05-25,9.14,9.35,9.37,8.84,52769.29,600843,0.013,0.0625,-0.22855,-0.12289,-0.18837,0.0625,8.908,9.81143,11.05629,11.34455,10.76163
2010-05-26,9.25,9.09,9.31,9.06,31659.29,600843,-0.02781,0.03178,-0.25614,-0.16221,-0.22374,0.00442,8.964,9.66238,11.0279,11.32325,10.76179
2010-05-27,9.02,9.13,9.24,9.02,25718.33,600843,0.0044,0.07412,-0.18988,-0.16007,-0.15775,0.00773,9.09,9.56048,10.99984,11.30935,10.76207
2010-05-31,9.18,8.86,9.48,8.8,34650.47,600843,-0.02957,0.02428,-0.18864,-0.19381,-0.21384,-0.0703,9.132,9.46238,10.96548,11.28976,10.75935
2010-06-01,8.76,9.1,9.15,8.62,38333.48,600843,0.02709,-0.01408,-0.14874,-0.1787,-0.22355,-0.06762,9.106,9.38667,10.93355,11.26846,10.75667
2010-06-02,8.96,9.17,9.25,8.83,27800.44,600843,0.00769,-0.01925,-0.10537,-0.19773,-0.19207,-0.0286,9.07,9.33524,10.8971,11.25073,10.75557
2010-06-03,9.16,9.17,9.33,9.1,31985.31,600843,0.0,0.0088,-0.10971,-0.16026,-0.22746,-0.0203,9.086,9.28143,10.86887,11.22878,10.7548
2010-06-04,9.15,9.09,9.21,8.9,19699.57,600843,-0.00872,-0.00438,-0.14002,-0.21435,-0.25124,-0.0381,9.078,9.21095,10.82887,11.20398,10.75333
2010-06-07,8.9,8.95,9.04,8.72,20231.77,600843,-0.0154,0.01016,-0.12683,-0.22978,-0.26519,-0.03556,9.096,9.14905,10.78581,11.17772,10.75199
2010-06-08,8.86,8.97,9.08,8.85,13953.49,600843,0.00223,-0.01429,-0.09394,-0.22135,-0.26355,-0.03961,9.07,9.10476,10.74468,11.15163,10.75049
2010-06-09,9.08,9.23,9.25,8.89,30289.25,600843,0.02899,0.00654,-0.05333,-0.17071,-0.20017,0.01317,9.082,9.08,10.71403,11.13285,10.75098
2010-06-10,9.16,9.25,9.33,9.06,22955.86,600843,0.00217,0.00872,-0.0304,-0.1704,-0.27108,0.02097,9.098,9.06619,10.68339,11.10488,10.75175
2010-06-11,9.24,9.39,9.5,9.24,43041.13,600843,0.01514,0.033,0.01954,-0.15709,-0.2494,0.02399,9.158,9.07476,10.65516,11.07951,10.75264
2010-06-17,9.47,9.38,9.47,9.29,26930.07,600843,-0.00106,0.04804,0.00321,-0.13945,-0.23052,0.02514,9.244,9.07619,10.63065,11.05667,10.75358
2010-06-18,9.3,9.05,9.37,8.74,33696.32,600843,-0.03518,0.00892,-0.05136,-0.18979,-0.25637,-0.02268,9.26,9.05286,10.59645,11.0313,10.75272
2010-06-21,8.88,9.31,9.38,8.68,42135.94,600843,0.02873,0.00867,0.04139,-0.17756,-0.23121,0.01749,9.276,9.07048,10.56403,11.00854,10.75337
2010-06-22,9.25,9.31,9.36,9.18,26488.32,600843,0.0,0.00649,0.05795,-0.19184,-0.22546,0.06644,9.288,9.09476,10.52839,10.9865,10.75573
2010-06-23,9.23,9.32,9.38,9.15,18153.41,600843,0.00107,-0.00745,0.05789,-0.19377,-0.23607,0.04602,9.274,9.11905,10.49226,10.96309,10.7574
2010-06-24,9.29,9.39,9.48,9.2,35704.29,600843,0.00751,0.00107,0.10471,-0.18912,-0.23284,0.07192,9.276,9.16143,10.45694,10.93992,10.75996
2010-06-25,9.36,9.52,9.56,9.15,40486.35,600843,0.01384,0.05193,0.10058,-0.1671,-0.18771,0.04501,9.37,9.20286,10.42613,10.92203,10.76163
2010-06-28,9.47,9.29,9.64,9.17,27185.49,600843,-0.02416,-0.00215,0.0065,-0.19217,-0.17349,0.01198,9.366,9.20571,10.39048,10.90618,10.76207
2010-06-29,9.29,8.36,9.32,8.36,29602.61,600843,-0.10011,-0.10204,-0.10588,-0.25952,-0.28425,-0.07317,9.176,9.15857,10.34323,10.87919,10.75939
2010-06-30,8.32,8.04,8.32,7.71,22870.98,600843,-0.03828,-0.13734,-0.11551,-0.30087,-0.31046,-0.08324,8.92,9.10857,10.28742,10.84976,10.75642
2010-07-01,8.01,7.78,8.16,7.76,12510.45,600843,-0.03234,-0.17146,-0.14786,-0.31934,-0.35221,-0.11691,8.598,9.04429,10.22855,10.81537,10.75224
2010-07-02,7.76,7.82,7.89,7.45,11770.51,600843,0.00514,-0.17857,-0.11738,-0.32644,-0.35425,-0.11438,8.258,8.99476,10.16742,10.78049,10.74813
2010-07-05,7.77,7.61,7.81,7.45,13056.55,600843,-0.02685,-0.18084,-0.16374,-0.34226,-0.39363,-0.13523,7.922,8.92381,10.10355,10.74033,10.74329
2010-07-06,7.57,7.85,8.09,7.44,17538.84,600843,0.03154,-0.061,-0.14395,-0.32906,-0.37649,-0.10694,7.82,8.86095,10.04145,10.70179,10.73947
2010-07-07,7.8,7.91,8.08,7.8,10765.56,600843,0.00764,-0.01617,-0.1374,-0.32966,-0.36568,-0.13268,7.794,8.80095,9.97871,10.66472,10.73455
2010-07-08,7.91,7.96,7.99,7.72,16082.04,600843,0.00632,0.02314,-0.12431,-0.32657,-0.36116,-0.11947,7.83,8.74714,9.91645,10.62813,10.73016
2010-07-09,8.07,8.3,8.48,7.96,37368.53,600843,0.04271,0.06138,-0.07263,-0.29362,-0.3219,-0.15736,7.926,8.71619,9.86081,10.5961,10.72386
2010-07-12,8.28,8.32,8.4,8.16,20399.0,600843,0.00241,0.0933,-0.07246,-0.29551,-0.31803,-0.1596,8.068,8.68524,9.80452,10.56455,10.71744
2010-07-13,8.22,8.47,8.81,8.22,40911.71,600843,0.01803,0.07898,-0.08234,-0.28342,-0.28943,-0.11771,8.192,8.64905,9.75048,10.5365,10.71285
2010-07-14,8.46,8.61,9.0,8.34,35875.87,600843,0.01653,0.0885,-0.06919,-0.30396,-0.26848,-0.10685,8.332,8.61857,9.68984,10.51081,10.70866
2010-07-15,8.6,8.3,8.79,8.21,26272.67,600843,-0.036,0.04271,-0.11608,-0.38198,-0.30718,-0.13452,8.4,8.56667,9.6071,10.48089,10.70341
2010-07-16,8.3,8.45,8.55,8.19,23567.38,600843,0.01807,0.01807,-0.09915,-0.36275,-0.28329,-0.13951,8.43,8.52238,9.52952,10.45374,10.69785
2010-07-19,8.27,8.77,8.78,8.27,24527.12,600843,0.03787,0.05409,-0.03094,-0.33661,-0.27997,-0.11682,8.52,8.50905,9.45774,10.42602,10.69313
2010-07-20,8.88,8.91,8.98,8.62,38841.77,600843,0.01596,0.05195,-0.04296,-0.30008,-0.25314,-0.10632,8.608,8.49,9.39613,10.40146,10.68882
2010-07-21,9.49,9.05,9.6,9.03,61426.27,600843,0.01571,0.0511,-0.02793,-0.25637,-0.24077,-0.0995,8.696,8.47762,9.34581,10.37813,10.68476
2010-07-22,8.9,9.16,9.3,8.82,44345.06,600843,0.01215,0.10361,-0.01717,-0.25285,-0.25346,-0.07381,8.868,8.47,9.29581,10.35285,10.68179
2010-07-23,9.1,8.99,9.16,8.8,25855.24,600843,-0.01856,0.06391,-0.0426,-0.27675,-0.26792,-0.0751,8.976,8.45095,9.24032,10.3261,10.67882
2010-07-26,9.09,9.09,9.13,8.92,20937.28,600843,0.01112,0.03649,-0.04517,-0.24938,-0.26277,-0.14245,9.04,8.43048,9.19161,10.29976,10.67268
2010-07-27,9.05,8.95,9.05,8.91,16118.3,600843,-0.0154,0.00449,-0.0366,-0.26155,-0.2357,-0.16433,9.048,8.41429,9.14048,10.27732,10.66553
2010-07-28,8.91,9.18,9.3,8.88,41701.55,600843,0.0257,0.01436,0.09809,-0.24877,-0.22269,-0.16923,9.074,8.45333,9.09145,10.25593,10.65793
2010-07-29,9.19,9.53,9.66,9.1,69118.45,600843,0.03813,0.04039,0.18532,-0.15439,-0.21693,-0.13756,9.148,8.52429,9.06339,10.23447,10.65175
2010-07-30,9.47,9.45,9.55,9.2,36839.09,600843,-0.00839,0.05117,0.21465,-0.13462,-0.19643,-0.19506,9.24,8.60381,9.03968,10.21569,10.64244
2010-08-02,9.44,9.57,9.63,9.36,39770.61,600843,0.0127,0.05281,0.22379,-0.10477,-0.1531,-0.15905,9.336,8.68714,9.02161,10.20163,10.63508
2010-08-03,9.57,9.48,9.98,9.46,57739.66,600843,-0.0094,0.05922,0.24573,-0.07512,-0.1444,-0.15957,9.442,8.77619,9.00919,10.18862,10.62776
2010-08-04,9.51,9.79,9.83,9.3,57025.0,600843,0.0327,0.06645,0.24713,-0.04951,-0.11563,-0.13516,9.564,8.86857,9.00097,10.17821,10.62154
2010-08-05,9.95,9.92,10.13,9.75,48137.98,600843,0.01328,0.04092,0.25411,-0.06149,-0.11586,-0.04615,9.642,8.96429,8.99048,10.16764,10.61959
2010-08-06,9.95,10.0,10.06,9.69,32226.3,600843,0.00806,0.0582,0.25628,-0.02439,-0.07493,-0.02439,9.752,9.06143,8.98645,10.16106,10.61858
2010-08-09,10.03,9.99,10.05,9.83,31399.0,600843,-0.001,0.04389,0.20361,0.00909,-0.06461,-0.06109,9.836,9.1419,8.9879,10.15545,10.61593
2010-08-10,9.99,9.61,10.0,9.5,26067.33,600843,-0.03804,0.01371,0.15505,-0.01436,-0.10103,-0.10187,9.862,9.20333,8.98565,10.14667,10.6115
2010-08-11,9.61,9.69,9.75,9.5,18087.63,600843,0.00832,-0.01021,0.14404,0.01572,-0.09014,-0.17672,9.842,9.26143,8.98806,10.13886,10.60305
2010-08-12,9.64,9.6,9.75,9.45,21043.45,600843,-0.00929,-0.03226,0.11498,0.04235,-0.09005,-0.2144,9.778,9.30857,8.99435,10.13114,10.5924
2010-08-13,9.0,9.88,9.96,9.0,42964.29,600843,0.02917,-0.012,0.19036,0.05668,-0.04725,-0.162,9.754,9.38381,9.0029,10.12715,10.58463
2010-08-16,9.9,9.98,10.02,9.71,36301.0,600843,0.01012,-0.001,0.18107,0.04612,-0.04131,-0.11681,9.752,9.45667,9.01,10.12366,10.57927
2010-08-17,10.08,10.29,10.34,9.9,38463.74,600843,0.03106,0.07076,0.17332,0.15101,-0.01625,-0.15099,9.888,9.52905,9.03177,10.12228,10.57183
2010-08-18,10.25,10.15,10.32,10.05,27468.69,600843,-0.01361,0.04747,0.13917,0.15341,-0.03149,-0.15417,9.98,9.5881,9.05355,10.11959,10.56431
2010-08-19,10.15,10.41,10.6,10.1,39145.18,600843,0.02562,0.08438,0.15028,0.18161,-0.0207,-0.13682,10.142,9.65286,9.07935,10.1178,10.5576
2010-08-20,10.41,10.06,10.45,10.01,24118.18,600843,-0.03362,0.01822,0.09825,0.18353,-0.05362,-0.14017,10.178,9.69571,9.10452,10.11317,10.55093
2010-08-23,10.08,10.04,10.26,9.96,21567.58,600843,-0.00199,0.00601,0.1168,0.16069,-0.04563,-0.06431,10.19,9.74571,9.12694,10.10927,10.54813
2010-08-24,10.13,10.4,10.48,9.96,34020.85,600843,0.03586,0.01069,0.14411,0.12676,-0.02439,0.0766,10.212,9.8081,9.14581,10.10715,10.55114
2010-08-25,10.35,10.17,10.58,10.1,31294.2,600843,-0.02212,0.00197,0.13631,0.0877,-0.06267,0.02727,10.216,9.86619,9.15903,10.10163,10.55224
2010-08-26,10.11,10.26,10.29,9.99,18860.0,600843,0.00885,-0.01441,0.11765,0.12871,-0.05612,0.15022,10.186,9.91762,9.1779,10.09667,10.55768
2010-08-27,10.25,10.35,10.36,10.08,23493.0,600843,0.00877,0.02883,0.08604,0.13363,-0.05823,0.10814,10.244,9.95667,9.19758,10.09146,10.56179
2010-08-30,10.48,10.45,10.52,10.35,28117.0,600843,0.00966,0.04084,0.10582,0.17946,-0.05686,0.06851,10.326,10.00429,9.22323,10.08634,10.56451
2010-08-31,10.45,10.19,10.47,10.15,27894.0,600843,-0.02488,-0.02019,0.06479,0.11978,-0.10849,0.01494,10.284,10.03381,9.24081,10.07626,10.56512
2010-09-01,10.2,10.85,10.91,10.18,85321.0,600843,0.06477,0.06686,0.14451,0.18321,-0.00641,0.12786,10.42,10.09905,9.2679,10.07569,10.57012
2010-09-02,10.86,11.32,11.39,10.72,74072.0,600843,0.04332,0.10331,0.15628,0.23446,-0.02161,0.12749,10.632,10.1719,9.30258,10.07366,10.57533
2010-09-03,11.31,11.3,11.42,11.07,47142.0,600843,-0.00177,0.09179,0.13911,0.24312,-0.02754,0.1122,10.822,10.23762,9.33823,10.07106,10.57996
2010-09-06,11.2,11.54,12.0,10.9,46218.0,600843,0.02124,0.10431,0.154,0.28939,0.00174,0.1336,11.04,10.31095,9.38,10.07122,10.58549
2010-09-07,11.55,11.52,11.7,11.4,36858.0,600843,-0.00173,0.13052,0.15315,0.28428,0.03504,0.25627,11.306,10.38381,9.42113,10.07439,10.59504
2010-09-08,11.4,11.47,11.53,11.33,19985.0,600843,-0.00434,0.05714,0.19355,0.24269,0.0287,0.24674,11.43,10.47238,9.45726,10.07699,10.60427
2010-09-09,11.47,11.39,11.7,11.33,27152.0,600843,-0.00697,0.00618,0.17544,0.23135,0.02244,0.25996,11.444,10.55333,9.49177,10.07902,10.61382
2010-09-10,11.4,11.48,11.5,11.02,29130.0,600843,0.0079,0.01593,0.19583,0.22258,0.05321,0.21225,11.48,10.64286,9.52548,10.08374,10.62199
2010-09-13,11.45,11.65,11.65,11.4,24745.0,600843,0.01481,0.00953,0.17915,0.242,0.04297,0.22503,11.502,10.72714,9.5621,10.08764,10.63069
2010-09-14,11.66,11.76,11.79,11.5,19430.0,600843,0.00944,0.02083,0.17836,0.29945,0.03887,0.21992,11.55,10.8119,9.60581,10.09122,10.63931
2010-09-15,11.7,11.75,12.1,11.6,33363.0,600843,-0.00085,0.02441,0.14189,0.26208,0.01997,0.21259,11.606,10.88143,9.64516,10.09309,10.64768
2010-09-16,11.75,11.73,11.97,11.4,25047.0,600843,-0.0017,0.02985,0.15567,0.25994,0.01471,0.18365,11.674,10.95667,9.68419,10.09447,10.65508
2010-09-17,11.73,11.83,11.87,11.61,13825.0,600843,0.00853,0.03049,0.13641,0.26931,0.02159,0.08632,11.744,11.02429,9.72468,10.0965,10.6589
2010-09-20,11.88,11.71,11.98,11.44,20862.0,600843,-0.01014,0.00515,0.16402,0.24707,0.0245,0.08126,11.756,11.10286,9.7621,10.09878,10.66248
2010-09-21,11.79,11.08,11.8,11.05,27391.0,600843,-0.0538,-0.05782,0.10359,0.16387,-0.03652,0.0009,11.62,11.15238,9.78726,10.09537,10.66252
2010-09-28,11.38,11.2,11.39,11.11,20169.0,600843,0.01083,-0.04681,0.07692,0.2056,-0.00797,0.00179,11.51,11.19048,9.81806,10.09463,10.6626
2010-09-29,11.2,11.26,11.6,11.16,27111.0,600843,0.00536,-0.04007,0.10718,0.34689,-0.02087,0.01808,11.416,11.24238,9.86484,10.09268,10.66341
2010-09-30,11.3,11.32,11.5,11.13,15079.0,600843,0.00533,-0.04311,0.10331,0.40796,-0.00962,0.02166,11.314,11.29286,9.91774,10.09179,10.66439
2010-10-08,11.4,12.4,12.45,11.4,80168.0,600843,0.09541,0.05892,0.19807,0.59383,0.06804,0.19576,11.452,11.39048,9.99226,10.09821,10.67264
2010-10-11,12.3,12.54,12.74,12.17,50825.0,600843,0.01129,0.13177,0.2,0.60358,0.08384,0.09904,11.744,11.49,10.06839,10.1061,10.67724
2010-10-12,12.5,13.0,13.08,12.36,53322.0,600843,0.03668,0.16071,0.27576,0.70828,0.11111,0.15556,12.104,11.62381,10.15532,10.11667,10.68435
2010-10-13,13.02,12.8,13.44,12.75,44597.0,600843,-0.01538,0.13677,0.17972,0.63057,0.08475,0.11208,12.412,11.71667,10.23516,10.1248,10.68959
2010-10-14,12.81,12.8,13.06,12.61,37031.0,600843,0.0,0.13074,0.13074,0.6182,0.08291,0.13274,12.708,11.78714,10.31403,10.13276,10.69569
2010-10-15,12.8,13.22,13.29,12.61,39677.0,600843,0.03281,0.06613,0.16991,0.6608,0.12511,0.2999,12.872,11.87857,10.39887,10.14472,10.70809
2010-10-18,13.31,13.64,13.8,13.01,61613.0,600843,0.03177,0.08772,0.18198,0.64337,0.15495,0.40329,13.092,11.97857,10.485,10.15959,10.72402
2010-10-19,13.65,14.66,14.77,13.3,54531.0,600843,0.07478,0.12769,0.27257,0.76202,0.24027,0.54478,13.424,12.1281,10.58726,10.18268,10.74504
2010-10-20,14.35,15.7,15.88,14.32,60090.0,600843,0.07094,0.22656,0.36879,0.8536,0.2692,0.58586,14.004,12.32952,10.70387,10.20976,10.76862
2010-10-21,15.69,15.48,15.98,15.28,38691.0,600843,-0.01401,0.20937,0.35909,0.79791,0.15264,0.56206,14.54,12.52429,10.81468,10.22642,10.79126
2010-10-22,15.42,16.46,17.01,15.42,66829.0,600843,0.06331,0.24508,0.4338,0.98313,0.24133,0.63618,15.188,12.76143,10.94629,10.25244,10.81728
2010-10-25,16.4,16.99,17.23,16.22,37655.0,600843,0.0322,0.2456,0.45837,1.01065,0.28517,0.6368,15.858,13.01571,11.08403,10.28309,10.84415
2010-10-26,16.85,16.41,17.1,16.17,74685.0,600843,-0.03414,0.11937,0.39541,0.87115,0.28908,0.57335,16.208,13.23714,11.20726,10.31301,10.86846
2010-10-27,16.38,16.42,16.54,16.15,32619.0,600843,0.00061,0.04586,0.39745,0.84287,0.34922,0.56232,16.352,13.45952,11.32839,10.34756,10.89248
2010-10-28,16.37,16.57,16.67,16.2,24912.0,600843,0.00914,0.07041,0.41262,0.83094,0.35155,0.53001,16.57,13.69,11.44968,10.3826,10.91581
2010-10-29,16.7,16.79,16.9,16.39,23267.0,600843,0.01328,0.02005,0.41927,0.83297,0.35076,0.55176,16.636,13.92619,11.57274,10.41805,10.94008
2010-11-01,16.86,17.1,17.11,16.3,53338.0,600843,0.01846,0.00647,0.46029,0.90211,0.41206,0.63793,16.658,14.18286,11.70355,10.45862,10.96715
2010-11-02,17.02,18.69,18.81,16.99,85415.0,600843,0.09298,0.13894,0.68682,1.05611,0.54208,0.7851,17.114,14.54524,11.85839,10.51203,11.00057
2010-11-03,18.53,18.27,19.4,17.9,53336.0,600843,-0.02247,0.11267,0.63125,1.04134,0.49509,0.73504,17.484,14.8819,12.00871,10.56122,11.03203
2010-11-04,18.01,18.88,19.33,18.01,50601.0,600843,0.03339,0.13941,0.67673,1.05664,0.67524,0.8119,17.946,15.24476,12.16516,10.62309,11.06642
2010-11-05,18.9,19.65,20.08,18.7,45737.0,600843,0.04078,0.17034,0.73587,1.06191,0.79945,0.95717,18.518,15.64143,12.32839,10.69407,11.10549
2010-11-08,19.58,19.71,20.45,19.18,46632.0,600843,0.00305,0.15263,0.58952,1.08571,0.84378,0.94379,19.04,15.98952,12.49387,10.7674,11.14439
2010-11-09,19.4,18.27,19.5,17.86,98730.0,600843,-0.07306,-0.02247,0.45694,0.90909,0.78244,0.87001,18.956,16.26238,12.63419,10.8326,11.17894
2010-11-10,18.2,18.05,18.35,17.71,39167.0,600843,-0.01204,-0.01204,0.38846,0.90401,0.75243,0.7996,18.912,16.50286,12.77242,10.89561,11.21154
2010-11-11,18.25,17.88,18.37,17.81,41917.0,600843,-0.00942,-0.05297,0.39687,0.82635,0.69158,0.72254,18.712,16.74476,12.9029,10.95504,11.24203
2010-11-12,17.85,17.16,18.14,16.56,43014.0,600843,-0.04027,-0.12672,0.34062,0.72984,0.67415,0.62808,18.214,16.95238,13.01968,11.01122,11.26894
2010-11-15,17.08,18.42,18.45,17.08,38277.0,600843,0.07343,-0.06545,0.39334,0.842,0.86061,0.76775,17.956,17.2,13.15548,11.08049,11.30146
2010-11-16,18.3,18.14,18.96,17.53,42493.0,600843,-0.0152,-0.00712,0.32991,0.81582,0.86051,0.69533,17.93,17.41429,13.28694,11.1487,11.33171
2010-11-17,17.8,16.62,18.33,16.57,31505.0,600843,-0.08379,-0.07922,0.1337,0.72945,0.74214,0.57237,17.644,17.50762,13.4,11.20626,11.3563
2010-11-18,16.77,17.0,17.36,16.16,24296.0,600843,0.02286,-0.04922,0.0828,0.75439,0.84582,0.60681,17.468,17.56952,13.5179,11.26959,11.3824
2010-11-19,17.02,16.95,17.09,15.9,40378.0,600843,-0.00294,-0.01224,0.09496,0.76562,0.81283,0.57528,17.426,17.63952,13.63645,11.33138,11.40756
2010-11-22,16.95,17.01,17.39,16.7,21988.0,600843,0.00354,-0.07655,0.03341,0.72166,0.78302,0.60472,17.144,17.66571,13.75145,11.39211,11.43362
2010-11-23,17.03,17.25,17.3,16.72,19606.0,600843,0.01411,-0.04906,0.0153,0.72846,0.92953,0.61517,16.966,17.6781,13.86871,11.45967,11.46033
2010-11-24,17.21,17.91,18.0,17.21,25848.0,600843,0.03826,0.07762,0.09141,0.74052,1.03523,0.60916,17.224,17.74952,13.99161,11.53374,11.48789
2010-11-25,18.0,17.54,18.04,17.37,27730.0,600843,-0.02066,0.03176,0.06821,0.72808,0.99092,0.56747,17.332,17.80286,14.11081,11.60472,11.5137
2010-11-26,17.59,18.26,18.28,17.49,29980.0,600843,0.04105,0.07729,0.10199,0.75408,1.14824,0.63036,17.594,17.88333,14.23742,11.68407,11.5424
2010-11-29,18.06,17.99,18.38,17.8,22395.0,600843,-0.01479,0.05761,0.07147,0.78827,1.07977,0.59769,17.79,17.94048,14.36532,11.76,11.56976
2010-11-30,17.99,16.3,17.99,16.19,47873.0,600843,-0.09394,-0.05507,-0.04678,0.62351,0.76598,0.43486,17.6,17.90238,14.46629,11.81748,11.58984
2010-12-01,16.28,15.64,16.56,15.46,33268.0,600843,-0.04049,-0.12674,-0.16319,0.50385,0.67273,0.35764,17.146,17.75714,14.55081,11.86862,11.60659
2010-12-02,15.81,15.86,16.0,15.48,22145.0,600843,0.01407,-0.09578,-0.13191,0.55949,0.74477,0.3544,16.81,17.64238,14.64258,11.92366,11.62346
2010-12-03,15.96,15.59,15.99,15.48,14405.0,600843,-0.01702,-0.14622,-0.17426,0.51949,0.70756,0.43819,16.276,17.48571,14.72855,11.97618,11.64276
2010-12-06,15.61,14.88,15.63,14.85,24545.0,600843,-0.04554,-0.17287,-0.24275,0.43768,0.67946,0.32032,15.654,17.25857,14.80161,12.02512,11.65744
2010-12-07,14.7,15.0,15.02,14.21,25378.0,600843,0.00806,-0.07975,-0.23896,0.43541,0.64835,0.27986,15.394,17.03429,14.875,12.07309,11.67077
2010-12-08,14.87,14.73,15.23,14.7,22877.0,600843,-0.018,-0.05818,-0.19376,0.44553,0.60632,0.2978,15.212,16.86571,14.94823,12.11829,11.68451
2010-12-09,14.6,14.28,14.6,14.26,15576.0,600843,-0.03055,-0.09962,-0.20886,0.31613,0.55725,0.20303,14.896,16.68619,15.00355,12.15984,11.69431
2010-12-10,14.24,14.43,14.48,14.22,21339.0,600843,0.0105,-0.07441,-0.19295,0.27473,0.58746,0.18863,14.664,16.5219,15.05371,12.20325,11.70362
2010-12-13,14.45,14.88,14.98,14.41,29350.0,600843,0.03119,0.0,-0.13287,0.31681,0.66257,0.22167,14.664,16.41333,15.11145,12.25146,11.71459
2010-12-14,14.88,15.12,15.19,14.62,32335.0,600843,0.01613,0.008,-0.17915,0.31023,0.68562,0.24138,14.688,16.25619,15.16919,12.30146,11.72654
2010-12-15,15.06,14.72,15.09,14.66,25216.0,600843,-0.02646,-0.00068,-0.18853,0.27778,0.5948,0.27556,14.686,16.09333,15.22081,12.3461,11.73947
2010-12-16,14.8,14.74,15.0,14.7,15325.0,600843,0.00136,0.03221,-0.11312,0.28509,0.59351,0.16154,14.778,16.00381,15.27355,12.39073,11.7478
2010-12-17,14.71,14.91,14.99,14.63,14906.0,600843,0.01153,0.03326,-0.12294,0.30904,0.58786,0.19185,14.874,15.90429,15.33032,12.43561,11.75756
2010-12-20,14.95,14.98,15.26,14.65,30191.0,600843,0.00469,0.00672,-0.11622,0.30488,0.59701,0.22888,14.894,15.81048,15.38677,12.48114,11.7689
2010-12-21,15.07,15.39,15.51,15.0,34148.0,600843,0.02737,0.01786,-0.09524,0.32103,0.70055,0.26459,14.948,15.73333,15.4471,12.53268,11.78199
2010-12-22,15.48,15.41,15.63,15.3,25465.0,600843,0.0013,0.04687,-0.10667,0.31037,0.65521,0.2725,15.086,15.64571,15.50597,12.58228,11.79541
2010-12-23,15.41,14.99,15.7,14.98,18781.0,600843,-0.02726,0.01696,-0.16304,0.27574,0.6101,0.24709,15.136,15.50667,15.55823,12.62846,11.80748
2010-12-24,14.46,14.08,14.73,13.87,22867.0,600843,-0.06071,-0.05567,-0.19726,0.20034,0.51073,0.1541,14.97,15.3419,15.59613,12.66715,11.81512
2010-12-27,14.05,13.98,14.25,13.42,23132.0,600843,-0.0071,-0.06676,-0.23439,0.18174,0.48882,0.14216,14.77,15.1381,15.63081,12.70447,11.8222
2010-12-28,13.97,14.7,15.2,13.66,29060.0,600843,0.0515,-0.04483,-0.18288,0.25534,0.54412,0.25427,14.632,14.98143,15.67903,12.74659,11.83431
2010-12-29,14.71,14.82,14.95,14.4,15942.0,600843,0.00816,-0.03829,-0.0908,0.33755,0.59526,0.31851,14.514,14.91095,15.73935,12.79154,11.84886
2010-12-30,14.81,15.03,15.2,14.72,21495.0,600843,0.01417,0.00267,-0.039,0.34196,0.79785,0.28682,14.522,14.8819,15.80113,12.84577,11.86248
2010-12-31,15.03,15.27,15.35,14.9,15442.0,600843,0.01597,0.08452,-0.0372,0.35613,0.89925,0.30961,14.76,14.85381,15.86581,12.90455,11.87715
2011-01-04,15.11,15.49,15.77,15.1,23179.0,600843,0.01441,0.10801,-0.00641,0.36837,0.991,0.28976,15.062,14.84905,15.93306,12.96724,11.8913
2011-01-05,15.35,15.5,15.62,15.29,17623.0,600843,0.00065,0.05442,0.04167,0.25,0.9821,0.27993,15.222,14.87857,15.98306,13.02967,11.90508
2011-01-06,15.5,15.56,15.89,15.38,16422.0,600843,0.00387,0.04993,0.03733,0.24083,1.04468,0.23984,15.37,14.90524,16.03177,13.09431,11.91732
2011-01-07,15.52,15.67,15.76,15.3,15065.0,600843,0.00707,0.04258,0.06382,0.20538,0.99618,0.24464,15.498,14.95,16.07484,13.15789,11.92984
2011-01-10,15.69,14.88,15.79,14.69,15131.0,600843,-0.05041,-0.02554,0.04202,0.1625,0.88116,0.19326,15.42,14.97857,16.10839,13.21455,11.93963
2011-01-11,14.88,14.36,14.95,14.18,13062.0,600843,-0.03495,-0.07295,-0.00485,0.12187,0.80402,0.15249,15.194,14.97524,16.13355,13.26659,11.94736
2011-01-12,14.41,14.52,14.68,14.3,6630.0,600843,0.01114,-0.06323,-0.02419,0.09834,0.7494,0.18627,14.998,14.9581,16.15452,13.31715,11.95663
2011-01-13,14.57,14.38,14.76,14.32,9939.0,600843,-0.00964,-0.07584,-0.04894,0.05425,0.72837,0.17869,14.762,14.92286,16.16645,13.36642,11.96549
2011-01-14,14.38,14.08,14.46,14.08,5607.0,600843,-0.02086,-0.10147,-0.04348,-0.03956,0.66234,0.18121,14.444,14.89238,16.1571,13.41203,11.97427
2011-01-17,14.25,13.48,14.25,13.29,8492.0,600843,-0.04261,-0.09409,-0.08548,-0.1414,0.56562,0.14528,14.164,14.83238,16.12129,13.45163,11.98122
2011-01-18,13.49,13.28,13.49,13.0,9883.0,600843,-0.01484,-0.07521,-0.10932,-0.14212,0.6,0.10851,13.948,14.75476,16.08581,13.49211,11.9865
2011-01-19,13.12,13.6,13.62,13.12,6008.0,600843,0.0241,-0.06336,-0.09212,-0.17375,0.60947,0.15352,13.764,14.68905,16.03968,13.53398,11.99386
2011-01-20,13.4,13.36,13.74,13.33,5256.0,600843,-0.01765,-0.07093,-0.1319,-0.21366,0.52338,0.09688,13.56,14.59238,15.98113,13.5713,11.99866
2011-01-24,13.77,13.23,13.79,12.9,6706.0,600843,-0.00973,-0.06037,-0.14147,-0.19378,0.48485,0.10897,13.39,14.48857,15.92984,13.60642,12.00394
2011-01-25,12.73,13.03,13.34,12.5,3637.0,600843,-0.01512,-0.03338,-0.13075,-0.20646,0.43978,0.09312,13.3,14.39524,15.87516,13.63878,12.00846
2011-01-26,13.03,13.06,13.21,13.0,3502.0,600843,0.0023,-0.01657,-0.07244,-0.21183,0.42576,0.06438,13.256,14.34667,15.81855,13.67049,12.01167
2011-01-27,13.13,13.34,13.49,13.02,7016.0,600843,0.02144,-0.01912,-0.04578,-0.20548,0.48387,0.08632,13.204,14.31619,15.7629,13.70585,12.01598
2011-01-28,13.34,13.41,13.54,13.13,4809.0,600843,0.00525,0.00374,-0.08776,-0.21579,0.47525,0.08759,13.214,14.25476,15.70339,13.74098,12.02037
2011-01-31,13.48,13.29,13.64,13.25,9397.0,600843,-0.00895,0.00454,-0.10324,-0.28892,0.48492,0.13493,13.226,14.1819,15.61629,13.77626,12.02679
2011-02-01,13.45,13.2,13.45,13.18,5361.0,600843,-0.00677,0.01305,-0.12176,-0.2775,0.43791,0.1177,13.26,14.09476,15.53452,13.80894,12.03244
2011-02-09,13.0,13.06,13.25,12.91,4491.0,600843,-0.01061,0.0,-0.14473,-0.30826,0.37041,0.07313,13.26,13.98952,15.44065,13.83764,12.03606
2011-02-10,13.22,13.52,13.54,13.04,6259.0,600843,0.03522,0.01349,-0.12718,-0.31196,0.43069,0.14966,13.296,13.89571,15.34177,13.87073,12.04321
2011-02-11,13.47,14.49,14.52,13.47,18780.0,600843,0.07175,0.08054,-0.06516,-0.26484,0.51411,0.2823,13.512,13.84762,15.25758,13.91073,12.05618
2011-02-14,14.73,15.41,15.83,14.5,37535.0,600843,0.06349,0.15952,-0.00964,-0.15654,0.62553,0.39079,13.936,13.84048,15.21145,13.95894,12.07378
2011-02-15,15.1,15.23,15.61,15.1,22041.0,600843,-0.01168,0.15379,-0.02808,-0.15623,0.55567,0.37579,14.342,13.81952,15.16597,14.00317,12.09069
2011-02-16,15.25,15.56,15.68,15.23,23215.0,600843,0.02167,0.19142,0.0457,-0.12975,0.56855,0.38681,14.842,13.8519,15.12855,14.04902,12.10833
2011-02-17,15.68,16.47,16.5,15.32,36283.0,600843,0.05848,0.2182,0.14694,-0.04021,0.647,0.52359,15.432,13.95238,15.11742,14.10163,12.13134
2011-02-18,16.21,15.91,16.4,15.88,20888.0,600843,-0.034,0.098,0.09573,-0.13626,0.59259,0.4897,15.716,14.01857,15.07694,14.14976,12.1526
2011-02-21,15.55,15.81,16.0,15.38,27221.0,600843,-0.00629,0.02596,0.09944,-0.12845,0.64516,0.47895,15.796,14.08667,15.03935,14.20016,12.17341
2011-02-22,15.81,15.12,15.89,15.07,25494.0,600843,-0.04364,-0.00722,0.07386,-0.09025,0.56037,0.41972,15.774,14.13619,15.01516,14.24431,12.19159
2011-02-23,15.03,15.26,15.35,15.03,16922.0,600843,0.00926,-0.01928,0.13205,-0.10235,0.58958,0.44645,15.714,14.22095,14.9871,14.29033,12.21073
2011-02-24,15.07,15.49,15.5,15.07,16011.0,600843,0.01507,-0.0595,0.16642,-0.08614,0.56781,0.49373,15.518,14.32619,14.96355,14.33593,12.23154
2011-02-25,15.5,15.33,15.5,15.22,11001.0,600843,-0.01033,-0.03646,0.12721,-0.09877,0.53607,0.47262,15.402,14.40857,14.93645,14.37943,12.25154
2011-02-28,15.32,15.47,15.58,15.23,13304.0,600843,0.00913,-0.02151,0.15793,-0.10319,0.5034,0.47897,15.334,14.50905,14.90774,14.42154,12.27191
2011-03-01,15.48,15.77,15.83,15.35,22110.0,600843,0.01939,0.04299,0.19199,-0.11949,0.55369,0.50477,15.464,14.63,14.87323,14.46724,12.29341
2011-03-02,15.9,16.1,16.12,15.7,36671.0,600843,0.02093,0.05505,0.23561,-0.0821,0.54659,0.51458,15.632,14.77619,14.85,14.5135,12.31565
2011-03-03,16.06,16.89,17.57,15.93,68071.0,600843,0.04907,0.09038,0.29326,-0.07503,0.67893,0.5889,15.912,14.95857,14.8279,14.56902,12.3411
2011-03-04,16.6,16.8,17.14,16.56,23016.0,600843,-0.00533,0.09589,0.25937,-0.06615,0.67331,0.59696,16.206,15.12333,14.80871,14.62398,12.36663
2011-03-07,16.79,16.69,17.29,16.61,34449.0,600843,-0.00655,0.07886,0.24459,0.02393,0.60481,0.56567,16.45,15.27952,14.815,14.67512,12.39114
2011-03-08,16.8,16.42,16.8,16.0,40768.0,600843,-0.01618,0.04122,0.23552,0.04987,0.61455,0.51336,16.58,15.42857,14.82758,14.72593,12.41378
2011-03-09,16.3,17.25,17.28,16.22,48693.0,600843,0.05055,0.07143,0.30682,0.08764,0.68129,0.58694,16.81,15.62143,14.85,14.78276,12.43972
2011-03-10,17.28,17.24,17.87,17.16,54084.0,600843,-0.00058,0.02072,0.32006,0.10584,0.6657,0.5687,16.88,15.82048,14.87661,14.83878,12.46512
2011-03-11,16.8,16.9,17.5,16.8,27578.0,600843,-0.01972,0.00595,0.25,0.13575,0.61722,0.52527,16.9,15.98143,14.90919,14.89122,12.48878
2011-03-14,16.76,16.97,17.28,16.65,21843.0,600843,0.00414,0.01678,0.17115,0.13133,0.66536,0.48469,16.956,16.09952,14.94097,14.94634,12.5113
2011-03-15,16.93,16.42,17.05,16.2,26727.0,600843,-0.03241,0.0,0.06554,0.11473,0.51336,0.50366,16.956,16.14762,14.96823,14.99163,12.53366
2011-03-16,16.42,16.13,16.78,15.88,36906.0,600843,-0.01766,-0.06493,0.05909,0.12955,0.42491,0.39412,16.732,16.19048,14.99806,15.03073,12.5522
2011-03-17,16.17,15.68,16.17,15.61,17686.0,600843,-0.0279,-0.09049,0.00771,0.08663,0.38761,0.3494,16.42,16.19619,15.01823,15.06634,12.5687
2011-03-18,15.8,16.09,16.39,15.8,17077.0,600843,0.02615,-0.04793,-0.02307,0.08132,0.39428,0.3967,16.258,16.1781,15.03774,15.10333,12.58728
2011-03-21,16.2,16.19,16.2,16.0,11777.0,600843,0.00622,-0.04596,0.0176,0.07077,0.40538,0.45463,16.102,16.19143,15.055,15.1413,12.60785
2011-03-22,16.1,15.9,16.3,15.7,10254.0,600843,-0.01791,-0.03167,0.00569,0.08016,0.38622,0.42601,15.998,16.19571,15.07403,15.17732,12.62715
2011-03-23,15.86,16.17,16.23,15.73,16186.0,600843,0.01698,0.00248,0.06944,0.09701,0.41967,0.45153,16.006,16.24571,15.0971,15.21618,12.6476
2011-03-24,16.13,16.2,16.3,16.0,11636.0,600843,0.00186,0.03316,0.0616,0.08652,0.41115,0.48624,16.11,16.29048,15.1179,15.25455,12.66915
2011-03-25,16.2,16.58,16.67,16.13,16072.0,600843,0.02346,0.03045,0.07037,0.10681,0.42318,0.48433,16.208,16.34238,15.14371,15.29463,12.69114
2011-03-28,16.71,16.2,16.78,16.18,16955.0,600843,-0.02292,0.00062,0.05675,0.05263,0.37755,0.4311,16.21,16.38381,15.15677,15.33073,12.71098
2011-03-29,16.2,15.41,16.34,15.4,24324.0,600843,-0.04877,-0.03082,-0.00388,0.0,0.31149,0.33767,16.112,16.38095,15.15677,15.36049,12.72679
2011-03-30,15.45,15.14,15.5,15.06,21900.0,600843,-0.01752,-0.0637,-0.03995,0.01001,0.29071,0.30969,15.906,16.35095,15.15919,15.38821,12.74134
2011-03-31,15.28,15.12,15.4,15.1,12207.0,600843,-0.00132,-0.06667,-0.06087,0.07386,0.27811,0.3057,15.69,16.30429,15.17597,15.41496,12.75573
2011-04-01,15.35,15.91,15.98,15.01,15790.0,600843,0.05225,-0.04041,-0.05802,0.13805,0.35867,0.39195,15.556,16.25762,15.2071,15.44911,12.77394
2011-04-06,15.74,15.78,15.85,15.61,15101.0,600843,-0.00817,-0.02593,-0.06071,0.07347,0.42419,0.37217,15.472,16.20905,15.22452,15.48732,12.79134
2011-04-07,15.82,15.77,15.85,15.51,7791.0,600843,-0.00063,0.02336,-0.05512,0.0641,0.40804,0.39681,15.544,16.16524,15.23984,15.52447,12.80955
2011-04-08,15.77,15.88,15.92,15.63,9550.0,600843,0.00698,0.04888,-0.03289,0.05655,0.4103,0.38087,15.692,16.13952,15.25355,15.56203,12.82736
2011-04-11,15.93,15.82,15.96,15.33,15465.0,600843,-0.00378,0.0463,-0.0829,0.03602,0.39753,0.38408,15.832,16.07143,15.26242,15.59862,12.8452
2011-04-12,15.66,16.15,16.2,15.66,23501.0,600843,0.02086,0.01508,-0.06323,0.04261,0.30242,0.39104,15.88,16.01952,15.27306,15.62911,12.86366
2011-04-13,16.0,15.97,16.48,15.78,18521.0,600843,-0.01115,0.01204,-0.05503,0.03032,0.27352,0.38029,15.918,15.97524,15.28065,15.65699,12.88154
2011-04-14,16.09,15.65,16.1,15.5,11572.0,600843,-0.02004,-0.00761,-0.07778,0.00578,0.20385,0.33761,15.894,15.91238,15.2821,15.67854,12.8976
2011-04-15,15.53,15.58,15.78,15.5,7780.0,600843,-0.00447,-0.01889,-0.05116,-0.00574,0.21719,0.32034,15.834,15.87238,15.28065,15.70114,12.91297
2011-04-18,15.58,15.94,16.18,15.51,16776.0,600843,0.02311,0.00759,-0.01178,0.07124,0.24531,0.34856,15.858,15.86333,15.29774,15.72667,12.92972
2011-04-19,15.86,15.52,15.86,15.33,15018.0,600843,-0.02635,-0.03901,-0.0102,0.08078,0.17398,0.32085,15.732,15.85571,15.31645,15.74537,12.94504
2011-04-20,15.52,15.86,16.05,15.45,14581.0,600843,0.02191,-0.00689,-0.01429,0.09229,0.16276,0.34293,15.71,15.84476,15.33806,15.76341,12.9615
2011-04-21,15.98,15.88,15.98,15.62,13214.0,600843,0.00126,0.0147,-0.01915,0.10431,0.08322,0.34349,15.756,15.83,15.36226,15.77333,12.97801
2011-04-22,15.94,16.71,16.78,15.83,54330.0,600843,0.05227,0.07253,0.05094,0.18679,0.06433,0.35085,15.982,15.86857,15.40468,15.78154,12.99565
2011-04-25,16.72,16.38,16.79,16.15,22171.0,600843,-0.01975,0.0276,0.01299,0.21513,0.05814,0.21966,16.07,15.87857,15.45145,15.78886,13.00764
2011-04-26,16.3,15.7,16.35,15.58,21136.0,600843,-0.04151,0.0116,-0.03086,0.18223,-0.04617,0.18401,16.106,15.85476,15.49048,15.78268,13.01756
2011-04-27,15.58,15.25,15.78,15.1,17383.0,600843,-0.02866,-0.03846,-0.08022,0.12132,-0.10241,0.15356,15.984,15.79143,15.5171,15.76854,13.02581
2011-04-28,15.27,14.11,15.42,13.88,24330.0,600843,-0.07475,-0.11146,-0.12901,0.05614,-0.14016,0.10841,15.63,15.6919,15.52919,15.74984,13.03142
2011-04-29,14.3,13.99,14.3,13.68,20481.0,600843,-0.0085,-0.16278,-0.09215,0.05745,-0.14799,0.14955,15.086,15.62429,15.54145,15.73008,13.03882
2011-05-03,13.99,14.19,14.26,13.84,9801.0,600843,0.0143,-0.1337,-0.06275,0.08903,-0.14363,0.15742,14.648,15.57905,15.56016,15.71073,13.04667
2011-05-04,14.19,14.0,14.22,13.98,8375.0,600843,-0.01339,-0.10828,-0.07407,0.07198,-0.16617,0.12631,14.308,15.52571,15.57532,15.68805,13.05305
2011-05-05,14.16,14.02,14.16,13.98,5212.0,600843,0.00143,-0.08066,-0.11879,0.05097,-0.18012,0.15772,14.062,15.43571,15.58629,15.66301,13.06081
2011-05-06,14.02,14.14,14.2,13.72,9874.0,600843,0.00856,0.00213,-0.10393,0.05444,-0.24345,0.16667,14.068,15.35762,15.59806,15.62602,13.06902
2011-05-09,14.3,14.04,14.3,14.03,14461.0,600843,-0.00707,0.00357,-0.1097,0.05643,-0.23153,0.14894,14.078,15.27524,15.61016,15.59163,13.07642
2011-05-10,14.12,14.25,14.27,14.04,7110.0,600843,0.01496,0.00423,-0.10264,0.07955,-0.24523,0.26442,14.09,15.19762,15.6271,15.55398,13.08854
2011-05-11,14.12,15.0,15.65,14.12,25908.0,600843,0.05263,0.07143,-0.05183,0.14855,-0.23664,0.37363,14.29,15.15857,15.65839,15.51618,13.10512
2011-05-12,14.98,14.94,15.1,14.5,19168.0,600843,-0.004,0.06562,-0.07492,0.10503,-0.24201,0.39757,14.474,15.10095,15.68129,15.4774,13.1224
2011-05-13,14.88,14.65,14.91,14.55,11858.0,600843,-0.01941,0.03607,-0.08265,0.01104,-0.19814,0.42927,14.576,15.0381,15.68387,15.44797,13.14028
2011-05-17,14.5,14.25,14.79,14.0,11719.0,600843,-0.0273,0.01496,-0.08946,-0.07528,-0.21053,0.3835,14.618,14.97143,15.66516,15.41707,13.15634
2011-05-18,14.1,14.15,14.4,14.02,9093.0,600843,-0.00702,-0.00702,-0.09178,-0.07091,-0.20861,0.33869,14.598,14.90333,15.64774,15.38675,13.17089
2011-05-19,14.07,14.25,14.27,14.02,10438.0,600843,0.00707,-0.05,-0.10602,-0.08419,-0.16958,0.39024,14.448,14.82286,15.62661,15.36309,13.18715
2011-05-20,14.25,13.59,14.25,12.9,26568.0,600843,-0.04632,-0.09036,-0.12436,-0.17486,-0.26221,0.37273,14.178,14.73095,15.58016,15.32382,13.20215
2011-05-23,13.47,12.9,13.47,12.7,22205.0,600843,-0.05077,-0.11945,-0.18663,-0.18919,-0.28886,0.32308,13.828,14.59,15.53161,15.28122,13.21496
2011-05-24,12.9,12.55,13.0,12.27,12566.0,600843,-0.02713,-0.1193,-0.2097,-0.2062,-0.24489,0.31551,13.488,14.43143,15.47903,15.24813,13.2272
2011-05-25,12.75,12.82,13.24,12.68,12489.0,600843,0.02151,-0.09399,-0.23279,-0.15212,-0.24588,0.39197,13.222,14.24619,15.44194,15.21415,13.24187
2011-05-26,12.62,13.03,13.38,12.62,9633.0,600843,0.01638,-0.08561,-0.20452,-0.14613,-0.23127,0.39358,12.978,14.08667,15.40597,15.18228,13.25683
2011-05-27,13.05,13.01,13.25,12.8,8075.0,600843,-0.00153,-0.04268,-0.17134,-0.1601,-0.23516,0.36373,12.862,13.95857,15.36597,15.14976,13.27093
2011-05-30,12.99,13.02,13.11,12.53,11381.0,600843,0.00077,0.0093,-0.14623,-0.15068,-0.24522,0.45638,12.886,13.85238,15.32871,15.11537,13.28752
2011-05-31,12.9,13.09,13.22,12.73,8253.0,600843,0.00538,0.04303,-0.07229,-0.15385,-0.26912,0.4875,12.994,13.80381,15.29032,15.07618,13.30496
2011-06-01,13.01,13.08,13.1,12.87,6883.0,600843,-0.00076,0.02028,-0.06505,-0.17058,-0.25428,0.48468,13.046,13.76048,15.24694,15.03992,13.32232
2011-06-02,12.9,13.45,13.65,12.83,23477.0,600843,0.02829,0.03223,-0.05215,-0.1646,-0.26342,0.58235,13.13,13.72524,15.20419,15.00081,13.34244
2011-06-03,13.34,13.42,13.68,13.3,20575.0,600843,-0.00223,0.03151,-0.04143,-0.20545,-0.25403,0.55145,13.212,13.69762,15.14823,14.96366,13.36183
2011-06-07,13.43,13.16,13.43,13.07,13663.0,600843,-0.01937,0.01075,-0.06134,-0.21667,-0.19264,0.42579,13.24,13.65667,15.08952,14.93813,13.3778
2011-06-08,13.22,12.95,13.22,12.72,16817.0,600843,-0.01596,-0.0107,-0.08416,-0.22409,-0.17199,0.38503,13.212,13.6,15.02919,14.91626,13.39244
2011-06-09,12.88,12.77,13.05,12.73,7785.0,600843,-0.0139,-0.0237,-0.09046,-0.22229,-0.19483,0.40484,13.15,13.53952,14.97032,14.89114,13.4074
2011-06-10,12.68,12.6,12.81,12.37,7662.0,600843,-0.01331,-0.0632,-0.11579,-0.26957,-0.19179,0.38007,12.98,13.46095,14.89532,14.86683,13.4215
2011-06-13,12.55,12.46,12.55,12.38,5537.0,600843,-0.01111,-0.07154,-0.16933,-0.27726,-0.16263,0.40632,12.788,13.34,14.81823,14.84715,13.43614
2011-06-14,12.5,12.68,12.74,12.46,7123.0,600843,0.01766,-0.03647,-0.15127,-0.2497,-0.15467,0.39341,12.692,13.23238,14.75016,14.82829,13.45069
2011-06-15,12.7,12.48,12.7,12.42,5159.0,600843,-0.01577,-0.03629,-0.14812,-0.26458,-0.15275,0.36096,12.598,13.12905,14.67774,14.81,13.46415
2011-06-16,12.4,12.22,12.4,12.22,4750.0,600843,-0.02083,-0.04307,-0.14246,-0.25579,-0.14426,0.33261,12.488,13.03238,14.61,14.79325,13.47654
2011-06-17,12.15,12.03,12.3,11.95,7189.0,600843,-0.01555,-0.04524,-0.14982,-0.25418,-0.16632,0.32343,12.374,12.93143,14.54387,14.77374,13.4885
2011-06-20,11.98,11.68,12.07,11.65,4501.0,600843,-0.02909,-0.0626,-0.18035,-0.2551,-0.21505,0.30503,12.218,12.80905,14.47935,14.74772,13.49959
2011-06-21,11.8,11.78,11.83,11.62,3008.0,600843,0.00856,-0.07098,-0.13319,-0.26787,-0.2209,0.31327,12.038,12.72286,14.40984,14.72057,13.51102
2011-06-22,11.78,11.74,11.88,11.63,6129.0,600843,-0.0034,-0.05929,-0.08992,-0.27486,-0.20245,0.27194,11.89,12.66762,14.33806,14.69634,13.52122
2011-06-23,11.68,11.9,11.92,11.54,8123.0,600843,0.01363,-0.02619,-0.05179,-0.25157,-0.19267,0.28649,11.826,12.63667,14.27355,14.67325,13.53199
2011-06-24,11.8,12.16,12.3,11.8,15165.0,600843,0.02185,0.01081,-0.05148,-0.24799,-0.18444,0.29499,11.852,12.60524,14.20887,14.65089,13.54325
2011-06-27,12.18,12.26,12.35,12.13,7727.0,600843,0.00822,0.04966,-0.05909,-0.24321,-0.18158,0.30704,11.968,12.56857,14.14532,14.62878,13.55496
2011-06-28,12.29,12.12,12.37,12.1,11558.0,600843,-0.01142,0.02886,-0.06841,-0.269,-0.21248,0.33923,12.036,12.52619,14.07339,14.6022,13.56744
2011-06-29,12.15,11.88,12.23,11.86,13230.0,600843,-0.0198,0.01193,-0.08756,-0.26667,-0.22907,0.27605,12.064,12.4719,14.00371,14.5735,13.57789
2011-06-30,11.8,12.09,12.12,11.8,8968.0,600843,0.01768,0.01597,-0.07639,-0.21544,-0.19346,0.2986,12.102,12.42429,13.95016,14.54992,13.58919
2011-07-01,12.09,12.09,12.24,12.01,11227.0,600843,0.0,-0.00576,-0.07569,-0.20145,-0.14134,0.29721,12.088,12.37714,13.90097,14.53374,13.60045
2011-07-04,12.15,12.38,12.41,12.1,13303.0,600843,0.02399,0.00979,-0.07955,-0.18122,-0.11445,0.31842,12.112,12.32619,13.85677,14.52073,13.6126
2011-07-05,12.41,12.54,12.75,12.39,18363.0,600843,0.01292,0.03465,-0.06557,-0.21182,-0.14694,0.31723,12.196,12.28429,13.80242,14.50317,13.62488
2011-07-06,12.54,12.54,12.64,12.34,12090.0,600843,0.0,0.05556,-0.04711,-0.20532,-0.15385,0.34984,12.328,12.25476,13.75016,14.48463,13.63809
2011-07-07,12.44,12.52,12.59,12.33,19396.0,600843,-0.00159,0.03557,-0.0332,-0.20609,-0.167,0.49761,12.414,12.23429,13.69774,14.46423,13.655
2011-07-08,12.53,12.65,12.7,12.36,18532.0,600843,0.01038,0.04632,-0.0094,-0.2034,-0.17158,0.57338,12.526,12.22857,13.64565,14.44293,13.67374
2011-07-11,12.6,12.54,12.68,12.49,13196.0,600843,-0.0087,0.01292,-0.00476,-0.20733,-0.19045,0.61183,12.558,12.22571,13.59274,14.41894,13.69309
2011-07-12,12.45,12.24,12.45,12.11,22968.0,600843,-0.02392,-0.02392,-0.01766,-0.24211,-0.21032,0.56522,12.498,12.21524,13.52968,14.39244,13.71106
2011-07-13,12.14,12.73,13.46,12.14,37069.0,600843,0.04003,0.01515,0.00394,-0.20288,-0.18188,0.6728,12.536,12.21762,13.47742,14.36943,13.73187
2011-07-14,12.68,12.58,12.79,12.51,19593.0,600843,-0.01178,0.00479,0.00801,-0.19617,-0.19719,0.60255,12.548,12.22238,13.4279,14.34431,13.7511
2011-07-15,12.6,12.9,12.93,12.53,23142.0,600843,0.02544,0.01976,0.05565,-0.17202,-0.13306,0.63085,12.598,12.25476,13.38468,14.32821,13.77138
2011-07-18,12.89,12.76,12.94,12.68,19275.0,600843,-0.01085,0.01754,0.06068,-0.1995,-0.11142,0.60302,12.642,12.28952,13.33339,14.3152,13.79089
2011-07-19,12.76,12.44,12.76,12.35,14587.0,600843,-0.02508,0.01634,0.06507,-0.19845,-0.14325,0.4988,12.682,12.32571,13.28371,14.29829,13.80772
2011-07-20,12.55,12.26,12.7,12.1,15856.0,600843,-0.01447,-0.03692,0.04075,-0.22699,-0.14743,0.47356,12.588,12.34857,13.22565,14.28106,13.82374
2011-07-21,12.19,12.04,12.28,12.02,11415.0,600843,-0.01794,-0.04293,0.02555,-0.24181,-0.14489,0.42149,12.48,12.36286,13.16371,14.26447,13.83825
2011-07-22,12.05,12.06,12.17,11.99,8032.0,600843,0.00166,-0.06512,0.01345,-0.27828,-0.10534,0.4007,12.312,12.37048,13.08871,14.25293,13.85228
2011-07-25,12.05,11.35,12.06,11.31,12651.0,600843,-0.05887,-0.1105,-0.06661,-0.30708,-0.14533,0.36747,12.03,12.3319,13.00758,14.23724,13.86467
2011-07-26,11.35,11.36,11.54,11.25,8558.0,600843,0.00088,-0.08682,-0.07341,-0.27643,-0.16471,0.34438,11.814,12.28905,12.93758,14.21902,13.8765
2011-07-27,11.35,11.48,11.53,11.3,8514.0,600843,0.01056,-0.06362,-0.05281,-0.24721,-0.14072,0.30901,11.658,12.25857,12.87677,14.20374,13.88752
2011-07-28,11.45,11.3,11.45,11.1,12120.0,600843,-0.01568,-0.06146,-0.04882,-0.19915,-0.14588,0.26824,11.51,12.23095,12.83145,14.18805,13.89724
2011-07-29,11.21,10.98,11.3,10.95,11824.0,600843,-0.02832,-0.08955,-0.09181,-0.21515,-0.15733,0.21326,11.294,12.1781,12.7829,14.17138,13.90508
2011-08-01,10.97,11.1,11.28,10.82,10542.0,600843,0.01093,-0.02203,-0.08189,-0.21776,-0.15008,0.21179,11.244,12.13095,12.73306,14.15545,13.91297
2011-08-02,11.0,10.9,11.1,10.85,6844.0,600843,-0.01802,-0.04049,-0.11955,-0.22143,-0.18291,0.21246,11.152,12.06048,12.68306,14.13561,13.92073
2011-08-03,10.89,10.93,11.02,10.79,12282.0,600843,0.00275,-0.04791,-0.12839,-0.2204,-0.18494,0.20242,11.042,11.98381,12.63323,14.11545,13.92821
2011-08-04,10.83,11.05,11.09,10.83,10246.0,600843,0.01098,-0.02212,-0.11882,-0.21853,-0.16855,0.23464,10.992,11.91286,12.58339,14.09724,13.93675
2011-08-05,10.77,10.81,10.99,10.6,8354.0,600843,-0.02172,-0.01548,-0.13658,-0.23006,-0.18106,0.17756,10.958,11.83143,12.53129,14.0778,13.94337
2011-08-08,10.75,9.73,10.75,9.73,18487.0,600843,-0.09991,-0.12342,-0.23083,-0.31719,-0.25498,0.02099,10.684,11.69238,12.45839,14.05073,13.94419
2011-08-09,9.43,9.48,9.69,8.78,22634.0,600843,-0.02569,-0.13028,-0.24402,-0.368,-0.29882,0.00317,10.4,11.54667,12.36935,14.01789,13.94431
2011-08-10,9.6,9.58,9.96,9.55,17114.0,600843,0.01055,-0.12351,-0.21732,-0.35877,-0.33885,0.00104,10.13,11.42,12.2829,13.97797,13.94435
2011-08-11,9.3,9.7,9.77,9.2,17005.0,600843,0.01253,-0.12217,-0.23802,-0.33788,-0.37054,0.02321,9.86,11.27571,12.20306,13.93154,13.94524
2011-08-12,9.73,9.86,9.99,9.73,14180.0,600843,0.01649,-0.08788,-0.21622,-0.30807,-0.35259,0.00715,9.67,11.14619,12.13226,13.88789,13.94553
2011-08-15,9.96,10.17,10.24,9.81,11124.0,600843,0.03144,0.04522,-0.21163,-0.28127,-0.3464,0.0252,9.758,11.01619,12.06806,13.84407,13.94654
2011-08-16,10.18,9.95,10.22,9.92,12136.0,600843,-0.02163,0.04958,-0.22022,-0.30175,-0.39587,-0.005,9.852,10.88238,11.99871,13.79106,13.94634
2011-08-17,10.01,10.16,10.28,9.82,17663.0,600843,0.02111,0.06054,-0.18328,-0.25239,-0.36141,0.01702,9.968,10.77381,11.94339,13.74431,13.94703
2011-08-18,10.12,10.03,10.28,10.0,16100.0,600843,-0.0128,0.03402,-0.18189,-0.22248,-0.36559,0.0437,10.034,10.66762,11.8971,13.69732,13.94874
2011-08-19,9.52,9.91,10.0,9.52,7878.0,600843,-0.01196,0.00507,-0.17691,-0.21036,-0.34458,0.0227,10.044,10.56619,11.85452,13.65496,13.94963
2011-08-22,9.89,10.1,10.42,9.89,21816.0,600843,0.01917,-0.00688,-0.16252,-0.21217,-0.33814,0.05208,10.03,10.47286,11.81065,13.61301,13.95167
2011-08-23,10.07,10.29,10.32,10.05,11498.0,600843,0.01881,0.03417,-0.09339,-0.21028,-0.3357,0.0415,10.098,10.42238,11.76645,13.57073,13.95333
2011-08-24,10.35,10.34,10.48,10.17,13539.0,600843,0.00486,0.01772,-0.08979,-0.20523,-0.32551,0.03607,10.134,10.37381,11.72339,13.53016,13.9548
2011-08-25,10.34,10.49,10.55,10.25,13004.0,600843,0.01451,0.04586,-0.08624,-0.19432,-0.32191,0.01944,10.226,10.32667,11.68258,13.48967,13.95561
2011-08-26,10.49,10.53,10.54,10.33,11672.0,600843,0.00381,0.06256,-0.06814,-0.19557,-0.33228,0.03744,10.35,10.29,11.64129,13.44707,13.95715
2011-08-29,10.55,10.61,10.63,10.42,15012.0,600843,0.0076,0.0505,-0.0337,-0.18884,-0.34099,0.01921,10.452,10.27238,11.60145,13.40244,13.95797
2011-08-30,10.61,10.56,11.05,10.48,22300.0,600843,-0.00471,0.02624,-0.04865,-0.21487,-0.37478,0.0497,10.506,10.24667,11.55484,13.35098,13.96
2011-08-31,10.52,10.39,10.67,10.35,13311.0,600843,-0.0161,0.00484,-0.04679,-0.22578,-0.38155,0.03486,10.516,10.22238,11.50597,13.29886,13.96142
2011-09-01,10.42,10.11,10.47,10.0,12804.0,600843,-0.02695,-0.03622,-0.07502,-0.23176,-0.39425,-0.02788,10.44,10.18333,11.45677,13.24537,13.96024
2011-09-02,10.15,10.77,10.81,10.04,43877.0,600843,0.06528,0.02279,-0.02534,-0.16834,-0.34409,0.059,10.488,10.17,11.42161,13.19943,13.96268
2011-09-05,10.5,9.94,10.52,9.87,34461.0,600843,-0.07707,-0.06315,-0.08048,-0.22161,-0.42377,-0.03119,10.354,10.12857,11.37597,13.14,13.96138
2011-09-06,9.71,9.53,9.79,9.48,17579.0,600843,-0.04125,-0.09754,-0.02055,-0.24365,-0.44722,-0.07923,10.148,10.11905,11.32645,13.07732,13.95805
2011-09-07,9.57,9.74,9.8,9.5,12440.0,600843,0.02204,-0.06256,0.02743,-0.2183,-0.42367,-0.06794,10.018,10.13143,11.28258,13.01911,13.95516
2011-09-08,9.78,9.65,9.93,9.63,10073.0,600843,-0.00924,-0.0455,0.00731,-0.23896,-0.43135,-0.05299,9.926,10.13476,11.23371,12.95959,13.95297
2011-09-09,9.55,9.75,9.79,8.69,9843.0,600843,0.01036,-0.09471,0.00515,-0.21875,-0.40621,-0.10138,9.722,10.13714,11.18968,12.90537,13.9485
2011-09-13,9.5,9.48,9.6,9.35,4899.0,600843,-0.02769,-0.04628,-0.03854,-0.22422,-0.41228,-0.16254,9.63,10.11905,11.14548,12.8513,13.94102
2011-09-14,9.5,9.7,9.72,9.44,6042.0,600843,0.02321,0.01784,-0.04621,-0.19368,-0.38138,-0.14159,9.664,10.09667,11.1079,12.80268,13.93451
2011-09-15,9.57,9.73,9.79,9.57,9165.0,600843,0.00309,-0.00103,-0.02211,-0.16695,-0.39528,-0.15685,9.662,10.08619,11.07645,12.75098,13.92715
2011-09-19,9.68,9.36,9.69,9.31,5539.0,600843,-0.03803,-0.03005,-0.07874,-0.20543,-0.42187,-0.1875,9.604,10.0481,11.03742,12.69545,13.91837
2011-09-20,9.31,9.66,9.67,9.31,5638.0,600843,0.03205,-0.00923,-0.03689,-0.17717,-0.39245,-0.1578,9.586,10.03048,11.00387,12.64472,13.91102
2011-09-21,9.67,9.81,9.91,9.58,13046.0,600843,0.01553,0.03481,-0.01009,-0.17563,-0.39332,-0.13872,9.652,10.02571,10.97016,12.59301,13.90459
2011-09-22,9.75,9.49,9.8,9.49,5590.0,600843,-0.03262,-0.02165,-0.0604,-0.21957,-0.4142,-0.17334,9.61,9.99667,10.9271,12.53846,13.8965
2011-09-23,9.35,9.32,9.39,9.19,5423.0,600843,-0.01791,-0.04214,-0.09427,-0.2398,-0.43788,-0.2,9.528,9.95048,10.87968,12.47943,13.88703
2011-09-26,9.25,9.11,9.47,9.01,7607.0,600843,-0.02253,-0.02671,-0.11896,-0.24835,-0.43765,-0.22534,9.478,9.8919,10.83113,12.42179,13.87626
2011-09-27,9.15,9.22,9.47,9.08,8923.0,600843,0.01207,-0.04555,-0.12107,-0.22391,-0.40169,-0.21532,9.39,9.83143,10.78823,12.37146,13.86598
2011-09-28,9.37,9.17,9.37,9.09,5608.0,600843,-0.00542,-0.06524,-0.12915,-0.24152,-0.39432,-0.21824,9.262,9.76667,10.74113,12.32293,13.85557
2011-09-29,9.03,8.78,9.1,8.73,5458.0,600843,-0.04253,-0.07482,-0.17248,-0.27378,-0.41931,-0.25782,9.12,9.67952,10.68774,12.27138,13.84317
2011-09-30,8.92,8.75,8.92,8.66,3036.0,600843,-0.00342,-0.06116,-0.1714,-0.29321,-0.45003,-0.25278,9.006,9.59333,10.62919,12.21317,13.83114
2011-10-10,8.75,8.64,8.81,8.53,4333.0,600843,-0.01257,-0.05159,-0.16843,-0.311,-0.45247,-0.22022,8.912,9.51,10.56629,12.15512,13.82122
2011-10-11,8.8,8.63,8.9,8.54,4416.0,600843,-0.00116,-0.06399,-0.14639,-0.3118,-0.45276,-0.22946,8.794,9.43952,10.50323,12.09707,13.81077
2011-10-12,8.6,8.9,8.9,8.55,7911.0,600843,0.03129,-0.02944,-0.17363,-0.28914,-0.43955,-0.20959,8.74,9.35048,10.44484,12.04033,13.80118
2011-10-13,8.93,9.06,9.13,8.84,8823.0,600843,0.01798,0.03189,-0.08853,-0.28379,-0.42731,-0.19965,8.796,9.30857,10.38694,11.98537,13.79199
2011-10-14,9.01,9.04,9.08,8.91,5926.0,600843,-0.00221,0.03314,-0.05142,-0.27911,-0.44025,-0.27097,8.854,9.28524,10.33048,11.92756,13.77833
2011-10-17,9.06,9.07,9.1,8.92,6115.0,600843,0.00332,0.04977,-0.06879,-0.25899,-0.43206,-0.27671,8.94,9.25333,10.27935,11.87146,13.76423
2011-10-18,9.0,9.0,9.12,8.59,7113.0,600843,-0.00772,0.04287,-0.06736,-0.29301,-0.42492,-0.30769,9.014,9.22238,10.21919,11.8174,13.74797
2011-10-19,9.0,8.98,9.0,8.75,4789.0,600843,-0.00222,0.00899,-0.07897,-0.28617,-0.42362,-0.29844,9.03,9.18571,10.16113,11.76374,13.73244
2011-10-20,8.9,8.81,8.9,8.6,5390.0,600843,-0.01893,-0.02759,-0.07068,-0.31705,-0.4473,-0.31172,8.98,9.15381,10.09516,11.70577,13.71622
2011-10-21,8.66,8.85,8.88,8.62,5551.0,600843,0.00454,-0.02102,-0.08763,-0.30643,-0.42977,-0.33056,8.942,9.11333,10.0321,11.65154,13.69846
2011-10-24,8.83,8.87,8.9,8.56,13604.0,600843,0.00226,-0.02205,-0.08839,-0.28698,-0.44073,-0.34971,8.902,9.07238,9.97452,11.59472,13.67907
2011-10-25,8.82,9.04,9.11,8.68,21749.0,600843,0.01917,0.00444,-0.03419,-0.26264,-0.43073,-0.38336,8.91,9.05714,9.92258,11.53911,13.65622
2011-10-26,8.91,9.03,9.15,8.91,15900.0,600843,-0.00111,0.00557,-0.06522,-0.25,-0.45961,-0.42484,8.92,9.02714,9.87403,11.47667,13.62911
2011-10-27,9.15,9.21,9.34,9.05,17305.0,600843,0.01993,0.0454,-0.06116,-0.23632,-0.43773,-0.40504,9.0,8.99857,9.82806,11.41837,13.60362
2011-10-28,9.25,9.31,9.36,9.2,14903.0,600843,0.01086,0.05198,-0.01897,-0.17974,-0.40701,-0.43439,9.092,8.99,9.79516,11.36642,13.57455
2011-10-31,9.25,9.24,9.3,9.02,14243.0,600843,-0.00752,0.04171,-0.00858,-0.18662,-0.3941,-0.45615,9.166,8.98619,9.76097,11.31756,13.54305
2011-11-01,9.1,9.22,9.3,9.05,16968.0,600843,-0.00216,0.01991,0.01207,-0.19686,-0.34656,-0.43815,9.202,8.99143,9.72452,11.2778,13.51382
2011-11-02,9.1,9.29,9.3,8.95,16867.0,600843,0.00759,0.02879,0.00759,-0.17788,-0.33595,-0.43423,9.254,8.99476,9.6921,11.23959,13.48484
2011-11-03,9.3,9.36,9.51,9.28,24362.0,600843,0.00753,0.01629,0.02072,-0.14754,-0.34038,-0.43512,9.284,9.00381,9.66597,11.20033,13.45553
2011-11-04,9.4,9.71,9.75,9.21,27458.0,600843,0.03739,0.04296,0.10592,-0.12523,-0.30643,-0.42168,9.364,9.0481,9.64355,11.16545,13.42675
2011-11-07,9.6,9.67,9.75,9.52,23396.0,600843,-0.00412,0.04654,0.10514,-0.11284,-0.31027,-0.4345,9.45,9.0919,9.62371,11.13008,13.39654
2011-11-08,9.66,9.45,9.66,9.18,19688.0,600843,-0.02275,0.02495,0.09375,-0.13541,-0.33168,-0.49438,9.496,9.13048,9.59984,11.09195,13.35898
2011-11-09,9.44,9.55,9.58,9.27,13344.0,600843,0.01058,0.02799,0.1066,-0.13575,-0.3198,-0.47729,9.548,9.17429,9.57565,11.05545,13.32354
2011-11-10,9.44,9.51,9.55,9.31,9880.0,600843,-0.00419,0.01603,0.06854,-0.12026,-0.33263,-0.49629,9.578,9.20333,9.55468,11.01691,13.28545
2011-11-11,9.42,9.47,9.51,9.41,9064.0,600843,-0.00421,-0.02472,0.04525,-0.02672,-0.36867,-0.51807,9.53,9.22286,9.55048,10.97195,13.24407
2011-11-14,9.49,9.8,9.9,9.47,28023.0,600843,0.03485,0.01344,0.08407,0.03376,-0.34404,-0.50279,9.556,9.25905,9.55565,10.93016,13.20378
2011-11-15,9.7,9.78,9.87,9.62,21647.0,600843,-0.00204,0.03492,0.07828,0.02088,-0.33242,-0.4647,9.622,9.29286,9.55887,10.89057,13.16927
2011-11-16,9.79,9.49,9.81,9.43,18368.0,600843,-0.02965,-0.00628,0.05444,-0.02165,-0.33404,-0.47424,9.61,9.31619,9.55548,10.85187,13.13447
2011-11-17,9.47,9.46,9.5,9.31,11283.0,600843,-0.00316,-0.00526,0.05345,-0.04057,-0.33145,-0.47092,9.6,9.33905,9.54903,10.81374,13.10024
2011-11-18,9.41,9.06,9.41,9.02,13935.0,600843,-0.04228,-0.04329,0.02838,-0.10914,-0.36421,-0.47203,9.518,9.35095,9.53113,10.77154,13.06732
2011-11-21,9.07,9.11,9.15,9.0,4527.0,600843,0.00552,-0.07041,0.02938,-0.08442,-0.32965,-0.50543,9.38,9.36333,9.51758,10.73512,13.02947
2011-11-22,9.08,9.06,9.13,8.98,5426.0,600843,-0.00549,-0.07362,0.02142,-0.10827,-0.29767,-0.50055,9.236,9.37238,9.49984,10.7039,12.99256
2011-11-23,9.06,9.16,9.2,9.06,10269.0,600843,0.01104,-0.03477,0.01327,-0.08674,-0.27012,-0.44886,9.17,9.3781,9.48581,10.67634,12.96224
2011-11-24,9.05,9.42,9.64,8.33,36090.0,600843,0.02838,-0.00423,0.04319,-0.04945,-0.26521,-0.44588,9.162,9.39667,9.4779,10.6487,12.93142
2011-11-25,9.38,9.02,9.38,9.01,20935.0,600843,-0.04246,-0.00442,-0.02063,-0.10693,-0.30775,-0.46785,9.154,9.38762,9.46048,10.6161,12.89919
2011-11-28,8.85,8.7,8.97,8.63,15429.0,600843,-0.03548,-0.04501,-0.06552,-0.15452,-0.33128,-0.48854,9.072,9.35857,9.43484,10.58106,12.86541
2011-11-29,8.75,8.77,8.85,8.69,12896.0,600843,0.00805,-0.03201,-0.05087,-0.15184,-0.32642,-0.49159,9.014,9.33619,9.40952,10.5465,12.83093
2011-11-30,8.71,8.15,8.8,8.0,17040.0,600843,-0.0707,-0.11026,-0.11605,-0.22307,-0.37739,-0.54495,8.812,9.28524,9.37177,10.50634,12.79126
2011-12-01,8.41,8.3,8.48,8.27,11661.0,600843,0.0184,-0.1189,-0.10657,-0.21178,-0.36544,-0.5268,8.588,9.2381,9.33581,10.46748,12.7537
2011-12-02,8.22,8.02,8.3,7.93,10589.0,600843,-0.03373,-0.11086,-0.14316,-0.24411,-0.40372,-0.56079,8.388,9.17429,9.29403,10.42333,12.71207
2011-12-05,8.0,7.7,8.03,7.59,4945.0,600843,-0.0399,-0.11494,-0.207,-0.27083,-0.42623,-0.57198,8.188,9.07857,9.2479,10.37683,12.67024
2011-12-06,7.65,7.72,7.79,7.63,4291.0,600843,0.0026,-0.11973,-0.20165,-0.25698,-0.41337,-0.52638,7.978,8.98571,9.20484,10.3326,12.63537
2011-12-07,7.74,7.71,7.81,7.52,2734.0,600843,-0.0013,-0.05399,-0.18413,-0.23739,-0.40463,-0.50703,7.89,8.90286,9.16613,10.29,12.60313
2011-12-08,7.65,7.69,7.74,7.55,4919.0,600843,-0.00259,-0.07349,-0.19476,-0.28598,-0.39781,-0.51513,7.768,8.81429,9.11645,10.2487,12.56992
2011-12-09,7.62,7.51,7.66,7.42,4877.0,600843,-0.02341,-0.06359,-0.2103,-0.24447,-0.40397,-0.51828,7.666,8.71905,9.07726,10.20732,12.53707
2011-12-12,7.5,7.49,7.57,7.35,4978.0,600843,-0.00266,-0.02727,-0.20908,-0.21406,-0.39888,-0.49664,7.624,8.62476,9.04435,10.16691,12.50703
2011-12-13,7.41,7.2,7.48,7.17,4198.0,600843,-0.03872,-0.06736,-0.26531,-0.26078,-0.43218,-0.52,7.52,8.50095,9.00339,10.12236,12.47533
2011-12-14,7.1,6.88,7.13,6.83,4248.0,600843,-0.04444,-0.10765,-0.29652,-0.28705,-0.44872,-0.53293,7.354,8.36286,8.95871,10.07683,12.44341
2011-12-15,6.82,6.63,6.88,6.48,8685.0,600843,-0.03634,-0.13784,-0.30137,-0.32,-0.45745,-0.53571,7.142,8.22667,8.90839,10.03138,12.41232
2011-12-16,6.45,6.61,6.62,6.32,7534.0,600843,-0.00302,-0.11984,-0.30127,-0.30274,-0.45054,-0.54193,6.962,8.09095,8.8621,9.98732,12.38053
2011-12-19,6.6,6.66,6.67,6.38,8270.0,600843,0.00756,-0.11081,-0.2649,-0.3134,-0.42979,-0.55242,6.796,7.97667,8.81306,9.9465,12.34711
2011-12-20,6.63,6.66,6.85,6.52,9565.0,600843,0.0,-0.075,-0.26894,-0.31552,-0.43463,-0.55952,6.688,7.86,8.76355,9.90488,12.31272
2011-12-21,6.77,6.52,6.8,6.49,12380.0,600843,-0.02102,-0.05233,-0.28035,-0.30342,-0.44463,-0.55707,6.616,7.73905,8.71774,9.86244,12.27939
2011-12-22,6.36,6.6,6.68,6.22,13291.0,600843,0.01227,-0.00452,-0.27948,-0.31677,-0.44538,-0.55224,6.61,7.61714,8.66839,9.81935,12.2463
2011-12-23,6.53,6.77,6.88,6.53,9489.0,600843,0.02576,0.02421,-0.28132,-0.30989,-0.44326,-0.54594,6.642,7.49095,8.61935,9.77553,12.21321
2011-12-26,6.79,6.73,6.86,6.69,8716.0,600843,-0.00591,0.01051,-0.25388,-0.29083,-0.45106,-0.55073,6.656,7.3819,8.57484,9.73057,12.17967
2011-12-27,6.72,6.73,6.83,6.69,8435.0,600843,0.0,0.01051,-0.22644,-0.2779,-0.44472,-0.5627,6.67,7.2881,8.53306,9.68675,12.14447
2011-12-28,6.73,6.84,6.88,6.65,8500.0,600843,0.01634,0.04908,-0.22007,-0.24918,-0.42424,-0.55613,6.734,7.19619,8.49645,9.64577,12.10963
2011-12-29,6.82,6.96,7.0,6.7,8311.0,600843,0.01754,0.05455,-0.14601,-0.24512,-0.42432,-0.53569,6.806,7.13952,8.46,9.60407,12.07699
2011-12-30,6.91,6.98,7.05,6.85,5137.0,600843,0.00287,0.03102,-0.15904,-0.23882,-0.42266,-0.50426,6.848,7.07667,8.42468,9.56252,12.04813
2012-01-04,7.0,6.8,7.17,6.68,4715.0,600843,-0.02579,0.0104,-0.15212,-0.22551,-0.45073,-0.51359,6.862,7.01857,8.39274,9.51715,12.01894
2012-01-05,6.56,6.37,6.83,6.32,5056.0,600843,-0.06324,-0.05349,-0.17273,-0.272,-0.49203,-0.56667,6.79,6.95524,8.35435,9.46699,11.98508
2012-01-06,6.25,6.36,6.43,6.13,4384.0,600843,-0.00157,-0.07018,-0.17617,-0.26389,-0.49282,-0.57085,6.694,6.89048,8.31758,9.41675,11.95069
2012-01-09,6.38,6.64,6.65,6.36,3304.0,600843,0.04403,-0.04598,-0.13878,-0.23059,-0.46965,-0.55822,6.63,6.83952,8.28548,9.36894,11.91659
2012-01-10,6.6,6.97,6.98,6.6,10759.0,600843,0.0497,-0.00143,-0.09363,-0.21685,-0.44901,-0.54355,6.628,6.80524,8.25435,9.32276,11.88285
2012-01-11,6.98,6.95,7.02,6.84,9094.0,600843,-0.00287,0.02206,-0.07457,-0.23289,-0.44577,-0.55132,6.658,6.77857,8.22032,9.27732,11.84813
2012-01-12,6.92,6.9,7.01,6.81,8854.0,600843,-0.00719,0.0832,-0.07877,-0.23673,-0.43627,-0.55484,6.764,6.75048,8.18581,9.2339,11.81317
2012-01-13,6.9,6.52,6.92,6.5,9272.0,600843,-0.05507,0.02516,-0.09444,-0.28115,-0.48782,-0.58098,6.796,6.7181,8.14468,9.18341,11.77642
2012-01-16,6.48,6.12,6.54,6.1,9993.0,600843,-0.06135,-0.07831,-0.11047,-0.32,-0.51351,-0.60944,6.692,6.6819,8.09823,9.13089,11.7376
2012-01-17,6.2,6.54,6.55,6.02,9757.0,600843,0.06863,-0.06169,-0.01357,-0.27171,-0.49302,-0.56048,6.606,6.67762,8.05887,9.07919,11.7037
2012-01-18,6.54,6.48,6.67,6.45,8893.0,600843,-0.00917,-0.06763,-0.01967,-0.26447,-0.49216,-0.54875,6.512,6.67143,8.02129,9.02813,11.67167
2012-01-19,6.41,6.5,6.63,6.32,6769.0,600843,0.00309,-0.05797,-0.02402,-0.26554,-0.47749,-0.55234,6.432,6.66381,7.98339,8.97984,11.63907
2012-01-20,6.66,6.67,6.76,6.49,14960.0,600843,0.02615,0.02301,0.0015,-0.24803,-0.45595,-0.53616,6.462,6.66429,7.9479,8.93439,11.60772
2012-01-30,6.67,6.64,6.75,6.6,7542.0,600843,-0.0045,0.08497,0.0184,-0.26549,-0.4485,-0.52841,6.566,6.67,7.90919,8.89049,11.57748
2012-01-31,6.68,7.3,7.3,6.63,26605.0,600843,0.0994,0.11621,0.10606,-0.19158,-0.39469,-0.45846,6.718,6.70333,7.88129,8.85179,11.55236
2012-02-01,7.3,7.22,7.38,7.1,29284.0,600843,-0.01096,0.1142,0.06647,-0.21607,-0.36388,-0.45633,6.866,6.72476,7.84919,8.81821,11.52772
2012-02-02,7.16,7.25,7.36,7.13,19274.0,600843,0.00416,0.11538,0.07727,-0.22127,-0.3618,-0.46691,7.016,6.74952,7.81597,8.7848,11.50191
2012-02-03,7.15,7.27,7.34,7.15,15519.0,600843,0.00276,0.08996,0.08024,-0.2132,-0.36672,-0.45584,7.136,6.77524,7.78419,8.75057,11.47715
2012-02-06,7.26,7.27,7.31,7.15,17753.0,600843,0.0,0.09488,0.06287,-0.2115,-0.35664,-0.45049,7.262,6.79571,7.75274,8.7178,11.45293
2012-02-07,7.29,7.1,7.31,7.0,11707.0,600843,-0.02338,-0.0274,0.02011,-0.23574,-0.35337,-0.4551,7.222,6.80238,7.71742,8.68626,11.42882
2012-02-08,7.03,7.23,7.3,7.02,15066.0,600843,0.01831,0.00139,0.03582,-0.22756,-0.34865,-0.4464,7.224,6.81429,7.68306,8.6548,11.40512
2012-02-09,7.24,7.32,7.43,7.23,19653.0,600843,0.01245,0.00966,0.07647,-0.24614,-0.32844,-0.45127,7.238,6.83905,7.64452,8.62569,11.38065
2012-02-10,7.31,7.48,7.49,7.17,20623.0,600843,0.02186,0.02889,0.17425,-0.22647,-0.31565,-0.44221,7.28,6.8919,7.60919,8.59764,11.35654
2012-02-13,7.39,7.62,7.76,7.34,29534.0,600843,0.01872,0.04814,0.19811,-0.19365,-0.31041,-0.42664,7.35,6.9519,7.57968,8.56976,11.3335
2012-02-14,7.63,7.47,7.63,7.4,15286.0,600843,-0.01969,0.05211,0.125,-0.2178,-0.30897,-0.43409,7.424,6.99143,7.54613,8.5426,11.3102
2012-02-15,7.43,7.69,7.73,7.31,26980.0,600843,0.02945,0.06362,0.1033,-0.19138,-0.20966,-0.41118,7.516,7.02571,7.51677,8.52602,11.28837
2012-02-16,7.65,7.64,7.73,7.51,17265.0,600843,-0.0065,0.04372,0.09928,-0.19324,-0.19409,-0.43491,7.58,7.05857,7.48726,8.51106,11.26447
2012-02-17,7.67,7.59,7.7,7.46,9951.0,600843,-0.00654,0.01471,0.1,-0.22551,-0.20772,-0.47619,7.602,7.09143,7.45161,8.49488,11.23642
2012-02-20,7.74,7.54,7.74,7.53,12075.0,600843,-0.00659,-0.0105,0.15644,-0.22904,-0.22268,-0.51071,7.586,7.14,7.41548,8.47732,11.20443
2012-02-21,7.53,7.55,7.57,7.33,13570.0,600843,0.00133,0.01071,0.23366,-0.20443,-0.23428,-0.50427,7.602,7.2081,7.38419,8.45854,11.17321
2012-02-22,7.56,7.72,7.72,7.46,21416.0,600843,0.02252,0.0039,0.18043,-0.18393,-0.2409,-0.50386,7.608,7.26429,7.35613,8.43862,11.14134
2012-02-23,7.69,7.8,7.82,7.6,17485.0,600843,0.01036,0.02094,0.2037,-0.13907,-0.21608,-0.52641,7.64,7.32714,7.33581,8.42114,11.1061
2012-02-24,7.74,7.8,7.84,7.72,19460.0,600843,0.0,0.02767,0.2,-0.1438,-0.23228,-0.50974,7.682,7.38905,7.31468,8.40195,11.07313
2012-02-27,7.83,7.97,8.29,7.76,42105.0,600843,0.02179,0.05703,0.1949,-0.12031,-0.20538,-0.49589,7.768,7.45095,7.2971,8.3852,11.04126
2012-02-28,7.93,7.85,7.93,7.76,20169.0,600843,-0.01506,0.03974,0.18223,-0.14301,-0.20787,-0.48082,7.828,7.50857,7.27597,8.36846,11.01171
2012-02-29,7.78,7.61,7.83,7.55,15715.0,600843,-0.03057,-0.01425,0.04247,-0.19214,-0.24653,-0.50131,7.806,7.52333,7.24677,8.34821,10.98061
2012-03-01,7.58,7.62,7.77,7.58,11475.0,600843,0.00131,-0.02308,0.0554,-0.15521,-0.25948,-0.50807,7.77,7.54238,7.22419,8.3265,10.94862
2012-03-02,7.6,7.78,7.79,7.6,12875.0,600843,0.021,-0.00256,0.0731,-0.10575,-0.24758,-0.4925,7.766,7.56762,7.20935,8.30569,10.91793
2012-03-05,7.8,7.77,7.87,7.73,16268.0,600843,-0.00129,-0.02509,0.06878,-0.11403,-0.25929,-0.49774,7.726,7.59143,7.19323,8.28358,10.88663
2012-03-06,7.76,7.65,7.79,7.57,11406.0,600843,-0.01544,-0.02548,0.05227,-0.06135,-0.2735,-0.5149,7.686,7.60952,7.18516,8.26016,10.85362
2012-03-07,7.57,7.56,7.69,7.49,11037.0,600843,-0.01176,-0.00657,0.06479,-0.08916,-0.28746,-0.53043,7.676,7.63143,7.17323,8.23537,10.8189
2012-03-08,7.57,7.77,7.87,7.57,18118.0,600843,0.02778,0.01969,0.07469,-0.03117,-0.2642,-0.53996,7.706,7.65714,7.16919,8.21268,10.78183
2012-03-09,7.8,7.94,7.98,7.78,24103.0,600843,0.02188,0.02057,0.0847,0.03117,-0.2358,-0.52738,7.738,7.68667,7.17306,8.19276,10.74581
2012-03-12,7.9,8.06,8.07,7.9,23492.0,600843,0.01511,0.03732,0.07754,0.04404,-0.20277,-0.51708,7.796,7.71429,7.17855,8.1761,10.71073
2012-03-13,8.0,8.25,8.26,8.0,24199.0,600843,0.02357,0.07843,0.08268,0.07004,-0.23398,-0.49756,7.916,7.74429,7.18726,8.15561,10.67752
2012-03-14,8.25,7.8,8.46,7.53,35059.0,600843,-0.05455,0.03175,0.04418,0.0143,-0.21529,-0.54783,7.964,7.76,7.18903,8.13821,10.63911
2012-03-15,7.8,7.57,7.86,7.43,17720.0,600843,-0.02949,-0.02574,-0.0156,0.00799,-0.20567,-0.5609,7.924,7.75429,7.19,8.12228,10.5998
2012-03-16,7.53,7.71,7.72,7.45,14862.0,600843,0.01849,-0.02897,0.00916,0.02937,-0.20842,-0.54379,7.878,7.75762,7.19355,8.10577,10.56244
2012-03-19,7.73,7.98,8.03,7.65,15997.0,600843,0.03502,-0.00993,0.05138,0.10833,-0.17306,-0.52976,7.862,7.77619,7.20613,8.0922,10.52589
2012-03-20,7.96,8.05,8.27,7.67,38002.0,600843,0.00877,-0.02424,0.06764,0.17006,-0.17436,-0.50974,7.822,7.80048,7.225,8.07837,10.49187
2012-03-21,8.06,8.05,8.18,7.88,29617.0,600843,0.0,0.03205,0.06623,0.21418,-0.15084,-0.50093,7.872,7.82429,7.2479,8.06675,10.45902
2012-03-22,7.98,7.9,8.09,7.82,18428.0,600843,-0.01863,0.04359,0.02332,0.19516,-0.18557,-0.49617,7.938,7.83286,7.26871,8.05211,10.4274
2012-03-23,7.88,8.44,8.69,7.81,102687.0,600843,0.06835,0.09468,0.08205,0.26727,-0.13258,-0.47545,8.084,7.86333,7.29742,8.04163,10.3963
2012-03-26,8.37,9.25,9.28,8.24,135352.0,600843,0.09597,0.15915,0.1859,0.38889,-0.01175,-0.42866,8.338,7.93238,7.33919,8.04073,10.36809
2012-03-27,9.15,9.09,9.28,8.86,82678.0,600843,-0.0173,0.12919,0.14053,0.39417,-0.05901,-0.4283,8.546,7.98571,7.38065,8.0361,10.34041
2012-03-28,9.04,8.63,9.04,8.31,64276.0,600843,-0.05061,0.07205,0.09936,0.30758,-0.12029,-0.4663,8.662,8.02286,7.41339,8.0265,10.30976
2012-03-29,8.52,9.49,9.49,8.37,145753.0,600843,0.09965,0.20127,0.24704,0.40177,0.0,-0.4142,8.98,8.11238,7.45726,8.0265,10.28248
2012-03-30,9.49,9.21,9.68,9.2,114264.0,600843,-0.0295,0.09123,0.20866,0.3685,-0.0118,-0.44451,9.134,8.1881,7.49726,8.02561,10.25252
2012-04-05,9.0,9.49,9.65,8.72,100191.0,600843,0.0304,0.02595,0.21979,0.4101,0.04171,-0.4142,9.182,8.26952,7.54177,8.0287,10.22524
2012-04-06,9.27,9.28,9.68,9.15,76027.0,600843,-0.02213,0.0209,0.19434,0.35673,0.00651,-0.39779,9.22,8.34143,7.58113,8.02919,10.20033
2012-04-09,9.18,9.06,9.39,9.04,42091.0,600843,-0.02371,0.04983,0.18431,0.30172,-0.012,-0.40159,9.306,8.40857,7.615,8.02829,10.17561
2012-04-10,8.95,9.0,9.05,8.39,67880.0,600843,-0.00662,-0.05163,0.19048,0.2894,0.02506,-0.40476,9.208,8.47714,7.64758,8.03008,10.15073
2012-04-11,8.75,8.96,9.05,8.65,51477.0,600843,-0.00444,-0.02714,0.15315,0.31765,0.024,-0.43683,9.158,8.53381,7.68242,8.03179,10.12248
2012-04-12,8.89,9.25,9.37,8.7,77473.0,600843,0.03237,-0.02529,0.16499,0.45212,0.0706,-0.41381,9.11,8.59619,7.72887,8.03675,10.09593
2012-04-13,9.15,9.37,9.7,9.03,94489.0,600843,0.01297,0.0097,0.16253,0.47327,0.08575,-0.40583,9.128,8.65857,7.77742,8.04276,10.06992
2012-04-16,9.18,9.77,9.97,9.11,86096.0,600843,0.04269,0.07837,0.18424,0.47139,0.09775,-0.38476,9.27,8.73095,7.8279,8.04984,10.04508
2012-04-17,9.69,9.28,9.95,9.26,65904.0,600843,-0.05015,0.03111,0.18974,0.33142,0.02428,-0.4134,9.326,8.80143,7.86516,8.05163,10.0185
2012-04-18,9.28,9.36,9.5,9.03,51784.0,600843,0.00862,0.04464,0.23646,0.34676,0.0354,-0.42043,9.406,8.88667,7.90403,8.05423,9.99089
2012-04-19,9.38,9.27,9.49,9.06,39029.0,600843,-0.00962,0.00216,0.20233,0.34348,0.02205,-0.41954,9.41,8.96095,7.94226,8.05585,9.96366
2012-04-20,9.24,9.44,9.73,9.11,66010.0,600843,0.01834,0.00747,0.18296,0.44785,0.04889,-0.39681,9.424,9.03048,7.98935,8.05943,9.93841
2012-04-23,9.41,9.71,9.9,9.36,91349.0,600843,0.0286,-0.00614,0.20621,0.5866,0.08129,-0.37677,9.412,9.10952,8.04726,8.06537,9.91455
2012-04-24,9.68,10.61,10.68,9.55,196381.0,600843,0.09269,0.14332,0.31801,0.62232,0.20431,-0.33438,9.678,9.23143,8.1129,8.08,9.89289
2012-04-25,10.45,10.59,10.79,10.18,130145.0,600843,-0.00189,0.13141,0.34051,0.63426,0.19661,-0.31765,9.924,9.35952,8.17919,8.09415,9.87285
2012-04-26,10.43,10.21,10.63,10.11,66832.0,600843,-0.03588,0.1014,0.20972,0.57077,0.15107,-0.35624,10.112,9.44381,8.23903,8.10504,9.84988
2012-04-27,10.2,9.9,10.29,9.81,49071.0,600843,-0.03036,0.04873,0.07027,0.48426,0.09513,-0.37657,10.204,9.47476,8.29113,8.11203,9.82557
2012-05-02,10.11,10.26,10.28,9.85,56430.0,600843,0.03636,0.05664,0.12871,0.54518,0.13621,-0.386,10.314,9.53048,8.34952,8.12203,9.79935
2012-05-03,10.16,9.8,10.25,9.72,63627.0,600843,-0.04483,-0.07634,0.13557,0.34247,0.06406,-0.40171,10.152,9.58619,8.38984,8.12683,9.7726
2012-05-04,9.8,9.79,9.97,9.64,42294.0,600843,-0.00102,-0.07554,0.03161,0.35596,0.05156,-0.37643,9.992,9.60048,8.43129,8.13073,9.74858
2012-05-07,9.82,10.09,10.1,9.72,43915.0,600843,0.03064,-0.01175,0.09555,0.39172,0.09199,-0.33836,9.968,9.64238,8.4771,8.13764,9.7276
2012-05-08,10.09,9.95,10.17,9.86,35458.0,600843,-0.01388,0.00505,0.04847,0.36864,0.07918,-0.29483,9.978,9.66429,8.52032,8.14358,9.71069
2012-05-09,9.89,9.14,9.89,9.1,75052.0,600843,-0.08141,-0.10916,-0.01509,0.25722,-0.01615,-0.34668,9.754,9.65762,8.55048,8.14236,9.69098
2012-05-10,9.14,9.04,9.14,8.85,50333.0,600843,-0.01094,-0.07755,-0.00221,0.27324,-0.03419,-0.36293,9.602,9.65667,8.58177,8.13976,9.67004
2012-05-11,9.04,9.16,9.26,8.98,36630.0,600843,0.01327,-0.06435,0.01778,0.26694,-0.05664,-0.34571,9.476,9.66429,8.6129,8.13528,9.65037
2012-05-14,9.25,9.24,9.3,8.99,37598.0,600843,0.00873,-0.08424,0.03125,0.2623,-0.04447,-0.34094,9.306,9.67762,8.64387,8.13179,9.63093
2012-05-15,9.23,9.04,9.23,8.75,38577.0,600843,-0.02165,-0.09146,-0.0227,0.20856,-0.04339,-0.36068,9.124,9.66762,8.66903,8.12846,9.6102
2012-05-16,8.98,8.69,9.13,8.66,29074.0,600843,-0.03872,-0.04923,-0.07257,0.14042,-0.09005,-0.38105,9.034,9.63524,8.68629,8.12146,9.58846
2012-05-17,8.72,8.86,8.9,8.45,39189.0,600843,0.01956,-0.01991,-0.09314,0.18608,-0.06835,-0.37825,8.998,9.5919,8.70871,8.11618,9.56654
2012-05-18,8.7,8.36,8.8,8.23,31053.0,600843,-0.05643,-0.08734,-0.09914,0.08713,-0.11721,-0.44267,8.838,9.5481,8.71952,8.10715,9.53955
2012-05-21,8.41,8.27,8.43,8.1,25512.0,600843,-0.01077,-0.10498,-0.11645,0.08246,-0.15612,-0.44645,8.644,9.49619,8.72968,8.09472,9.51244
2012-05-22,8.32,8.44,8.48,8.28,18254.0,600843,0.02056,-0.06637,-0.08954,0.11199,-0.13701,-0.42389,8.524,9.45667,8.74339,8.08382,9.4872
2012-05-23,8.38,8.35,8.55,8.18,20189.0,600843,-0.01066,-0.03913,-0.11547,0.10743,-0.12013,-0.41404,8.456,9.40476,8.75645,8.07455,9.46321
2012-05-24,8.35,8.37,8.47,8.27,18808.0,600843,0.0024,-0.0553,-0.138,0.10861,-0.11522,-0.40848,8.358,9.34095,8.76968,8.06569,9.43972
2012-05-25,8.37,8.55,8.59,8.24,34360.0,600843,0.02151,0.02273,-0.19416,0.10751,-0.05629,-0.4,8.396,9.24286,8.78306,8.06154,9.41654
2012-05-28,8.52,8.82,8.86,8.46,38889.0,600843,0.03158,0.06651,-0.16714,0.13077,-0.03183,-0.35099,8.506,9.15857,8.79952,8.05919,9.39715
2012-05-29,8.82,8.75,8.84,8.61,31820.0,600843,-0.00794,0.03673,-0.143,0.12179,-0.03422,-0.32171,8.568,9.08905,8.81484,8.05667,9.38028
2012-05-30,8.76,8.64,8.83,8.62,21029.0,600843,-0.01257,0.03473,-0.12727,0.08407,-0.05677,-0.31155,8.626,9.02905,8.82565,8.05244,9.36439
2012-05-31,8.61,8.41,8.63,8.38,27538.0,600843,-0.02662,0.00478,-0.18031,0.07134,-0.10722,-0.34399,8.634,8.94095,8.83468,8.04423,9.34646
2012-06-01,8.42,8.42,8.53,8.33,14275.0,600843,0.00119,-0.0152,-0.14082,0.10644,-0.06652,-0.3538,8.608,8.87524,8.84774,8.03935,9.32772
2012-06-04,8.3,7.88,8.3,7.83,25219.0,600843,-0.06413,-0.10658,-0.1951,0.03412,-0.09425,-0.39431,8.42,8.78429,8.85194,8.03268,9.30687
2012-06-05,7.83,7.67,7.92,7.65,18018.0,600843,-0.02665,-0.12343,-0.23984,-0.01414,-0.12543,-0.41091,8.204,8.66905,8.85016,8.02374,9.28512
2012-06-06,7.76,7.78,7.8,7.55,12702.0,600843,0.01434,-0.09954,-0.21809,0.00129,-0.0454,-0.40565,8.032,8.56571,8.85032,8.02073,9.26354
2012-06-07,7.86,7.64,7.93,7.63,11081.0,600843,-0.01799,-0.09156,-0.16411,-0.00131,-0.07952,-0.4159,7.878,8.49429,8.85016,8.01537,9.24142
2012-06-08,7.78,7.7,7.85,7.61,13514.0,600843,0.00785,-0.08551,-0.14823,0.01852,-0.0399,-0.42751,7.734,8.43048,8.85242,8.01276,9.21805
2012-06-11,7.7,8.11,8.13,7.0,36194.0,600843,0.05325,0.02919,-0.11463,0.04376,0.05325,-0.39568,7.78,8.38048,8.8579,8.0161,9.19646
2012-06-12,8.0,8.0,8.26,7.97,28732.0,600843,-0.01356,0.04302,-0.1342,0.00756,0.03627,-0.3921,7.846,8.32143,8.85887,8.01837,9.17549
2012-06-13,8.14,8.06,8.14,7.89,21296.0,600843,0.0075,0.03599,-0.10841,0.0,0.0454,-0.37761,7.902,8.27476,8.85887,8.02122,9.15561
2012-06-14,8.02,7.88,8.04,7.85,11444.0,600843,-0.02233,0.03141,-0.09321,-0.04485,0.02471,-0.38293,7.95,8.23619,8.8529,8.02276,9.13573
2012-06-15,7.88,7.79,7.98,7.7,14906.0,600843,-0.01142,0.01169,-0.12077,-0.00128,0.03728,-0.38175,7.968,8.18524,8.85274,8.02504,9.11618
2012-06-18,7.8,7.8,7.92,7.75,10791.0,600843,0.00128,-0.03822,-0.06699,0.03038,0.04139,-0.374,7.906,8.15857,8.85645,8.02756,9.09724
2012-06-19,7.8,7.65,7.8,7.63,13436.0,600843,-0.01923,-0.04375,-0.07497,-0.00778,0.0625,-0.39669,7.836,8.12905,8.85548,8.03122,9.07679
2012-06-20,7.68,7.55,7.71,7.42,12655.0,600843,-0.01307,-0.06328,-0.10545,-0.05388,0.09738,-0.39503,7.734,8.08667,8.84855,8.03667,9.05675
2012-06-21,7.5,7.36,7.62,7.33,14300.0,600843,-0.02517,-0.06599,-0.11856,-0.08571,0.11011,-0.39771,7.63,8.03952,8.83742,8.0426,9.03699
2012-06-25,7.31,7.24,7.43,7.2,9447.0,600843,-0.0163,-0.0706,-0.13501,-0.10062,0.09531,-0.39817,7.52,7.98571,8.82435,8.04772,9.01752
2012-06-26,7.21,7.3,7.38,7.11,10061.0,600843,0.00829,-0.0641,-0.1462,-0.07595,0.0961,-0.375,7.42,7.92619,8.81468,8.05293,8.99972
2012-06-27,7.31,7.26,7.44,7.22,9462.0,600843,-0.00548,-0.05098,-0.17687,-0.13981,0.09009,-0.3837,7.342,7.8519,8.79565,8.0578,8.98134
2012-06-28,7.3,7.14,7.35,7.04,9383.0,600843,-0.01653,-0.0543,-0.184,-0.22811,0.09509,-0.39182,7.26,7.77524,8.76161,8.06285,8.96264
2012-07-02,7.29,7.3,7.39,7.2,12601.0,600843,0.02241,-0.00815,-0.15509,-0.19692,0.10606,-0.38655,7.248,7.71143,8.73274,8.06854,8.94394
2012-07-03,7.38,7.35,7.39,7.26,9791.0,600843,0.00685,0.01519,-0.12604,-0.14832,0.08567,-0.39556,7.27,7.66095,8.7121,8.07325,8.92439
2012-07-04,7.35,7.15,7.35,7.1,11726.0,600843,-0.02721,-0.02055,-0.15083,-0.24658,0.06241,-0.4168,7.24,7.60048,8.67435,8.07667,8.90362
2012-07-05,7.15,6.8,7.17,6.65,18215.0,600843,-0.04895,-0.06336,-0.13706,-0.26167,0.0104,-0.43894,7.148,7.54905,8.63548,8.07724,8.88199
2012-07-06,6.85,7.05,7.06,6.64,21604.0,600843,0.03676,-0.01261,-0.08083,-0.25711,0.0307,-0.40657,7.13,7.51952,8.59613,8.07894,8.86236
2012-07-09,6.96,7.12,7.3,6.96,23274.0,600843,0.00993,-0.02466,-0.08483,-0.23276,0.02299,-0.41108,7.094,7.4881,8.56129,8.08024,8.84215
2012-07-10,7.03,7.13,7.27,7.03,21237.0,600843,0.0014,-0.02993,-0.06675,-0.21302,0.02149,-0.41026,7.05,7.46381,8.53016,8.08146,8.82199
2012-07-11,7.12,7.49,7.54,7.05,37745.0,600843,0.05049,0.04755,-0.02727,-0.16778,0.10147,-0.39499,7.118,7.45381,8.50581,8.08707,8.80211
2012-07-12,7.46,7.46,7.61,7.35,46151.0,600843,-0.00401,0.09706,-0.08015,-0.16741,0.17111,-0.4051,7.25,7.42286,8.48161,8.09593,8.78146
2012-07-13,7.36,7.39,7.53,7.33,14837.0,600843,-0.00938,0.04823,-0.07625,-0.20108,0.16195,-0.41069,7.318,7.39381,8.45161,8.10431,8.76053
2012-07-16,7.33,7.21,7.44,6.86,28954.0,600843,-0.02436,0.01264,-0.10546,-0.23052,0.08584,-0.42412,7.336,7.35333,8.41677,8.10894,8.73894
2012-07-17,7.18,7.45,7.69,7.07,47636.0,600843,0.03329,0.04488,-0.05457,-0.23746,0.06887,-0.41107,7.4,7.33286,8.37935,8.11285,8.7178
2012-07-18,7.4,7.66,7.71,7.36,29488.0,600843,0.02819,0.0227,-0.01669,-0.17457,0.10216,-0.38915,7.434,7.32667,8.35323,8.11862,8.69797
2012-07-19,7.66,7.83,8.09,7.61,87801.0,600843,0.02219,0.0496,0.00385,-0.16346,0.13478,-0.36029,7.508,7.3281,8.32855,8.12618,8.68004
2012-07-20,7.7,7.49,7.8,7.46,36153.0,600843,-0.04342,0.01353,-0.02092,-0.19202,0.14877,-0.41163,7.528,7.32048,8.29984,8.13407,8.65874
2012-07-23,7.49,7.28,7.49,7.13,19877.0,600843,-0.02804,0.00971,-0.03576,-0.22881,0.18954,-0.4213,7.542,7.30762,8.265,8.1435,8.6372
2012-07-24,7.13,7.27,7.3,7.13,17313.0,600843,-0.00137,-0.02416,-0.01223,-0.25129,0.11162,-0.43643,7.506,7.30333,8.22565,8.14943,8.61431
2012-07-25,7.18,7.01,7.24,6.96,17664.0,600843,-0.03576,-0.08486,-0.03177,-0.3393,0.08179,-0.45063,7.376,7.29238,8.16758,8.15374,8.59093
2012-07-26,7.0,6.88,7.06,6.85,13196.0,600843,-0.01854,-0.12133,-0.05753,-0.35033,0.05846,-0.44695,7.186,7.27238,8.10774,8.15683,8.56833
2012-07-27,6.94,6.84,6.95,6.83,8751.0,600843,-0.00581,-0.08678,-0.05785,-0.33007,0.02549,-0.44209,7.056,7.25238,8.05339,8.15821,8.5463
2012-07-30,6.84,6.67,6.91,6.66,8444.0,600843,-0.02485,-0.08379,-0.06583,-0.32626,0.00452,-0.44601,6.934,7.23,8.00129,8.15846,8.52447
2012-07-31,6.65,6.68,6.8,6.52,9588.0,600843,0.0015,-0.08116,-0.08493,-0.34893,-0.08493,-0.4461,6.816,7.20048,7.94355,8.15341,8.5026
2012-08-01,6.68,6.77,6.84,6.52,7691.0,600843,0.01347,-0.03424,-0.07891,-0.30918,-0.06233,-0.40352,6.768,7.17286,7.89468,8.14976,8.48398
2012-08-02,6.76,6.61,6.76,6.58,6261.0,600843,-0.02363,-0.03924,-0.07552,-0.32482,-0.08828,-0.41813,6.714,7.14714,7.84339,8.14455,8.46467
2012-08-03,6.66,6.77,6.8,6.6,7596.0,600843,0.02421,-0.01023,-0.00441,-0.32904,-0.06878,-0.41028,6.7,7.14571,7.78984,8.14049,8.44553
2012-08-06,6.7,6.9,6.94,6.7,10307.0,600843,0.0192,0.03448,-0.02128,-0.30653,-0.05089,-0.38938,6.746,7.13857,7.74065,8.13748,8.42764
2012-08-07,6.88,7.03,7.03,6.83,14511.0,600843,0.01884,0.0524,-0.01264,-0.23085,-0.00986,-0.35974,6.816,7.13429,7.70661,8.13691,8.41159
2012-08-08,7.0,6.94,7.04,6.89,9876.0,600843,-0.0128,0.02511,-0.02665,-0.2323,-0.04011,-0.37477,6.85,7.12524,7.67274,8.13455,8.39467
2012-08-09,6.92,6.98,7.02,6.83,11667.0,600843,0.00576,0.05598,-0.06809,-0.23799,-0.04645,-0.35963,6.924,7.10095,7.63758,8.13179,8.37874
2012-08-10,6.98,6.97,7.04,6.92,9928.0,600843,-0.00143,0.02954,-0.06568,-0.24567,-0.06818,-0.36231,6.964,7.07762,7.60097,8.12764,8.36264
2012-08-13,6.84,6.94,6.98,6.77,18601.0,600843,-0.0043,0.0058,-0.06089,-0.2323,-0.08924,-0.37195,6.972,7.05619,7.5671,8.12211,8.34593
2012-08-14,6.94,7.63,7.63,6.85,72513.0,600843,0.09942,0.08535,0.05825,-0.12198,0.02142,-0.29417,7.092,7.07619,7.55,8.12341,8.33301
2012-08-15,8.15,7.46,8.15,7.42,81017.0,600843,-0.02228,0.07493,0.00134,-0.15801,-0.02991,-0.2333,7.196,7.07667,7.52742,8.12154,8.32378
2012-08-16,7.3,7.57,7.68,7.19,61297.0,600843,0.01475,0.08453,-0.01175,-0.0945,-0.00916,-0.20148,7.314,7.07238,7.51468,8.12098,8.31602
2012-08-17,7.45,7.53,7.7,7.32,37878.0,600843,-0.00528,0.08034,-0.03831,-0.08948,-0.00791,-0.21399,7.426,7.0581,7.50274,8.12049,8.30768
2012-08-20,7.5,7.46,7.53,7.27,30022.0,600843,-0.0093,0.07493,-0.00401,-0.11611,-0.01061,-0.23093,7.53,7.05667,7.48694,8.11984,8.29858
2012-08-21,7.44,7.48,7.72,7.34,31743.0,600843,0.00268,-0.01966,0.02747,-0.10419,-0.00927,-0.24138,7.5,7.06619,7.4729,8.11927,8.2889
2012-08-22,7.45,7.26,7.45,7.23,23521.0,600843,-0.02941,-0.02681,-0.00138,-0.13262,-0.05959,-0.28614,7.46,7.06571,7.455,8.11553,8.27707
2012-08-23,7.28,7.18,7.28,7.14,16569.0,600843,-0.01102,-0.05152,0.02425,-0.16023,-0.07949,-0.27839,7.382,7.07381,7.4329,8.11049,8.26581
2012-08-24,7.19,6.95,7.2,6.95,15170.0,600843,-0.03203,-0.07703,0.01017,-0.21202,-0.10897,-0.31594,7.266,7.07714,7.40274,8.10358,8.25276
2012-08-27,6.98,6.73,6.98,6.71,9703.0,600843,-0.03165,-0.09786,-0.01608,-0.23086,-0.15558,-0.32901,7.12,7.0719,7.37016,8.0935,8.23935
2012-08-28,6.68,6.82,6.95,6.68,7704.0,600843,0.01337,-0.08824,0.02249,-0.21065,-0.13121,-0.31181,6.988,7.07905,7.34081,8.08512,8.22679
2012-08-29,6.82,6.8,6.89,6.74,10034.0,600843,-0.00293,-0.06336,0.01796,-0.19144,-0.10644,-0.32673,6.896,7.08476,7.31484,8.07854,8.21337
2012-08-30,6.78,6.72,6.86,6.62,12983.0,600843,-0.01176,-0.06407,-0.00739,-0.2019,-0.11811,-0.34694,6.804,7.08238,7.28742,8.07122,8.19886
2012-08-31,6.7,6.79,6.86,6.7,5312.0,600843,0.01042,-0.02302,0.02723,-0.13832,-0.12725,-0.34333,6.772,7.09095,7.26984,8.06317,8.18443
2012-09-03,6.76,6.87,6.89,6.61,7095.0,600843,0.01178,0.0208,0.01477,-0.1043,-0.11583,-0.34509,6.8,7.09571,7.25694,8.05585,8.16972
2012-09-04,6.83,6.84,7.0,6.83,8444.0,600843,-0.00437,0.00293,-0.0087,-0.12082,-0.10588,-0.35043,6.804,7.09286,7.24177,8.04927,8.15472
2012-09-05,6.8,6.84,6.88,6.75,5825.0,600843,0.0,0.00588,-0.02703,-0.10471,-0.09524,-0.35533,6.812,7.08381,7.22887,8.04341,8.13939
2012-09-06,6.76,6.94,6.95,6.76,9094.0,600843,0.01462,0.03274,0.0,-0.0987,-0.10682,-0.3428,6.856,7.08381,7.21661,8.03667,8.12467
2012-09-07,6.98,7.17,7.24,6.93,23555.0,600843,0.03314,0.05596,0.02722,-0.11591,-0.09698,-0.30991,6.932,7.09286,7.20145,8.03041,8.11159
2012-09-10,7.17,7.28,7.47,7.13,19893.0,600843,0.01534,0.05968,0.04448,-0.09,-0.09677,-0.27992,7.014,7.10762,7.18984,8.02407,8.10008
2012-09-11,7.29,7.21,7.29,7.1,19034.0,600843,-0.00962,0.05409,0.0389,-0.10546,-0.12606,-0.33055,7.088,7.12048,7.17613,8.01561,8.08561
2012-09-12,7.22,7.26,7.28,7.16,15315.0,600843,0.00693,0.0614,-0.04849,-0.07868,-0.06923,-0.26962,7.172,7.10286,7.16613,8.01122,8.07472
2012-09-13,7.21,7.16,7.35,7.07,13720.0,600843,-0.01377,0.0317,-0.04021,-0.08087,-0.05416,-0.24869,7.216,7.08857,7.15597,8.00789,8.06508
2012-09-14,7.18,7.23,7.26,7.12,16152.0,600843,0.00978,0.00837,-0.04491,-0.07308,-0.06226,-0.2577,7.228,7.07238,7.14677,8.00398,8.05488
2012-09-17,7.21,6.95,7.28,6.94,13874.0,600843,-0.03873,-0.04533,-0.07703,-0.0915,-0.12907,-0.27979,7.162,7.04476,7.13548,7.99561,8.0439
2012-09-18,6.9,6.92,7.0,6.83,7368.0,600843,-0.00432,-0.04022,-0.07239,-0.08344,-0.14037,-0.29026,7.104,7.01905,7.12532,7.98642,8.0324
2012-09-19,6.92,7.0,7.08,6.92,10431.0,600843,0.01156,-0.03581,-0.06417,-0.04891,-0.13043,-0.2616,7.052,6.99619,7.11952,7.97789,8.02232
2012-09-20,7.01,6.75,7.07,6.7,13477.0,600843,-0.03571,-0.05726,-0.07025,-0.06768,-0.14557,-0.30412,6.97,6.9719,7.11161,7.96854,8.01033
2012-09-21,6.88,6.81,7.06,6.77,16282.0,600843,0.00889,-0.05809,-0.05153,-0.06712,-0.19313,-0.3001,6.886,6.95429,7.10371,7.95528,7.99846
2012-09-24,6.76,6.95,6.97,6.66,11257.0,600843,0.02056,0.0,0.0,-0.0427,-0.24865,-0.25748,6.886,6.95429,7.09871,7.93659,7.98866
2012-09-25,6.91,6.96,7.06,6.83,7604.0,600843,0.00144,0.00578,0.03418,-0.02521,-0.23432,-0.2795,6.894,6.96524,7.09581,7.91927,7.97768
2012-09-26,6.88,6.72,6.99,6.67,7281.0,600843,-0.03448,-0.04,-0.01466,-0.07945,-0.22132,-0.31498,6.838,6.96048,7.08645,7.90374,7.96512
2012-09-27,6.84,6.81,6.9,6.7,10458.0,600843,0.01339,0.00889,0.00147,-0.07347,-0.2824,-0.2824,6.85,6.96095,7.07774,7.88195,7.95423
2012-09-28,6.76,6.94,6.95,6.73,8719.0,600843,0.01909,0.01909,0.03274,-0.02937,-0.24647,-0.25536,6.876,6.97143,7.07435,7.8635,7.94455
2012-10-08,6.98,6.88,6.98,6.84,5198.0,600843,-0.00865,-0.01007,0.01325,0.01176,-0.27503,-0.24479,6.862,6.97571,7.07565,7.84228,7.93549
2012-10-09,6.99,7.1,7.1,6.88,11150.0,600843,0.03198,0.02011,0.03348,0.00709,-0.23491,-0.22993,6.89,6.98667,7.07645,7.82455,7.92687
2012-10-10,7.1,7.13,7.15,7.02,8868.0,600843,0.00423,0.06101,0.0424,0.0014,-0.21302,-0.22246,6.972,7.00048,7.07661,7.80886,7.91858
2012-10-11,7.14,7.05,7.29,7.04,14147.0,600843,-0.01122,0.03524,0.0307,-0.01122,-0.21667,-0.19704,7.02,7.01048,7.07532,7.79301,7.91154
2012-10-12,7.05,7.05,7.16,7.0,12748.0,600843,0.0,0.01585,0.01585,-0.05874,-0.21317,-0.19429,7.042,7.01571,7.06823,7.77748,7.90463
2012-10-15,7.05,6.89,7.05,6.82,7913.0,600843,-0.0227,0.00145,-0.03905,-0.07641,-0.25514,-0.20255,7.044,7.00238,7.05903,7.75829,7.89752
2012-10-16,6.9,6.93,7.08,6.86,5764.0,600843,0.00581,-0.02394,-0.04808,-0.06225,-0.26041,-0.19699,7.01,6.98571,7.05161,7.73846,7.89061
2012-10-17,6.95,6.99,7.05,6.88,7134.0,600843,0.00866,-0.01964,-0.03051,-0.03051,-0.28454,-0.21461,6.982,6.97524,7.04806,7.71585,7.88285
2012-10-18,6.99,7.08,7.13,6.94,10666.0,600843,0.01288,0.00426,-0.02479,-0.04966,-0.23707,-0.21854,6.988,6.96667,7.0421,7.69797,7.8748
2012-10-19,7.05,7.33,7.74,7.05,51079.0,600843,0.03531,0.03972,0.02374,-0.04308,-0.21688,-0.18916,7.044,6.97476,7.03677,7.68146,7.86785
2012-10-22,7.26,7.31,7.32,7.12,16998.0,600843,-0.00273,0.06096,0.01107,-0.06641,-0.21143,-0.19405,7.128,6.97857,7.02839,7.66553,7.86069
2012-10-23,7.28,7.24,7.39,7.23,11918.0,600843,-0.00958,0.04473,0.04173,-0.03338,-0.23305,-0.19556,7.19,6.99238,7.02435,7.64764,7.85354
2012-10-24,7.21,7.16,7.21,7.11,9493.0,600843,-0.01105,0.02432,0.03468,-0.01648,-0.26262,-0.20267,7.224,7.00381,7.02242,7.62691,7.84614
2012-10-25,7.16,7.21,7.28,7.11,8938.0,600843,0.00698,0.01836,0.03,-0.00825,-0.32045,-0.18161,7.25,7.01381,7.02145,7.59927,7.83963
2012-10-26,7.2,7.29,7.38,7.13,20758.0,600843,0.0111,-0.00546,0.08,0.03994,-0.31161,-0.17627,7.242,7.03952,7.02597,7.57244,7.83329
2012-10-29,7.29,7.45,7.46,7.18,21520.0,600843,0.02195,0.01915,0.09398,0.08285,-0.27032,-0.16009,7.27,7.07,7.03516,7.55,7.82752
2012-10-30,7.45,7.38,7.45,7.31,12120.0,600843,-0.0094,0.01934,0.06187,0.07895,-0.25455,-0.18363,7.298,7.09048,7.04387,7.52951,7.82077
2012-10-31,7.34,7.05,7.38,6.91,18217.0,600843,-0.04472,-0.01536,0.01293,0.05697,-0.31287,-0.21927,7.276,7.09476,7.05,7.50341,7.81272
2012-11-01,7.02,7.17,7.18,7.01,10512.0,600843,0.01702,-0.00555,0.06696,0.07335,-0.26837,-0.2215,7.268,7.11619,7.0579,7.48203,7.80443
2012-11-02,7.15,7.14,7.2,7.1,6652.0,600843,-0.00418,-0.02058,0.04846,0.05465,-0.27068,-0.23308,7.238,7.1319,7.06387,7.46049,7.79561
2012-11-05,7.12,7.13,7.17,7.04,6023.0,600843,-0.0014,-0.04295,0.02738,0.07867,-0.29336,-0.22835,7.174,7.14095,7.07226,7.43642,7.78703
2012-11-06,7.14,7.02,7.14,6.93,6797.0,600843,-0.01543,-0.04878,0.02035,0.03693,-0.29447,-0.23861,7.102,7.14762,7.07629,7.4126,7.77809
2012-11-07,7.0,6.93,7.04,6.9,7758.0,600843,-0.01282,-0.01702,-0.02394,0.00435,-0.24179,-0.25404,7.078,7.13952,7.07677,7.39463,7.7685
2012-11-08,6.91,6.7,6.91,6.69,13246.0,600843,-0.03319,-0.06555,-0.06031,-0.04694,-0.25885,-0.28419,6.984,7.11905,7.07145,7.37561,7.75768
2012-11-09,6.7,6.74,6.82,6.68,4292.0,600843,0.00597,-0.05602,-0.04397,-0.02882,-0.26419,-0.30587,6.904,7.10429,7.06823,7.35593,7.74561
2012-11-12,6.74,6.82,6.84,6.73,4490.0,600843,0.01187,-0.04348,-0.03262,-0.02292,-0.2619,-0.29473,6.842,7.09333,7.06565,7.33626,7.73402
2012-11-13,6.8,6.71,6.81,6.67,6998.0,600843,-0.01613,-0.04416,-0.02612,-0.0373,-0.25774,-0.28995,6.78,7.08476,7.06145,7.31732,7.72289
2012-11-14,6.75,6.71,6.75,6.55,3799.0,600843,0.0,-0.03175,-0.03175,-0.03314,-0.22785,-0.29738,6.736,7.07429,7.05774,7.30122,7.71134
2012-11-15,6.64,6.62,6.71,6.62,3828.0,600843,-0.01341,-0.01194,-0.05293,-0.13237,-0.25282,-0.30389,6.72,7.05667,7.04145,7.28301,7.69959
2012-11-16,6.6,6.64,6.73,6.57,3887.0,600843,0.00302,-0.01484,-0.06215,-0.10992,-0.20574,-0.29884,6.7,7.03571,7.02823,7.26902,7.68809
2012-11-19,6.6,6.68,6.68,6.6,5694.0,600843,0.00602,-0.02053,-0.08868,-0.11757,-0.19226,-0.31837,6.672,7.00476,7.01387,7.2561,7.67541
2012-11-20,6.68,6.71,6.74,6.68,4172.0,600843,0.00449,0.0,-0.08208,-0.1089,-0.20498,-0.31391,6.672,6.97619,7.00065,7.24203,7.66293
2012-11-21,6.68,6.76,6.83,6.63,4669.0,600843,0.00745,0.00745,-0.0663,-0.09383,-0.19042,-0.28767,6.682,6.95333,6.98935,7.22911,7.65183
2012-11-22,6.75,6.65,6.79,6.61,3251.0,600843,-0.01627,0.00453,-0.07123,-0.11096,-0.2055,-0.29704,6.688,6.92905,6.97597,7.21512,7.64041
2012-11-23,6.65,6.7,6.73,6.65,3417.0,600843,0.00752,0.00904,-0.07074,-0.07713,-0.21637,-0.26049,6.7,6.90476,6.96694,7.20008,7.63081
2012-11-26,6.7,6.68,6.73,6.64,3197.0,600843,-0.00299,0.0,-0.08368,-0.06964,-0.24263,-0.26674,6.7,6.87571,6.95887,7.18268,7.62093
2012-11-27,6.7,6.37,6.7,6.05,10608.0,600843,-0.04641,-0.05067,-0.14497,-0.08345,-0.272,-0.29691,6.632,6.82429,6.94952,7.16333,7.61
2012-11-28,6.31,6.11,6.35,6.07,6829.0,600843,-0.04082,-0.09615,-0.17209,-0.09212,-0.29282,-0.33297,6.502,6.76381,6.93952,7.14276,7.5976
2012-11-29,6.08,6.07,6.22,6.06,3523.0,600843,-0.00655,-0.08722,-0.13901,-0.10997,-0.27824,-0.35563,6.386,6.71714,6.92742,7.12374,7.58398
2012-11-30,6.22,6.15,6.26,6.06,2523.0,600843,0.01318,-0.08209,-0.14226,-0.09559,-0.2696,-0.31818,6.276,6.66857,6.91694,7.10528,7.57232
2012-12-03,6.22,5.95,6.22,5.82,5681.0,600843,-0.03252,-0.10928,-0.16667,-0.11458,-0.24492,-0.31609,6.13,6.6119,6.90452,7.08959,7.56114
2012-12-04,5.92,5.89,5.94,5.69,7087.0,600843,-0.01008,-0.07535,-0.17391,-0.13255,-0.23207,-0.32839,6.034,6.55286,6.89,7.07512,7.54943
2012-12-05,5.81,6.12,6.23,5.81,6720.0,600843,0.03905,0.00164,-0.12821,-0.10917,-0.21337,-0.24908,6.036,6.51,6.8779,7.06163,7.54118
2012-12-06,6.15,6.12,6.21,6.06,6093.0,600843,0.0,0.00824,-0.11688,-0.10526,-0.19895,-0.26265,6.046,6.47143,6.86629,7.04927,7.53232
2012-12-07,6.08,6.23,6.32,6.07,8151.0,600843,0.01797,0.01301,-0.07015,-0.08918,-0.19091,-0.22319,6.062,6.44905,6.85645,7.03732,7.52504
2012-12-10,6.2,6.35,6.36,6.2,8129.0,600843,0.01926,0.06723,-0.05786,-0.08501,-0.21702,-0.17532,6.142,6.43048,6.84694,7.02301,7.51955
2012-12-11,6.26,6.32,6.39,6.26,6590.0,600843,-0.00472,0.07301,-0.07331,-0.11855,-0.21,-0.18135,6.228,6.40667,6.83323,7.00935,7.51386
2012-12-12,6.32,6.2,6.35,6.11,12505.0,600843,-0.01899,0.01307,-0.07601,-0.14835,-0.23077,-0.19585,6.244,6.38238,6.81581,6.99423,7.50772
2012-12-13,6.14,6.11,6.23,6.11,6161.0,600843,-0.01452,-0.00163,-0.08942,-0.15257,-0.22462,-0.20546,6.242,6.35381,6.79806,6.97984,7.5013
2012-12-14,6.17,6.33,6.36,6.12,14212.0,600843,0.03601,0.01605,-0.04381,-0.1281,-0.18742,-0.15712,6.262,6.34,6.78306,6.96797,7.4965
2012-12-17,6.33,6.38,6.43,6.28,11780.0,600843,0.0079,0.00472,-0.03916,-0.10894,-0.18205,-0.1482,6.268,6.32762,6.77048,6.95642,7.49199
2012-12-18,6.38,6.43,6.56,6.32,13488.0,600843,0.00784,0.01741,-0.03743,-0.11065,-0.15948,-0.10694,6.29,6.31571,6.75758,6.9465,7.48886
2012-12-19,6.45,6.45,6.51,6.37,9282.0,600843,0.00311,0.04032,-0.03875,-0.07194,-0.1457,-0.0625,6.34,6.30333,6.74952,6.93756,7.48711
2012-12-20,6.39,6.35,6.43,6.32,9103.0,600843,-0.0155,0.03928,-0.06065,-0.08237,-0.13723,-0.04223,6.388,6.28381,6.74032,6.92935,7.48598
2012-12-21,6.39,6.38,6.5,6.34,8476.0,600843,0.00472,0.0079,-0.0406,-0.08857,-0.11878,-0.0348,6.398,6.27095,6.73032,6.92236,7.48504
2012-12-24,6.43,6.45,6.47,6.38,6103.0,600843,0.01097,0.01097,-0.03731,-0.04444,-0.11644,-0.03153,6.412,6.25905,6.72548,6.91545,7.48419
2012-12-25,6.4,6.55,6.65,6.25,15801.0,600843,0.0155,0.01866,-0.01946,-0.03818,-0.0978,-0.01652,6.436,6.25286,6.72129,6.90967,7.48374
2012-12-26,6.47,6.76,6.84,6.47,24910.0,600843,0.03206,0.04806,0.06122,-0.02734,-0.05322,0.03681,6.498,6.27143,6.71823,6.90659,7.48472
2012-12-27,6.75,6.63,6.8,6.62,14711.0,600843,-0.01923,0.04409,0.08511,-0.04741,-0.09178,0.00455,6.554,6.29619,6.7129,6.90114,7.48484
2012-12-28,6.61,6.78,6.81,6.44,18203.0,600843,0.02262,0.0627,0.11697,0.00893,-0.07755,0.00148,6.634,6.33,6.71387,6.8965,7.48488
2012-12-31,6.86,6.82,7.15,6.72,17037.0,600843,0.0059,0.05736,0.10894,0.00147,-0.04615,0.01337,6.708,6.3619,6.71403,6.89382,7.48524
2013-01-04,6.8,6.77,6.94,6.7,9298.0,600843,-0.00733,0.03359,0.13782,-0.0245,-0.00441,0.00594,6.752,6.40095,6.71129,6.89358,7.48541
2013-01-07,6.66,7.45,7.45,6.66,88921.0,600843,0.10044,0.10207,0.26486,0.08285,0.05674,0.08918,6.89,6.47524,6.72048,6.89683,7.48789
2013-02-18,8.2,7.83,8.2,7.81,116702.0,600843,0.05101,0.181,0.27941,0.10282,0.09972,0.125,7.13,6.55667,6.73226,6.9026,7.49142
2013-02-19,7.68,7.42,7.75,7.28,71627.0,600843,-0.05236,0.0944,0.21242,0.04067,0.04067,0.06304,7.258,6.61857,6.73694,6.90496,7.49321
2013-02-20,7.34,7.4,7.58,7.25,37697.0,600843,-0.0027,0.08504,0.1878,0.04965,-0.01202,0.08824,7.374,6.67429,6.74258,6.90423,7.49565
2013-02-21,7.34,7.2,7.34,7.12,34290.0,600843,-0.02703,0.06352,0.13386,0.02128,-0.03485,0.1303,7.46,6.71476,6.745,6.90211,7.49902
2013-02-22,7.21,7.29,7.32,7.11,29185.0,600843,0.0125,-0.02148,0.15348,0.05806,-0.01353,0.14623,7.428,6.76095,6.75145,6.9013,7.5028
2013-02-25,7.28,7.22,7.28,7.15,14997.0,600843,-0.0096,-0.07791,0.16452,0.04185,0.00139,0.08735,7.306,6.80952,6.75613,6.90138,7.50516
2013-02-26,7.18,7.02,7.25,7.01,15298.0,600843,-0.0277,-0.05391,0.14894,0.00429,-0.05772,0.00717,7.226,6.85286,6.75661,6.89789,7.50537
2013-02-27,7.06,7.14,7.18,7.03,14798.0,600843,0.01709,-0.03514,0.12796,0.00847,-0.06789,0.02734,7.174,6.89143,6.75758,6.89366,7.50614
2013-02-28,7.27,7.27,7.29,7.15,21271.0,600843,0.01821,0.00972,0.1395,-0.00819,-0.07152,0.05362,7.188,6.93381,6.75661,6.88911,7.50764
2013-03-01,7.28,7.33,7.33,7.21,26644.0,600843,0.00825,0.00549,0.13997,0.00274,-0.02136,0.12423,7.196,6.97667,6.75694,6.8878,7.51093
2013-03-04,7.28,7.32,7.45,7.1,40908.0,600843,-0.00136,0.01385,0.13488,0.01105,0.00549,0.19608,7.216,7.0181,6.75823,6.88813,7.51581
2013-03-05,7.23,7.49,7.55,7.2,32505.0,600843,0.02322,0.06695,0.17953,0.04609,0.03026,0.14526,7.31,7.07238,6.76355,6.88992,7.51967
2013-03-06,7.49,7.54,7.62,7.43,22044.0,600843,0.00668,0.05602,0.18182,0.04577,0.07561,0.16358,7.39,7.12762,6.76887,6.89423,7.52398
2013-03-07,7.54,7.33,7.54,7.27,25407.0,600843,-0.02785,0.00825,0.13643,0.00549,0.06541,0.12769,7.402,7.16952,6.76952,6.89789,7.52736
2013-03-08,7.4,7.3,7.45,7.21,14880.0,600843,-0.00409,-0.00409,0.1145,-0.02013,0.06725,0.09445,7.396,7.20524,6.7671,6.90163,7.52992
2013-03-11,7.33,7.1,7.33,7.02,21787.0,600843,-0.0274,-0.03005,0.0503,-0.03794,0.06447,0.06928,7.352,7.22143,6.76258,6.90512,7.53179
2013-03-12,7.04,6.77,7.11,6.62,22599.0,600843,-0.04648,-0.09613,0.02112,-0.03972,0.01347,-0.0726,7.208,7.2281,6.75806,6.90585,7.52963
2013-03-13,6.77,6.59,6.77,6.51,19160.0,600843,-0.02659,-0.12599,-0.02802,-0.08089,-0.02659,-0.08726,7.018,7.21905,6.74871,6.90439,7.52707
2013-03-14,6.58,6.62,6.65,6.53,15608.0,600843,0.00455,-0.09686,-0.02933,-0.07283,0.00151,-0.0869,6.876,7.20952,6.74032,6.90447,7.52451
2013-03-15,6.59,6.56,6.68,6.53,14983.0,600843,-0.00906,-0.10137,-0.03102,-0.07994,-0.03102,-0.09766,6.728,7.19952,6.73113,6.90276,7.52163
2013-03-18,6.5,6.39,6.53,6.38,15263.0,600843,-0.02591,-0.1,-0.14228,-0.08974,-0.07391,-0.12105,6.586,7.14905,6.72097,6.89862,7.51805
2013-03-19,6.43,6.47,6.5,6.29,7629.0,600843,0.01252,-0.04431,-0.17369,-0.06638,-0.07966,-0.08873,6.526,7.08429,6.71355,6.89407,7.51549
2013-03-20,6.42,6.71,6.72,6.4,21496.0,600843,0.03709,0.01821,-0.09569,0.00149,-0.03314,-0.07192,6.55,7.05048,6.71371,6.8922,7.51337
2013-03-21,6.65,6.92,6.95,6.65,30137.0,600843,0.0313,0.04532,-0.06486,0.02671,-0.0086,-0.05464,6.61,7.02762,6.71661,6.89171,7.51175
2013-03-22,6.85,7.53,7.55,6.82,33318.0,600843,0.08815,0.14787,0.04583,0.10411,0.08034,0.00668,6.804,7.04333,6.72806,6.89626,7.51195
2013-03-25,7.22,7.37,7.45,7.22,69537.0,600843,-0.02125,0.15336,0.01097,0.09836,0.06196,-0.03281,7.0,7.04714,6.73871,6.89976,7.51093
2013-03-26,7.35,7.15,7.39,6.98,43799.0,600843,-0.02985,0.1051,-0.0097,0.06557,-0.06291,-0.04284,7.136,7.04381,6.74581,6.89585,7.50963
2013-03-27,7.13,7.0,7.25,6.97,23545.0,600843,-0.02098,0.04322,-0.00285,0.0574,-0.06166,-0.08973,7.194,7.04286,6.75194,6.89211,7.50683
2013-03-28,6.96,6.58,6.96,6.57,24933.0,600843,-0.06,-0.04913,-0.07843,-0.00904,-0.13078,-0.13874,7.126,7.01619,6.75097,6.88407,7.50252
2013-03-29,6.5,6.62,6.68,6.5,12906.0,600843,0.00608,-0.12085,-0.08941,-0.00898,-0.12085,-0.1278,6.944,6.98524,6.75,6.87667,7.49858
2013-04-01,6.61,6.63,6.66,6.57,11523.0,600843,0.00151,-0.10041,-0.0955,-0.01192,-0.11126,-0.12069,6.796,6.9519,6.74871,6.86992,7.49488
2013-04-02,6.59,6.6,6.68,6.56,12205.0,600843,-0.00452,-0.07692,-0.09836,-0.02367,-0.11765,-0.12583,6.686,6.91762,6.74613,6.86276,7.49102
2013-04-03,6.67,6.49,6.67,6.43,12772.0,600843,-0.01667,-0.07286,-0.13351,-0.02406,-0.10606,-0.15933,6.584,6.87,6.74355,6.8565,7.48602
2013-04-08,6.47,6.62,6.66,6.29,12687.0,600843,0.02003,0.00608,-0.12202,-0.01194,-0.07799,-0.15128,6.592,6.82619,6.74226,6.85195,7.48122
2013-04-09,6.6,6.6,6.68,6.56,10380.0,600843,-0.00302,-0.00302,-0.09959,-0.01198,-0.05036,-0.15385,6.588,6.79143,6.74097,6.84911,7.47634
2013-04-10,6.6,6.5,6.68,6.43,9644.0,600843,-0.01515,-0.01961,-0.10959,0.02041,-0.03418,-0.18444,6.562,6.75333,6.74306,6.84724,7.47037
2013-04-11,6.5,6.45,6.55,6.43,7407.0,600843,-0.00769,-0.02273,-0.09155,0.05565,-0.05425,-0.17834,6.532,6.72238,6.74855,6.84423,7.46467
2013-04-12,6.42,6.42,6.49,6.31,6271.0,600843,-0.00465,-0.01079,-0.0517,0.05766,-0.05588,-0.15637,6.518,6.70571,6.75419,6.84114,7.45984
2013-04-15,6.35,6.26,6.39,6.22,8014.0,600843,-0.02492,-0.05438,-0.05008,0.01789,-0.06845,-0.17848,6.446,6.69,6.75597,6.8374,7.45431
2013-04-16,6.24,6.32,6.32,6.16,5642.0,600843,0.00958,-0.04242,-0.04532,0.06218,-0.06922,-0.18766,6.39,6.67571,6.76194,6.83358,7.44837
2013-04-17,6.34,6.32,6.34,6.23,4640.0,600843,0.0,-0.02769,-0.03659,0.07301,-0.08006,-0.18662,6.354,6.66429,6.76887,6.82911,7.44248
2013-04-18,6.28,6.38,6.41,6.23,7573.0,600843,0.00949,-0.01085,-0.00156,0.04248,-0.06725,-0.16601,6.34,6.66381,6.77306,6.82537,7.43732
2013-04-19,6.33,6.47,6.5,6.33,9304.0,600843,0.01411,0.00779,0.0,0.05719,-0.05409,-0.14418,6.35,6.66381,6.77871,6.82236,7.43289
2013-04-22,6.44,6.5,6.55,6.37,6335.0,600843,0.00464,0.03834,-0.0313,0.04334,-0.0634,-0.16345,6.398,6.65381,6.78306,6.81878,7.42772
2013-04-23,6.51,6.27,6.51,6.26,9444.0,600843,-0.03538,-0.00791,-0.09393,-0.0126,-0.12552,-0.21033,6.388,6.62286,6.78177,6.81146,7.42093
2013-04-24,6.22,6.33,6.35,6.22,6693.0,600843,0.00957,0.00158,-0.15936,0.00158,-0.13049,-0.21464,6.39,6.56571,6.78194,6.80374,7.4139
2013-04-25,6.31,6.16,6.31,6.16,9203.0,600843,-0.02686,-0.03448,-0.16418,-0.00645,-0.14563,-0.25333,6.346,6.5081,6.78129,6.7952,7.40541
2013-04-26,6.16,6.14,6.23,6.14,7657.0,600843,-0.00325,-0.051,-0.14126,0.00491,-0.15427,-0.21282,6.28,6.46,6.78177,6.7861,7.39866
2013-05-02,6.14,6.18,6.19,6.12,3408.0,600843,0.00651,-0.04923,-0.11714,-0.0237,-0.13687,-0.18362,6.216,6.42095,6.77935,6.77813,7.39301
2013-05-03,6.16,6.25,6.29,6.16,6967.0,600843,0.01133,-0.00319,-0.05015,-0.02038,-0.13555,-0.18936,6.212,6.40524,6.77726,6.77016,7.38707
2013-05-06,6.3,6.31,6.35,6.19,9675.0,600843,0.0096,-0.00316,-0.04683,-0.01866,-0.09209,-0.20927,6.208,6.39048,6.77532,6.76496,7.38028
2013-05-07,6.3,6.34,6.35,6.24,7387.0,600843,0.00475,0.02922,-0.04374,-0.01705,-0.08382,-0.21242,6.244,6.37667,6.77355,6.76024,7.37333
2013-05-08,6.34,6.34,6.36,6.29,7688.0,600843,0.0,0.03257,-0.03939,-0.00157,-0.09429,-0.21242,6.284,6.36429,6.77339,6.75488,7.36638
2013-05-09,6.35,6.27,6.36,6.21,11717.0,600843,-0.01104,0.01456,-0.0339,-0.01724,-0.07111,-0.20633,6.302,6.35381,6.77161,6.75098,7.35976
2013-05-10,6.25,6.37,6.38,6.23,10697.0,600843,0.01595,0.0192,-0.03776,-0.0124,-0.06461,-0.24526,6.326,6.3419,6.77032,6.7474,7.35134
2013-05-13,6.37,6.41,6.42,6.34,9541.0,600843,0.00628,0.01585,-0.02879,-0.02137,-0.0777,-0.30703,6.346,6.33286,6.76806,6.74301,7.3398
2013-05-14,6.4,6.31,6.4,6.28,7704.0,600843,-0.0156,-0.00473,-0.02923,-0.06657,-0.09339,-0.30583,6.34,6.32381,6.76081,6.73772,7.3285
2013-05-15,6.31,6.35,6.37,6.27,6969.0,600843,0.00634,0.00158,-0.0155,-0.04223,-0.05506,-0.26419,6.342,6.31905,6.75629,6.73472,7.31923
2013-05-16,6.37,6.5,6.51,6.35,17580.0,600843,0.02362,0.03668,0.01246,-0.0413,-0.04552,-0.31507,6.388,6.32286,6.75177,6.7322,7.30707
2013-05-17,6.5,6.6,6.63,6.49,22299.0,600843,0.01538,0.03611,0.05431,-0.03226,-0.04899,-0.28339,6.434,6.33905,6.74823,6.72943,7.29646
2013-05-20,6.62,6.65,6.69,6.59,19876.0,600843,0.00758,0.03744,0.05222,-0.01773,-0.03343,-0.29926,6.482,6.35476,6.74629,6.72756,7.28492
2013-05-21,6.65,6.72,6.76,6.54,23106.0,600843,0.01053,0.06498,0.06329,-0.09799,-0.05352,-0.27586,6.564,6.37381,6.73452,6.72447,7.27451
2013-05-22,6.72,6.91,7.17,6.67,45748.0,600843,0.02827,0.08819,0.08307,-0.1175,-0.03086,-0.23731,6.676,6.39905,6.71968,6.72268,7.26577
2013-05-23,6.82,6.73,6.87,6.69,26126.0,600843,-0.02605,0.03538,0.04019,-0.09299,-0.04539,-0.25222,6.722,6.41143,6.70855,6.72008,7.25654
2013-05-24,6.73,6.73,6.78,6.63,17594.0,600843,0.0,0.0197,0.03538,-0.09054,-0.04539,-0.24888,6.748,6.42238,6.69774,6.71748,7.24748
2013-05-27,6.76,6.75,6.83,6.7,16311.0,600843,0.00297,0.01504,0.07656,-0.0625,-0.02032,-0.27027,6.768,6.44524,6.69048,6.71634,7.23732
2013-05-28,6.75,6.9,6.95,6.72,23608.0,600843,0.02222,0.02679,0.09005,-0.0535,-0.00433,-0.26361,6.804,6.47238,6.68419,6.7161,7.22728
2013-05-29,6.95,6.85,6.95,6.82,19874.0,600843,-0.00725,-0.00868,0.11201,-0.05125,-0.02003,-0.29887,6.792,6.50524,6.67823,6.71496,7.21541
2013-05-30,6.81,6.8,6.89,6.76,13627.0,600843,-0.0073,0.0104,0.10749,-0.03134,-0.03955,-0.26724,6.806,6.53667,6.67468,6.71268,7.20533
2013-05-31,6.8,6.86,6.92,6.74,19359.0,600843,0.00882,0.01932,0.11003,-0.03922,-0.06412,-0.26709,6.832,6.56905,6.67016,6.70886,7.19516
2013-06-03,6.84,6.88,6.94,6.75,13120.0,600843,0.00292,0.01926,0.1008,-0.05365,-0.05882,-0.25782,6.858,6.59905,6.66387,6.70537,7.18545
2013-06-04,6.84,6.6,6.86,6.58,14466.0,600843,-0.0407,-0.04348,0.04596,-0.09959,-0.0884,-0.30085,6.798,6.61286,6.6521,6.70016,7.1739
2013-06-05,6.68,6.61,6.7,6.55,9178.0,600843,0.00152,-0.03504,0.04259,-0.09699,-0.07682,-0.31926,6.75,6.62571,6.64065,6.69569,7.1613
2013-06-06,6.59,6.49,6.64,6.48,9797.0,600843,-0.01815,-0.04559,0.02366,-0.13351,-0.09986,-0.38831,6.688,6.63286,6.62452,6.68984,7.14455
2013-06-07,6.49,6.41,6.56,6.35,11509.0,600843,-0.01233,-0.0656,0.02233,-0.14987,-0.12071,-0.39471,6.598,6.63952,6.60629,6.68268,7.12756
2013-06-13,6.39,6.21,6.39,6.14,8754.0,600843,-0.0312,-0.09738,-0.02512,-0.1528,-0.16644,-0.39177,6.464,6.6319,6.58823,6.6726,7.1113
2013-06-14,6.18,6.25,6.32,6.18,7888.0,600843,0.00644,-0.05303,-0.02496,-0.14384,-0.15312,-0.36869,6.394,6.62429,6.57129,6.66341,7.09646
2013-06-17,6.23,6.25,6.33,6.23,6422.0,600843,0.0,-0.05446,-0.00951,-0.11972,-0.11348,-0.39084,6.322,6.62143,6.55758,6.65691,7.08016
2013-06-18,6.27,6.23,6.3,6.17,6562.0,600843,-0.0032,-0.04006,-0.0189,-0.07976,-0.1311,-0.36429,6.27,6.61571,6.54887,6.64927,7.06565
2013-06-19,6.23,6.15,6.23,6.09,8650.0,600843,-0.01284,-0.04056,-0.05385,-0.06677,-0.13866,-0.37181,6.218,6.59905,6.54177,6.64122,7.05085
2013-06-20,6.11,5.97,6.15,5.96,9202.0,600843,-0.02927,-0.03865,-0.09545,-0.09819,-0.16269,-0.40833,6.17,6.56905,6.53129,6.63179,7.03411
2013-06-21,5.92,5.91,5.96,5.77,10326.0,600843,-0.01005,-0.0544,-0.11128,-0.09909,-0.15812,-0.40603,6.102,6.53381,6.52081,6.62276,7.01768
2013-06-24,5.87,5.45,5.87,5.38,15858.0,600843,-0.07783,-0.128,-0.18899,-0.1471,-0.21356,-0.40372,5.942,6.47333,6.50565,6.61073,7.00268
2013-06-25,5.42,5.28,5.47,5.0,14854.0,600843,-0.03119,-0.15249,-0.23589,-0.18393,-0.21194,-0.41593,5.752,6.39571,6.48645,6.59919,6.9874
2013-06-26,5.28,5.35,5.36,5.2,8632.0,600843,0.01326,-0.13008,-0.20505,-0.20268,-0.20623,-0.41594,5.592,6.33,6.46452,6.58789,6.97191
2013-06-27,5.37,5.3,5.45,5.28,11180.0,600843,-0.00935,-0.11223,-0.21248,-0.2341,-0.22287,-0.42641,5.458,6.2619,6.43839,6.57553,6.95589
2013-06-28,5.25,5.21,5.37,5.17,7012.0,600843,-0.01698,-0.11844,-0.22815,-0.3081,-0.22355,-0.42367,5.318,6.18857,6.40097,6.56333,6.94033
2013-07-01,5.18,5.27,5.28,5.1,6517.0,600843,0.01152,-0.03303,-0.23623,-0.28494,-0.21461,-0.39356,5.282,6.11095,6.3671,6.55163,6.92642
2013-07-02,5.24,5.38,5.4,5.24,7878.0,600843,0.02087,0.01894,-0.2146,-0.24755,-0.18731,-0.39278,5.302,6.04095,6.33855,6.54154,6.91228
2013-07-03,5.34,5.25,5.36,5.17,7722.0,600843,-0.02416,-0.01869,-0.22794,-0.25,-0.20934,-0.37201,5.282,5.96714,6.31032,6.53024,6.89963
2013-07-04,5.28,5.42,5.47,5.25,10264.0,600843,0.03238,0.02264,-0.20991,-0.17629,-0.18862,-0.34462,5.306,5.89857,6.29161,6.52,6.88805
2013-07-05,5.45,5.44,5.48,5.39,10699.0,600843,0.00369,0.04415,-0.2093,-0.17825,-0.18927,-0.35545,5.352,5.83,6.27258,6.50967,6.87585
2013-07-08,5.36,5.22,5.4,5.2,9648.0,600843,-0.04044,-0.00949,-0.20909,-0.21267,-0.22781,-0.37485,5.342,5.76429,6.24984,6.49715,6.86313
2013-07-09,5.65,5.74,5.74,5.44,55182.0,600843,0.09962,0.06691,-0.13162,-0.1303,-0.13684,-0.31422,5.414,5.72286,6.23597,6.48976,6.85244
2013-07-10,5.75,6.07,6.17,5.74,74871.0,600843,0.05749,0.15619,-0.06471,-0.06471,-0.09403,-0.29006,5.578,5.70286,6.22919,6.48463,6.84236
2013-07-11,5.99,6.01,6.09,5.92,44556.0,600843,-0.00988,0.10886,-0.0624,-0.09215,-0.1003,-0.31859,5.696,5.68381,6.21935,6.47919,6.83093
2013-07-12,6.0,5.9,6.0,5.86,27321.0,600843,-0.0183,0.08456,-0.04992,-0.10606,-0.07378,-0.32571,5.788,5.66905,6.20806,6.47537,6.81935
2013-07-15,5.87,5.95,5.96,5.81,21559.0,600843,0.00847,0.13985,-0.048,-0.08462,-0.02619,-0.31134,5.934,5.65476,6.19919,6.47407,6.80841
2013-07-16,5.99,5.93,5.99,5.75,21519.0,600843,-0.00336,0.0331,-0.0512,-0.08062,-0.02306,-0.29489,5.972,5.63952,6.19081,6.47293,6.79833
2013-07-17,5.93,5.74,5.93,5.74,15600.0,600843,-0.03204,-0.05437,-0.07865,-0.10592,-0.06667,-0.31829,5.906,5.61619,6.17984,6.46959,6.78744
2013-07-18,5.73,5.63,5.77,5.58,16033.0,600843,-0.01916,-0.06323,-0.08455,-0.10064,-0.05378,-0.28553,5.83,5.59143,6.16968,6.46699,6.77829
2013-07-19,5.64,5.41,5.71,5.4,15760.0,600843,-0.03908,-0.08305,-0.0938,-0.14399,-0.08149,-0.29465,5.732,5.56476,6.155,6.46309,6.76911
2013-07-22,5.38,5.95,5.95,5.23,33907.0,600843,0.09982,0.0,0.00677,-0.05854,-0.02778,-0.23522,5.732,5.56667,6.14903,6.46171,6.76167
2013-07-23,6.0,6.0,6.05,5.88,35202.0,600843,0.0084,0.0118,0.10092,-0.05956,-0.01961,-0.21466,5.746,5.59286,6.1429,6.46073,6.755
2013-07-24,5.99,5.95,6.05,5.8,26422.0,600843,-0.00833,0.03659,0.12689,-0.08037,-0.04494,-0.22727,5.788,5.62476,6.13452,6.45846,6.74789
2013-07-25,5.96,5.74,5.99,5.72,15927.0,600843,-0.03529,0.01954,0.0729,-0.11692,-0.09606,-0.29223,5.81,5.64333,6.12226,6.4535,6.73825
2013-07-26,5.77,5.8,5.89,5.65,11324.0,600843,0.01045,0.07209,0.09434,-0.07496,-0.08228,-0.275,5.888,5.66714,6.11468,6.44927,6.72931
2013-07-29,5.78,5.59,5.79,5.57,14082.0,600843,-0.03621,-0.0605,0.07294,-0.1169,-0.09839,-0.30645,5.816,5.68524,6.10274,6.44431,6.71927
2013-07-30,5.6,5.7,5.79,5.53,12344.0,600843,0.01968,-0.05,0.08159,-0.07468,-0.0671,-0.27665,5.756,5.70571,6.09532,6.44098,6.71041
2013-07-31,5.79,5.71,5.8,5.68,6348.0,600843,0.00175,-0.04034,0.06134,-0.07003,-0.09795,-0.26701,5.708,5.72143,6.08839,6.43593,6.70195
2013-08-01,5.83,5.82,5.83,5.73,13786.0,600843,0.01926,0.01394,0.10857,-0.05825,-0.08777,-0.25385,5.724,5.74857,6.08258,6.43138,6.6939
2013-08-02,5.78,5.8,5.88,5.75,10284.0,600843,-0.00344,0.0,0.07011,-0.072,-0.09798,-0.24183,5.724,5.76667,6.07532,6.42626,6.68638
2013-08-05,5.77,5.84,5.87,5.77,11858.0,600843,0.0069,0.04472,0.07353,-0.07448,-0.09457,-0.22649,5.774,5.78571,6.06774,6.4213,6.67943
2013-08-06,5.85,5.91,5.93,5.82,15265.0,600843,0.01199,0.03684,0.13218,-0.06782,-0.06929,-0.19701,5.816,5.81857,6.06081,6.41772,6.67354
2013-08-07,5.9,5.87,6.05,5.83,18115.0,600843,-0.00677,0.02802,0.02265,-0.07413,-0.07994,-0.18923,5.848,5.82476,6.05323,6.41358,6.66797
2013-08-08,5.87,5.83,5.88,5.78,9965.0,600843,-0.00681,0.00172,-0.03954,-0.07018,-0.09612,-0.20137,5.85,5.81333,6.04613,6.40854,6.66199
2013-08-09,5.84,5.8,5.87,5.7,18734.0,600843,-0.00515,0.0,-0.03494,-0.08948,-0.1145,-0.2011,5.85,5.80333,6.03694,6.40244,6.65606
2013-08-12,5.81,6.0,6.03,5.78,28189.0,600843,0.03448,0.0274,0.01695,-0.06396,-0.11243,-0.15966,5.882,5.8081,6.03032,6.39626,6.65142
2013-08-13,6.0,6.01,6.02,5.94,18635.0,600843,0.00167,0.01692,0.01008,-0.04754,-0.09351,-0.17671,5.902,5.81095,6.02548,6.39122,6.64618
2013-08-14,6.01,6.42,6.54,5.96,77962.0,600843,0.06822,0.0937,0.08263,0.01102,-0.0531,-0.12653,6.012,5.83429,6.02661,6.38829,6.6424
2013-08-15,6.31,6.44,6.65,6.23,105392.0,600843,0.00312,0.10463,0.12195,-0.00923,-0.05572,-0.0993,6.134,5.86762,6.02565,6.3852,6.63951
2013-08-16,6.36,6.05,6.68,6.01,86474.0,600843,-0.06056,0.0431,0.0746,-0.08333,-0.10635,-0.11029,6.184,5.88762,6.01677,6.37935,6.63646
2013-08-19,6.0,6.19,6.33,5.96,32592.0,600843,0.02314,0.03167,0.14418,-0.06917,-0.16913,-0.12199,6.222,5.92476,6.00935,6.36911,6.63297
2013-08-20,6.15,6.12,6.2,6.0,29927.0,600843,-0.01131,0.0183,0.02857,-0.08929,-0.21839,-0.14045,6.244,5.93286,5.99968,6.3552,6.6289
2013-08-21,6.12,6.1,6.13,6.04,14576.0,600843,-0.00327,-0.04984,0.01667,-0.11722,-0.1779,-0.14446,6.18,5.93762,5.98661,6.34447,6.62472
2013-08-22,6.09,6.16,6.27,6.06,22322.0,600843,0.00984,-0.04348,0.03529,-0.0847,-0.16757,-0.17757,6.124,5.94762,5.97742,6.33439,6.61931
2013-08-23,6.23,6.14,6.28,6.0,20953.0,600843,-0.00325,0.01488,0.06969,-0.08767,-0.14722,-0.17694,6.142,5.96667,5.9679,6.32577,6.61394
2013-08-26,6.15,6.48,6.57,6.1,55164.0,600843,0.05537,0.04685,0.11724,-0.04,-0.11111,-0.12314,6.2,5.99905,5.96355,6.31919,6.61024
2013-08-27,6.43,6.73,6.95,6.43,80089.0,600843,0.03858,0.09967,0.20394,-0.02464,-0.06787,-0.06657,6.322,6.05333,5.96081,6.3152,6.60829
2013-08-28,6.6,6.85,7.06,6.56,90768.0,600843,0.01783,0.12295,0.20175,0.0,-0.02422,-0.08054,6.472,6.1081,5.96081,6.31382,6.60585
2013-08-29,6.78,6.77,6.93,6.61,47661.0,600843,-0.01168,0.09903,0.18564,-0.00441,-0.05182,-0.11619,6.594,6.15857,5.96032,6.31081,6.60224
2013-08-30,6.83,7.02,7.15,6.8,90160.0,600843,0.03693,0.14332,0.20619,0.02332,-0.03439,-0.10345,6.77,6.21571,5.9629,6.30878,6.59894
2013-09-02,7.0,6.59,7.06,6.42,54287.0,600843,-0.06125,0.01698,0.13621,-0.04215,-0.10095,-0.12016,6.792,6.25333,5.95823,6.30276,6.59528
2013-09-03,6.59,6.68,6.69,6.45,32895.0,600843,0.01366,-0.00743,0.14384,0.01212,-0.08743,-0.08242,6.782,6.29333,5.95952,6.29756,6.59285
2013-09-04,6.66,7.35,7.35,6.63,109243.0,600843,0.1003,0.07299,0.24365,0.11195,-0.01869,0.011,6.882,6.3619,5.97145,6.29642,6.59317
2013-09-05,7.35,7.15,7.35,7.05,85392.0,600843,-0.02721,0.05613,0.21806,0.10169,-0.05172,0.01997,6.958,6.42286,5.9821,6.29325,6.59374
2013-09-06,7.17,7.29,7.7,7.1,115577.0,600843,0.01958,0.03846,0.25043,0.13729,-0.00546,0.05959,7.012,6.49238,5.99629,6.29293,6.59541
2013-09-09,7.2,7.25,7.62,7.2,97389.0,600843,-0.00549,0.10015,0.25,0.16747,-0.00685,0.05994,7.144,6.56143,6.01306,6.29252,6.59707
2013-09-10,7.27,7.72,7.98,7.25,130829.0,600843,0.06483,0.15569,0.28667,0.2352,0.08732,0.15742,7.352,6.64333,6.03677,6.29756,6.60134
2013-09-11,7.72,8.49,8.49,7.66,218397.0,600843,0.09974,0.1551,0.41265,0.3584,0.25406,0.27096,7.58,6.76143,6.0729,6.31154,6.6087
2013-09-12,8.3,8.21,8.3,7.92,122393.0,600843,-0.03298,0.14825,0.27882,0.31782,0.24583,0.2127,7.792,6.84667,6.10484,6.32472,6.61455
2013-09-13,8.11,7.73,8.15,7.7,83769.0,600843,-0.05847,0.06036,0.20031,0.25691,0.16767,0.16944,7.88,6.9081,6.13032,6.33374,6.61911
2013-09-16,7.74,7.8,7.95,7.64,50609.0,600843,0.00906,0.07586,0.28926,0.30653,0.18902,0.15214,7.99,6.99143,6.15984,6.34382,6.62329
2013-09-17,7.82,7.26,7.85,7.21,69584.0,600843,-0.06923,-0.05959,0.17286,0.22843,0.13615,0.05217,7.898,7.04238,6.18161,6.35089,6.62476
2013-09-18,7.26,7.39,7.47,7.23,28319.0,600843,0.01791,-0.12956,0.20752,0.35596,0.14219,0.05121,7.678,7.10286,6.2129,6.35837,6.62622
2013-09-23,7.42,7.55,7.6,7.35,39782.0,600843,0.02165,-0.08039,0.2377,0.42992,0.12519,0.0879,7.546,7.1719,6.24952,6.3652,6.6287
2013-09-24,7.52,7.69,7.83,7.37,56147.0,600843,0.01854,-0.00517,0.24838,0.43738,0.11127,0.10172,7.538,7.24476,6.28726,6.37146,6.63159
2013-09-25,7.65,7.53,7.87,7.51,56683.0,600843,-0.02081,-0.03462,0.22638,0.42075,0.0,0.08034,7.484,7.31095,6.32323,6.37146,6.63386
2013-09-26,7.49,6.9,7.55,6.87,50704.0,600843,-0.08367,-0.04959,0.06481,0.32438,-0.06377,-0.00576,7.412,7.33095,6.35048,6.36764,6.6337
2013-09-27,6.98,6.76,7.05,6.63,32654.0,600843,-0.02029,-0.08525,0.00446,0.28273,-0.05455,-0.11402,7.286,7.33238,6.37452,6.36447,6.63016
2013-09-30,6.83,6.94,6.98,6.79,19486.0,600843,0.02663,-0.08079,0.01314,0.28996,-0.00857,-0.06971,7.164,7.33667,6.39968,6.36398,6.62805
2013-10-08,6.9,7.02,7.14,6.82,22473.0,600843,0.01153,-0.08713,0.03693,0.33714,0.06687,-0.07266,7.03,7.34857,6.42823,6.36756,6.62581
2013-10-09,7.0,7.13,7.14,6.94,20656.0,600843,0.01567,-0.05312,0.01567,0.3155,0.07704,-0.05312,6.95,7.35381,6.45581,6.37171,6.62419
2013-10-10,7.11,7.03,7.17,7.01,23539.0,600843,-0.01403,0.01884,0.06677,0.29228,0.06033,-0.05764,6.976,7.37476,6.48145,6.37496,6.62244
2013-10-11,7.08,7.61,7.67,7.07,69961.0,600843,0.0825,0.12574,0.13922,0.45785,0.15303,0.01738,7.146,7.41905,6.52,6.38317,6.62297
2013-10-14,7.68,7.77,7.81,7.4,72444.0,600843,0.02102,0.1196,0.05714,0.35366,0.19723,0.07025,7.312,7.43905,6.55274,6.39358,6.62504
2013-10-15,7.78,7.72,7.78,7.58,35850.0,600843,-0.00644,0.09972,0.07972,0.27183,0.16616,0.07521,7.452,7.46619,6.57935,6.40252,6.62724
2013-10-16,7.61,7.63,7.66,7.16,51753.0,600843,-0.01166,0.07013,0.04664,0.26955,0.15606,0.09784,7.552,7.48238,6.60548,6.41089,6.63
2013-10-17,7.64,7.76,8.13,7.56,58922.0,600843,0.01704,0.10384,0.07034,0.31525,0.19385,0.15305,7.698,7.50667,6.63548,6.42114,6.63419
2013-10-18,7.67,7.7,7.86,7.5,21257.0,600843,-0.00773,0.01183,-0.00259,0.29412,0.1938,0.12903,7.716,7.50571,6.66371,6.4313,6.63776
2013-10-21,7.77,7.96,8.09,7.77,44016.0,600843,0.03377,0.02445,-0.06243,0.34233,0.23988,0.17059,7.754,7.48048,6.69645,6.44382,6.64248
2013-10-22,7.88,7.73,7.94,7.67,33772.0,600843,-0.02889,0.0013,-0.05847,0.34669,0.23482,0.1503,7.756,7.45762,6.72855,6.45577,6.64659
2013-10-23,7.71,7.38,7.78,7.32,30687.0,600843,-0.04528,-0.03277,-0.04528,0.31083,0.16772,0.08689,7.706,7.44095,6.75677,6.46439,6.64898
2013-10-24,7.45,7.31,7.47,7.25,13205.0,600843,-0.00949,-0.05799,-0.06282,0.3512,0.15665,0.06405,7.616,7.41762,6.78742,6.47244,6.65077
2013-10-25,7.31,7.42,7.47,7.2,19728.0,600843,0.01505,-0.03636,0.02204,0.24706,0.16301,0.0848,7.56,7.42524,6.81113,6.48089,6.65313
2013-10-28,7.42,7.29,7.43,7.16,14016.0,600843,-0.01752,-0.08417,-0.01353,0.215,0.12674,0.06579,7.426,7.42048,6.83194,6.48756,6.65496
2013-10-29,7.36,7.24,7.5,6.9,21788.0,600843,-0.00686,-0.06339,-0.04106,0.21681,0.11385,0.04323,7.328,7.40571,6.85274,6.49358,6.65618
2013-10-30,7.19,7.29,7.3,7.12,9795.0,600843,0.00691,-0.0122,-0.05202,0.27003,0.16268,0.01674,7.31,7.38667,6.87774,6.50187,6.65667
2013-10-31,7.25,7.45,7.5,7.15,19388.0,600843,0.02195,0.01915,-0.01062,0.28448,0.17694,0.02335,7.338,7.38286,6.90435,6.51098,6.65736
2013-11-01,7.37,7.59,7.67,7.37,31619.0,600843,0.01879,0.02291,0.1,0.35778,0.23214,0.0527,7.372,7.41571,6.93661,6.5226,6.6589
2013-11-04,7.51,7.58,7.63,7.44,17849.0,600843,-0.00132,0.03978,0.1213,0.32982,0.23453,0.04408,7.43,7.45476,6.96694,6.53431,6.6602
2013-11-05,7.58,7.64,7.65,7.32,21232.0,600843,0.00792,0.05525,0.10086,0.338,0.23625,0.06704,7.51,7.4881,6.99806,6.54618,6.66215
2013-11-06,7.65,7.56,7.73,7.47,27017.0,600843,-0.01047,0.03704,0.07692,0.29897,0.2096,0.04564,7.564,7.51381,7.02613,6.55683,6.6635
2013-11-07,7.51,7.55,7.73,7.44,23042.0,600843,-0.00132,0.01342,0.05891,0.30172,0.19651,0.08633,7.584,7.53381,7.05435,6.56691,6.66593
2013-11-08,7.55,7.34,7.58,7.34,15174.0,600843,-0.02781,-0.03294,0.0441,0.25685,0.15773,0.06069,7.534,7.54857,7.07855,6.57504,6.66764
2013-11-11,7.3,7.37,7.48,7.21,11245.0,600843,0.00409,-0.0277,-0.03154,0.24704,0.16246,0.05286,7.492,7.53714,7.1021,6.58341,6.66915
2013-11-12,7.46,7.38,7.46,7.32,8468.0,600843,0.00136,-0.03403,-0.05019,0.25724,0.17703,0.09333,7.44,7.51857,7.12645,6.59244,6.67171
2013-11-13,7.32,7.04,7.34,6.98,17327.0,600843,-0.04607,-0.06878,-0.08808,0.20755,0.10518,0.03377,7.336,7.48619,7.14597,6.59789,6.67264
2013-11-14,7.08,7.06,7.08,6.9,11142.0,600843,0.00284,-0.0649,-0.07471,0.21724,0.1014,0.01583,7.238,7.45905,7.16629,6.60317,6.67309
2013-11-15,7.06,7.31,7.45,7.06,16776.0,600843,0.03541,-0.00409,-0.05799,0.21833,0.15848,0.05029,7.232,7.43762,7.18742,6.6113,6.67451
2013-11-18,7.36,7.6,7.64,7.26,22969.0,600843,0.03967,0.03121,-0.01299,0.26456,0.19685,0.13095,7.278,7.43286,7.21306,6.62146,6.67809
2013-11-19,7.64,7.64,7.75,7.53,20824.0,600843,0.00526,0.03523,-0.0402,0.19003,0.17538,0.12188,7.33,7.41762,7.23274,6.63073,6.68146
2013-11-20,7.64,7.77,7.79,7.56,21548.0,600843,0.01702,0.10369,0.00517,0.20652,0.17727,0.1196,7.476,7.41952,7.25419,6.64024,6.68484
2013-11-21,7.71,7.9,7.97,7.67,33366.0,600843,0.01673,0.11898,0.07046,0.30579,0.18797,0.14826,7.644,7.44429,7.28403,6.65041,6.68898
2013-11-22,7.82,7.78,7.89,7.74,13775.0,600843,-0.01519,0.0643,0.0643,0.25687,0.15774,0.09577,7.738,7.46667,7.30968,6.65902,6.69175
2013-11-25,7.78,8.18,8.5,7.7,56062.0,600843,0.05141,0.07632,0.10243,0.3366,0.18379,0.14727,7.854,7.50286,7.3429,6.66935,6.69602
2013-11-26,8.15,8.17,8.37,8.09,40420.0,600843,-0.00122,0.06937,0.12071,0.33934,0.21397,0.15887,7.96,7.54476,7.37629,6.68106,6.70057
2013-11-27,8.18,8.07,8.24,8.02,23877.0,600843,-0.01224,0.03861,0.11464,0.31006,0.19911,0.14468,8.02,7.58429,7.4071,6.69195,6.70472
2013-11-28,8.02,8.13,8.35,8.01,27551.0,600843,0.00743,0.02911,0.11523,0.3241,0.20444,0.17997,8.066,7.62429,7.43919,6.70317,6.70976
2013-11-29,8.13,8.12,8.16,8.02,15750.0,600843,-0.00123,0.0437,0.08993,0.25309,0.17681,0.17172,8.134,7.65619,7.46565,6.71309,6.71459
2013-12-02,7.9,7.56,7.95,7.33,36382.0,600843,-0.06897,-0.07579,-0.00395,0.12333,0.10365,0.08155,8.01,7.65476,7.47903,6.71886,6.71691
2013-12-03,7.51,7.83,7.88,7.47,10858.0,600843,0.03571,-0.04162,0.03298,0.14307,0.15147,0.10593,7.942,7.66667,7.49484,6.72724,6.71996
2013-12-04,7.83,8.19,8.39,7.8,46393.0,600843,0.04598,0.01487,0.07199,0.20975,0.19388,0.11733,7.966,7.69286,7.51774,6.73805,6.72346
2013-12-05,8.3,8.67,8.88,8.28,81204.0,600843,0.05861,0.06642,0.14683,0.23504,0.26017,0.18605,8.074,7.74571,7.54435,6.7526,6.72898
2013-12-06,8.65,8.92,8.96,8.51,74144.0,600843,0.02884,0.09852,0.18146,0.35357,0.35152,0.23204,8.234,7.81095,7.58194,6.77146,6.73581
2013-12-09,9.0,9.81,9.81,9.0,72777.0,600843,0.09978,0.29762,0.33651,0.46856,0.48411,0.37011,8.684,7.92857,7.63242,6.79748,6.74659
2013-12-10,10.58,10.79,10.79,10.48,43733.0,600843,0.0999,0.37803,0.46404,0.46803,0.66256,0.49653,9.276,8.09143,7.6879,6.83244,6.76114
2013-12-11,11.87,11.87,11.87,11.32,354860.0,600843,0.10009,0.44933,0.6084,0.66014,0.85179,0.62826,10.012,8.30524,7.76403,6.87683,6.77976
2013-12-12,11.65,12.18,12.28,11.43,297486.0,600843,0.02612,0.40484,0.73011,0.67078,0.96135,0.6349,10.714,8.55,7.8429,6.92537,6.79898
2013-12-13,11.98,11.79,12.0,11.51,178974.0,600843,-0.03202,0.32175,0.66997,0.62621,0.8864,0.59756,11.288,8.77524,7.91613,6.97041,6.81691
2013-12-16,11.88,11.03,11.98,10.61,213569.0,600843,-0.06446,0.12436,0.50889,0.42876,0.7648,0.56454,11.532,8.95238,7.96952,7.00927,6.83309
2013-12-17,10.95,10.62,11.07,10.53,154131.0,600843,-0.03717,-0.01576,0.39737,0.25088,0.70465,0.48117,11.498,9.09619,8.00387,7.04496,6.84711
2013-12-18,10.73,10.35,10.75,10.23,133872.0,600843,-0.02542,-0.12805,0.35471,0.26066,0.68293,0.44958,11.194,9.22524,8.03839,7.07911,6.86016
2013-12-19,10.24,10.42,10.46,10.18,101469.0,600843,0.00676,-0.1445,0.34106,0.34799,0.74539,0.46143,10.842,9.35143,8.08177,7.11528,6.87354
2013-12-20,10.32,10.06,10.66,9.92,116859.0,600843,-0.03455,-0.14673,0.27342,0.28974,0.7022,0.43305,10.496,9.45429,8.11823,7.14902,6.88589
2013-12-23,10.02,10.15,10.25,9.79,70608.0,600843,0.00895,-0.07978,0.30463,0.39807,0.86239,0.46465,10.32,9.56714,8.16484,7.18724,6.89898
2013-12-24,10.15,9.89,10.22,9.79,85945.0,600843,-0.02562,-0.06874,0.20905,0.33829,0.87311,0.47612,10.174,9.64857,8.20516,7.22472,6.91195
2013-12-25,9.82,10.12,10.29,9.82,97006.0,600843,0.02326,-0.02222,0.23868,0.3404,0.89159,0.50148,10.128,9.74143,8.24661,7.2635,6.92569
2013-12-26,10.15,9.66,10.38,9.6,95676.0,600843,-0.04545,-0.07294,0.19703,0.25618,0.82264,0.41642,9.976,9.81714,8.27839,7.29894,6.93724
2013-12-27,9.6,10.0,10.07,9.39,91011.0,600843,0.0352,-0.00596,0.23001,0.32802,0.91939,0.49031,9.964,9.90619,8.31823,7.33789,6.95061
2013-12-30,9.9,9.76,10.18,9.67,86088.0,600843,-0.024,-0.03842,0.20197,0.41449,0.85199,0.45455,9.886,9.98429,8.36435,7.37439,6.96301
2013-12-31,9.7,10.24,10.33,9.52,126793.0,600843,0.04918,0.03539,0.3545,0.51479,0.90335,0.54683,9.956,10.1119,8.42048,7.4139,6.97772
2014-01-02,10.11,10.22,10.33,9.96,87660.0,600843,-0.00195,0.00988,0.30524,0.47262,0.94667,0.53916,9.976,10.22571,8.47339,7.45431,6.99228
2014-01-03,10.16,9.76,10.16,9.65,76638.0,600843,-0.04501,0.01035,0.1917,0.39031,0.80074,0.46108,9.996,10.30048,8.51758,7.48959,7.0048
2014-01-06,9.76,8.79,9.76,8.78,92981.0,600843,-0.09939,-0.121,0.01384,0.23282,0.61581,0.30999,9.754,10.30619,8.54435,7.51683,7.01325
2014-01-07,8.67,8.8,9.06,8.67,49777.0,600843,0.00114,-0.09836,-0.01345,0.25178,0.68582,0.30178,9.562,10.30048,8.5729,7.54593,7.02154
2014-01-08,8.79,8.84,8.9,8.7,39051.0,600843,0.00455,-0.13672,-0.09888,0.16163,0.54007,0.32932,9.282,10.25429,8.59274,7.57114,7.03045
2014-01-09,8.78,8.7,9.0,8.68,43579.0,600843,-0.01584,-0.14873,-0.1937,0.11969,0.43328,0.29851,8.978,10.15476,8.60774,7.59252,7.03858
2014-01-10,8.7,8.55,8.79,8.51,40210.0,600843,-0.01724,-0.12398,-0.2797,0.10751,0.42263,0.27994,8.736,9.99667,8.62113,7.61317,7.04618
2014-01-13,8.43,8.34,8.67,8.24,32963.0,600843,-0.02456,-0.05119,-0.31527,0.09305,0.41356,0.30926,8.646,9.81381,8.63258,7.63301,7.05419
2014-01-14,8.34,8.63,8.64,8.28,38325.0,600843,0.03477,-0.01932,-0.26802,0.11211,0.45042,0.41244,8.612,9.66333,8.64661,7.6548,7.06443
2014-01-15,8.63,8.62,8.63,8.42,32877.0,600843,-0.00116,-0.02489,-0.2185,0.11948,0.45363,0.4201,8.568,9.54857,8.66145,7.67667,7.0748
2014-01-16,8.62,8.89,8.98,8.51,73874.0,600843,0.03132,0.02184,-0.1629,0.11683,0.54878,0.44553,8.606,9.46619,8.67645,7.70228,7.08593
2014-01-17,8.87,8.48,8.89,8.41,44327.0,600843,-0.04612,-0.00819,-0.18068,0.09702,0.50622,0.42521,8.592,9.37714,8.68855,7.72545,7.09622
2014-01-20,8.33,8.51,8.56,8.33,24611.0,600843,0.00354,0.02038,-0.1833,0.15312,0.57301,0.44482,8.626,9.28619,8.70677,7.75065,7.10687
2014-01-21,8.42,8.55,8.75,8.42,26606.0,600843,0.0047,-0.00927,-0.1501,0.16963,0.43697,0.39706,8.61,9.21429,8.72677,7.77179,7.11675
2014-01-22,8.62,8.9,8.96,8.59,49189.0,600843,0.04094,0.03248,-0.12315,0.19946,0.48333,0.45425,8.666,9.15476,8.75065,7.79537,7.12805
2014-01-23,9.01,9.14,9.16,8.79,54016.0,600843,0.02697,0.02812,-0.07583,0.25377,0.53613,0.46709,8.716,9.11905,8.78048,7.8213,7.13988
2014-01-24,9.02,9.12,9.23,8.93,50417.0,600843,-0.00219,0.07547,-0.09881,0.25967,0.58885,0.43622,8.844,9.07143,8.81081,7.84878,7.15114
2014-01-27,9.0,9.37,9.38,8.89,60053.0,600843,0.02741,0.10106,-0.03002,0.28532,0.61552,0.48259,9.016,9.05762,8.84435,7.8778,7.16354
2014-01-28,9.32,9.09,9.37,9.06,39276.0,600843,-0.02988,0.06316,-0.091,0.22013,0.62612,0.46613,9.124,9.01429,8.87081,7.90626,7.17528
2014-01-29,9.25,9.3,9.75,9.17,56126.0,600843,0.0231,0.04494,-0.04713,0.2253,0.63158,0.52209,9.204,8.99238,8.89839,7.93553,7.18825
2014-01-30,9.45,9.66,9.78,9.32,56886.0,600843,0.03871,0.05689,-0.05664,0.27441,0.69177,0.52607,9.308,8.96476,8.93194,7.96764,7.20179
2014-02-07,9.42,10.01,10.14,9.42,66727.0,600843,0.03623,0.09759,-0.02055,0.31021,0.71993,0.56897,9.486,8.95476,8.97016,8.00171,7.21654
2014-02-10,10.0,10.11,10.2,9.86,66703.0,600843,0.00999,0.07898,0.03586,0.3373,0.7431,0.57232,9.634,8.97143,9.01129,8.03675,7.2315
2014-02-11,10.03,10.02,10.19,9.88,59946.0,600843,-0.0089,0.10231,0.13993,0.32715,0.71575,0.55349,9.82,9.03,9.05113,8.07073,7.24602
2014-02-12,10.02,9.77,10.02,9.68,66732.0,600843,-0.02495,0.05054,0.11023,0.33106,0.65313,0.53858,9.914,9.07619,9.09032,8.10211,7.25992
2014-02-13,9.73,10.27,10.45,9.65,109290.0,600843,0.05118,0.06315,0.16176,0.39349,0.74957,0.60972,10.036,9.14429,9.1371,8.13789,7.27573
2014-02-14,10.15,10.18,10.32,10.03,59458.0,600843,-0.00876,0.01698,0.17011,0.3794,0.74614,0.57829,10.07,9.21476,9.18226,8.17325,7.29089
2014-02-17,10.26,10.18,10.26,10.01,55403.0,600843,0.0,0.00692,0.19064,0.44602,0.75517,0.5542,10.084,9.29238,9.2329,8.20886,7.30565
2014-02-18,10.18,9.86,10.18,9.7,68604.0,600843,-0.03143,-0.01597,0.18225,0.3966,0.64333,0.45858,10.052,9.36476,9.27806,8.24024,7.31825
2014-02-19,9.85,9.91,10.12,9.81,48070.0,600843,0.00507,0.01433,0.14832,0.35568,0.64892,0.49472,10.08,9.42571,9.32,8.27195,7.33159
2014-02-20,9.95,9.62,10.02,9.55,42919.0,600843,-0.02926,-0.06329,0.11601,0.26579,0.49844,0.41888,9.95,9.47333,9.35258,8.29797,7.34313
2014-02-21,9.7,9.57,9.75,9.44,25317.0,600843,-0.0052,-0.05992,0.07649,0.25262,0.48602,0.40323,9.828,9.50571,9.38371,8.32341,7.35431
2014-02-24,9.53,9.6,9.67,9.46,24780.0,600843,0.00313,-0.05697,0.13208,0.23552,0.58678,0.41802,9.712,9.55905,9.41323,8.35228,7.36581
2014-02-25,9.73,10.56,10.56,9.73,200814.0,600843,0.1,0.07099,0.24089,0.33671,0.70598,0.41745,9.852,9.65667,9.45613,8.3878,7.37846
2014-02-26,10.3,11.59,11.61,10.27,279942.0,600843,0.09754,0.16953,0.35556,0.48972,0.89379,0.4802,10.188,9.80143,9.51758,8.43228,7.39374
2014-02-27,11.4,11.05,11.41,10.78,184332.0,600843,-0.04659,0.14865,0.24157,0.35086,0.81148,0.48922,10.474,9.90381,9.56387,8.47252,7.4085
2014-02-28,10.91,10.83,11.14,10.34,121668.0,600843,-0.01991,0.13166,0.1849,0.32558,0.75812,0.46351,10.726,9.98429,9.60677,8.51049,7.42244
2014-03-03,10.78,11.61,11.7,10.48,194998.0,600843,0.07202,0.20937,0.27303,0.43866,0.89088,0.6125,11.128,10.10286,9.66387,8.55496,7.44037
2014-03-04,11.33,11.08,11.61,10.82,119939.0,600843,-0.04565,0.04924,0.1825,0.36285,0.70988,0.51989,11.232,10.18429,9.71145,8.59236,7.45577
2014-03-05,11.07,10.76,11.09,10.68,78540.0,600843,-0.02888,-0.07161,0.18372,0.32512,0.59881,0.4903,11.066,10.26381,9.75403,8.62512,7.47016
2014-03-06,10.71,10.41,10.76,10.05,94934.0,600843,-0.03253,-0.05792,0.11935,0.37698,0.51971,0.48291,10.938,10.31667,9.8,8.65407,7.48394
2014-03-07,10.38,10.64,10.67,10.25,73003.0,600843,0.02209,-0.01754,0.10145,0.35888,0.57164,0.4902,10.9,10.36333,9.84532,8.68553,7.49817
2014-03-10,10.51,9.77,10.53,9.77,61096.0,600843,-0.08177,-0.15848,-0.02398,0.19292,0.39174,0.34388,10.532,10.3519,9.87081,8.70789,7.50833
2014-03-11,9.66,9.9,10.04,9.66,50157.0,600843,0.01331,-0.1065,-0.02077,0.14187,0.50228,0.35061,10.296,10.3419,9.89065,8.7348,7.51878
2014-03-12,9.88,9.78,9.93,9.45,42964.0,600843,-0.01212,-0.09108,-0.02395,0.09641,0.46407,0.33607,10.1,10.33048,9.90452,8.76,7.52878
2014-03-13,9.7,9.81,9.85,9.56,31073.0,600843,0.00307,-0.05764,0.00409,0.0,0.33469,0.30975,9.98,10.33238,9.90452,8.78,7.53821
2014-03-14,9.86,9.77,10.1,9.71,39645.0,600843,-0.00408,-0.08177,-0.04869,-0.09453,0.36643,0.29576,9.806,10.30857,9.88806,8.8013,7.54728
2014-03-17,9.63,9.89,9.91,9.56,34860.0,600843,0.01228,0.01228,-0.02849,-0.16681,0.35665,0.34925,9.83,10.29476,9.85613,8.82244,7.55768
2014-03-18,9.89,10.09,10.25,9.85,47667.0,600843,0.02022,0.01919,-0.00884,-0.17159,0.39172,0.38219,9.868,10.29048,9.82242,8.84553,7.56902
2014-03-19,10.05,10.21,10.22,10.01,38501.0,600843,0.01189,0.04397,0.0355,-0.13401,0.32254,0.43803,9.954,10.30714,9.79694,8.86577,7.58167
2014-03-20,10.29,9.65,10.39,9.61,38147.0,600843,-0.05485,-0.01631,-0.02624,-0.12511,0.13663,0.42541,9.922,10.29476,9.77468,8.8752,7.59337
2014-03-21,9.59,9.87,9.98,9.1,49197.0,600843,0.0228,0.01024,0.02599,-0.07062,0.20219,0.49772,9.942,10.30667,9.76258,8.8887,7.60671
2014-03-24,9.84,9.84,9.96,9.79,29988.0,600843,-0.00304,-0.00506,0.02821,-0.04928,0.27296,0.4864,9.932,10.31952,9.75435,8.90585,7.6198
2014-03-25,9.89,10.82,10.82,9.84,127743.0,600843,0.09959,0.07235,0.12708,0.03839,0.38718,0.64939,10.078,10.37762,9.76081,8.93041,7.63711
2014-03-26,10.98,10.57,11.15,10.46,123450.0,600843,-0.02311,0.03526,0.00095,0.0507,0.45592,0.65415,10.15,10.3781,9.76903,8.95732,7.65411
2014-03-27,10.7,10.7,11.17,10.6,122282.0,600843,0.0123,0.10881,-0.07679,0.05419,0.4479,0.65379,10.36,10.33571,9.7779,8.98423,7.6713
2014-03-28,10.63,11.77,11.77,10.63,86026.0,600843,0.1,0.1925,0.06516,0.19009,0.55894,0.7541,10.74,10.37,9.80823,9.01854,7.69187
2014-03-31,12.0,11.44,12.28,11.0,210784.0,600843,-0.02804,0.1626,0.05633,0.13043,0.48765,0.65318,11.06,10.39905,9.82952,9.04902,7.71024
2014-04-01,10.81,11.97,12.1,10.59,177053.0,600843,0.04633,0.10628,0.03101,0.23913,0.58964,0.58964,11.29,10.41619,9.86677,9.08512,7.72829
2014-04-02,11.66,11.65,12.48,11.54,177319.0,600843,-0.02673,0.10218,0.05144,0.165,0.68841,0.58073,11.506,10.44333,9.89339,9.12374,7.74569
2014-04-03,11.25,12.18,12.46,11.07,225818.0,600843,0.04549,0.13832,0.13197,0.24795,0.80178,0.7035,11.802,10.51095,9.93242,9.1678,7.76614
2014-04-04,12.0,11.96,12.25,11.7,141574.0,600843,-0.01806,0.01614,0.1489,0.16797,0.72334,0.70857,11.84,10.58476,9.96016,9.20862,7.7863
2014-04-08,11.7,11.97,12.17,11.56,109445.0,600843,0.00084,0.04633,0.125,0.17123,0.70513,0.81915,11.946,10.6481,9.98839,9.24886,7.80821
2014-04-09,11.88,12.06,12.26,11.62,133395.0,600843,0.00752,0.00752,0.23439,0.23566,0.69144,0.82175,11.964,10.75714,10.02548,9.28894,7.83033
2014-04-10,11.96,12.61,12.97,11.8,184901.0,600843,0.04561,0.0824,0.27374,0.43458,0.79374,0.90196,12.156,10.88619,10.0871,9.33431,7.85463
2014-04-11,12.3,12.09,12.75,12.0,123611.0,600843,-0.04124,-0.00739,0.2362,0.37386,0.5887,0.83182,12.138,10.99619,10.14016,9.37073,7.87695
2014-04-14,12.14,11.75,12.22,11.63,98204.0,600843,-0.02812,-0.01756,0.19776,0.32919,0.51223,0.81048,12.096,11.08857,10.1871,9.40309,7.89833
2014-04-15,11.7,11.69,12.06,11.66,72954.0,600843,-0.00511,-0.02339,0.19652,0.34368,0.51425,0.76586,12.04,11.18,10.23532,9.43537,7.91894
2014-04-16,11.61,11.76,11.85,11.41,49156.0,600843,0.00599,-0.02488,0.18908,0.37544,0.54128,0.78182,11.98,11.26905,10.2871,9.46894,7.93992
2014-04-17,11.7,11.72,11.94,11.62,49803.0,600843,-0.0034,-0.07058,0.16155,0.40528,0.51031,0.80308,11.802,11.34667,10.34161,9.50114,7.96114
2014-04-18,11.7,11.83,11.88,11.62,40699.0,600843,0.00939,-0.02151,0.15867,0.3708,0.53636,0.83411,11.75,11.42381,10.39323,9.53472,7.98301
2014-04-21,11.68,10.74,11.75,10.69,89835.0,600843,-0.09214,-0.08596,0.11295,0.24594,0.34925,0.6729,11.548,11.47571,10.42742,9.55732,8.00057
2014-04-22,10.75,10.89,10.95,10.35,60558.0,600843,0.01397,-0.06843,0.10334,0.22497,0.4088,0.73962,11.388,11.52429,10.45968,9.58301,8.01939
2014-04-23,10.79,10.68,10.96,10.66,31496.0,600843,-0.01928,-0.09184,0.08537,0.25943,0.44715,0.68987,11.172,11.56429,10.49516,9.60984,8.03711
2014-04-24,10.7,10.14,10.75,10.1,47106.0,600843,-0.05056,-0.13481,-0.06285,0.19154,0.38714,0.60443,10.856,11.5319,10.52145,9.63285,8.05264
2014-04-25,10.1,9.86,10.22,9.83,37409.0,600843,-0.02761,-0.16653,-0.06717,0.15322,0.32884,0.54545,10.462,11.4981,10.54258,9.65268,8.06679
2014-04-28,9.75,9.32,9.8,9.3,30015.0,600843,-0.05477,-0.13222,-0.12897,0.04719,0.27846,0.44049,10.178,11.43238,10.54935,9.66919,8.07837
2014-04-29,9.34,9.67,9.71,9.34,28370.0,600843,0.03755,-0.11203,-0.17842,0.05799,0.33564,0.48769,9.934,11.33238,10.5579,9.68894,8.09126
2014-04-30,9.6,9.84,9.88,9.55,28432.0,600843,0.01758,-0.07865,-0.13986,0.07895,0.34979,0.56938,9.766,11.25619,10.56952,9.70967,8.10577
2014-05-05,10.0,10.03,10.08,9.8,27940.0,600843,0.01931,-0.01085,-0.16207,0.07044,0.34631,0.58452,9.744,11.16381,10.58016,9.73065,8.12081
2014-05-06,10.1,10.19,10.47,10.0,47370.0,600843,0.01595,0.03347,-0.12532,0.12101,0.34256,0.65422,9.81,11.09429,10.5979,9.75179,8.1372
2014-05-07,10.02,10.38,10.6,10.02,61886.0,600843,0.01865,0.11373,-0.14778,0.11613,0.36939,0.69055,10.022,11.00857,10.61532,9.77455,8.15443
2014-05-08,10.2,10.16,10.43,10.08,40138.0,600843,-0.02119,0.05067,-0.1505,0.05176,0.32984,0.64401,10.12,10.92286,10.62339,9.79504,8.17061
2014-05-09,10.22,9.49,10.24,9.46,55700.0,600843,-0.06594,-0.03557,-0.20718,-0.05195,0.25529,0.5184,10.05,10.80476,10.615,9.81073,8.18378
2014-05-12,9.6,9.77,9.79,9.51,29858.0,600843,0.0295,-0.02592,-0.18988,-0.03363,0.29404,0.54834,9.998,10.69571,10.60952,9.82878,8.19785
2014-05-13,9.8,10.02,10.07,9.75,35866.0,600843,0.02559,-0.01668,-0.20539,0.0,0.36512,0.58044,9.964,10.57238,10.60952,9.85057,8.2128
2014-05-14,10.03,10.0,10.08,9.81,27506.0,600843,-0.002,-0.03661,-0.17287,0.02354,0.35685,0.57729,9.888,10.47286,10.61323,9.87195,8.22768
2014-05-15,9.97,9.78,9.97,9.66,23849.0,600843,-0.022,-0.0374,-0.16766,-0.04771,0.3252,0.55981,9.812,10.37905,10.60532,9.89146,8.24195
2014-05-16,9.66,9.74,9.81,9.58,13424.0,600843,-0.00409,0.02634,-0.16681,-0.04322,0.38352,0.52904,9.862,10.28619,10.59823,9.91341,8.25565
2014-05-19,9.65,9.67,9.8,9.56,11607.0,600843,-0.00719,-0.01024,-0.17772,-0.0501,0.36969,0.50858,9.842,10.18667,10.59,9.93463,8.2689
2014-05-20,9.9,9.63,9.93,9.56,13735.0,600843,-0.00414,-0.03892,-0.17833,-0.02333,0.31737,0.52615,9.764,10.08714,10.58629,9.9535,8.2824
2014-05-21,9.57,9.7,9.71,9.35,15217.0,600843,0.00727,-0.03,-0.18005,-0.02119,0.27632,0.52756,9.704,9.98571,10.5829,9.97057,8.29602
2014-05-22,9.68,9.81,10.05,9.65,32868.0,600843,0.01134,0.00307,-0.08659,0.01975,0.28403,0.50923,9.71,9.94143,10.58597,9.98821,8.30947
2014-05-23,9.76,9.91,9.93,9.7,15619.0,600843,0.01019,0.01745,-0.08999,0.03553,0.27542,0.50152,9.744,9.89476,10.59145,10.00561,8.32293
2014-05-26,9.91,10.08,10.16,9.91,29294.0,600843,0.01715,0.0424,-0.05618,0.05,0.27595,0.51579,9.826,9.86619,10.59919,10.02333,8.33687
2014-05-27,10.06,9.98,10.14,9.95,14995.0,600843,-0.00992,0.03634,-0.01578,-0.05492,0.28278,0.48512,9.896,9.85857,10.58984,10.04122,8.35012
2014-05-28,9.97,10.06,10.08,9.89,16403.0,600843,0.00802,0.03711,0.02028,-0.13201,0.22983,0.45586,9.968,9.8681,10.56516,10.0565,8.36293
2014-05-29,10.06,10.41,10.52,10.05,67310.0,600843,0.03479,0.06116,0.11695,-0.05792,0.27417,0.54681,10.088,9.92,10.55484,10.07472,8.37789
2014-05-30,10.36,10.31,10.41,10.18,26082.0,600843,-0.00961,0.04036,0.06618,-0.04801,0.27757,0.53195,10.168,9.95048,10.54645,10.09293,8.39244
2014-06-03,10.32,10.12,10.35,10.11,20251.0,600843,-0.01843,0.00397,0.02846,-0.12834,0.24477,0.49926,10.176,9.96381,10.52242,10.10911,8.40614
2014-06-04,10.1,9.8,10.21,9.7,19850.0,600843,-0.03162,-0.01804,-0.02293,-0.11552,0.2069,0.42029,10.14,9.95286,10.50177,10.12276,8.41793
2014-06-05,9.8,9.88,9.99,9.72,14543.0,600843,0.00816,-0.01789,-0.03042,-0.08178,0.30688,0.44234,10.104,9.9381,10.48758,10.14163,8.43024
2014-06-06,9.86,9.85,9.97,9.83,10564.0,600843,-0.00304,-0.05379,-0.05106,-0.05379,0.25798,0.44853,9.992,9.91286,10.47855,10.15805,8.44264
2014-06-09,9.8,9.68,9.89,9.61,17567.0,600843,-0.01726,-0.06111,-0.04724,-0.09023,0.18193,0.41108,9.866,9.89,10.46306,10.17016,8.45411
2014-06-10,9.7,9.78,9.81,9.6,12144.0,600843,0.01033,-0.0336,0.03056,0.00102,0.12803,0.42151,9.798,9.90381,10.46323,10.17919,8.46589
2014-06-11,9.79,10.76,10.76,9.73,71421.0,600843,0.1002,0.09796,0.10133,0.08687,0.20628,0.6303,9.99,9.95095,10.4771,10.19415,8.4828
2014-06-12,10.59,10.7,10.93,10.55,79126.0,600843,-0.00558,0.083,0.06786,0.09407,0.09072,0.61876,10.154,9.98333,10.49194,10.20138,8.49943
2014-06-13,10.71,10.85,11.0,10.58,58864.0,600843,0.01402,0.10152,0.085,0.10601,0.00556,0.6718,10.354,10.02381,10.50871,10.20187,8.51715
2014-06-16,10.86,10.74,10.89,10.64,34450.0,600843,-0.01014,0.1095,0.09816,0.09928,-0.0952,0.67551,10.566,10.06952,10.52435,10.19268,8.53476
2014-06-17,10.65,10.38,10.7,10.35,41228.0,600843,-0.03352,0.06135,0.06571,0.04954,-0.14778,0.6715,10.686,10.1,10.53226,10.17805,8.55171
2014-06-18,10.43,10.49,10.58,10.33,32002.0,600843,0.0106,-0.02509,0.0848,0.03964,-0.11026,0.6784,10.632,10.13905,10.53871,10.16748,8.56894
2014-06-19,10.43,10.53,10.82,10.2,45085.0,600843,0.00381,-0.01589,0.09346,0.03134,-0.04533,0.6848,10.598,10.1819,10.54387,10.16341,8.58634
2014-06-20,10.75,10.44,10.75,10.25,24017.0,600843,-0.00855,-0.03779,0.07629,0.08187,-0.01695,0.67576,10.516,10.21714,10.55661,10.16195,8.60346
2014-06-23,10.4,10.58,10.78,10.4,32500.0,600843,0.01341,-0.0149,0.07849,0.07194,0.02222,0.72033,10.484,10.25381,10.56806,10.16382,8.62146
2014-06-24,10.59,10.75,10.81,10.59,29043.0,600843,0.01607,0.03565,0.08476,0.09248,0.03167,0.80067,10.558,10.29381,10.58274,10.1665,8.64089
2014-06-25,10.72,10.47,10.8,10.41,24124.0,600843,-0.02605,-0.00191,0.03869,-0.03235,0.04076,0.77157,10.554,10.31238,10.5771,10.16984,8.65943
2014-06-26,10.48,10.55,10.65,10.44,24582.0,600843,0.00764,0.0019,0.05711,-0.00189,0.03941,0.93578,10.558,10.33952,10.57677,10.17309,8.68016
2014-06-27,10.56,10.64,10.66,10.44,24568.0,600843,0.00853,0.01916,0.05765,-0.00561,0.07583,1.01515,10.598,10.36714,10.57581,10.17919,8.70195
2014-06-30,10.66,10.55,10.78,10.47,43471.0,600843,-0.00846,-0.00284,0.01345,-0.10365,0.04249,0.97196,10.592,10.37381,10.55613,10.18268,8.72309
2014-07-01,10.56,10.98,10.99,10.55,63280.0,600843,0.04076,0.0214,0.06499,-0.04021,0.13665,1.0717,10.638,10.40571,10.54871,10.19341,8.74618
2014-07-02,10.99,11.08,11.11,10.81,57574.0,600843,0.00911,0.05826,0.09486,-0.07435,0.108,1.12668,10.76,10.45143,10.53435,10.2022,8.77004
2014-07-03,11.08,11.56,11.79,10.88,102013.0,600843,0.04332,0.09573,0.17959,-0.00773,0.18443,1.19355,10.962,10.53524,10.5329,10.21683,8.79561
2014-07-04,11.68,11.43,12.69,11.41,129573.0,600843,-0.01125,0.07425,0.15688,-0.06158,0.11621,1.12454,11.12,10.60905,10.52081,10.2265,8.8202
2014-07-07,11.41,12.12,12.38,11.01,115241.0,600843,0.06037,0.14882,0.23046,0.01338,0.18591,1.30857,11.434,10.71714,10.52339,10.24195,8.84813
2014-07-08,11.88,11.83,11.98,11.66,78765.0,600843,-0.02393,0.07741,0.22211,-0.0117,0.21209,1.18266,11.604,10.81952,10.52113,10.25878,8.87419
2014-07-09,11.68,11.19,11.72,11.15,65281.0,600843,-0.0541,0.00993,0.14417,-0.07214,0.27304,1.05699,11.626,10.88667,10.5071,10.27829,8.89756
2014-07-10,11.19,11.07,11.3,11.06,31256.0,600843,-0.01072,-0.04239,0.02881,-0.12213,0.25795,1.12069,11.528,10.90143,10.48226,10.29675,8.92134
2014-07-11,11.15,11.26,11.29,11.01,22797.0,600843,0.01716,-0.01487,0.05234,-0.06865,0.27376,0.96167,11.494,10.9281,10.46887,10.31642,8.94378
2014-07-14,11.25,11.5,11.51,11.19,35596.0,600843,0.02131,-0.05116,0.05991,-0.02128,0.32184,0.89456,11.37,10.95905,10.46484,10.33919,8.96585
2014-07-15,11.42,11.2,11.47,11.15,32622.0,600843,-0.02609,-0.05325,0.04283,-0.04192,0.30994,0.86356,11.244,10.98095,10.45694,10.36073,8.98695
2014-07-16,11.28,11.3,11.45,11.2,27992.0,600843,0.00893,0.00983,0.08863,-0.03912,0.35492,0.91525,11.266,11.02476,10.44952,10.3848,9.0089
2014-07-17,11.3,11.15,11.33,11.1,19556.0,600843,-0.01327,0.00723,0.06292,-0.04863,0.292,0.87395,11.282,11.05619,10.44032,10.40528,9.03004
2014-07-18,11.08,11.08,11.27,11.04,19717.0,600843,-0.00628,-0.01599,0.05223,-0.0634,0.28538,0.86847,11.246,11.08238,10.42823,10.42528,9.05098
2014-07-21,11.07,10.9,11.07,10.6,30906.0,600843,-0.01625,-0.05217,0.04406,0.0149,0.2261,0.89895,11.126,11.10429,10.43081,10.44163,9.07195
2014-07-22,10.8,10.97,10.99,10.75,18302.0,600843,0.00642,-0.02054,0.03686,0.00735,0.29363,0.94849,11.08,11.12286,10.4321,10.46187,9.09366
2014-07-23,10.98,10.65,10.99,10.6,24027.0,600843,-0.02917,-0.05752,-0.0093,-0.00281,0.25147,0.96858,10.95,11.1181,10.43161,10.47927,9.11496
2014-07-24,10.65,10.72,10.85,10.6,15521.0,600843,0.00657,-0.03857,0.02388,0.0572,0.2538,0.80168,10.864,11.13,10.44097,10.49691,9.13435
2014-07-25,10.6,10.76,10.82,10.58,12689.0,600843,0.00373,-0.02888,0.01991,0.09128,0.20899,0.79333,10.8,11.14,10.45548,10.51203,9.1537
2014-07-28,10.79,11.31,11.33,10.78,49882.0,600843,0.05112,0.03761,0.06297,0.21352,0.23742,0.90084,10.882,11.1719,10.48758,10.52967,9.17549
2014-07-29,11.31,11.25,11.6,11.18,39111.0,600843,-0.00531,0.02552,0.06635,0.16339,0.23355,0.95993,10.938,11.20524,10.51306,10.54699,9.19789
2014-07-30,11.2,11.25,11.4,11.12,22285.0,600843,0.0,0.05634,0.02459,0.14329,0.20064,0.93966,11.058,11.2181,10.53581,10.56228,9.22004
2014-07-31,11.21,11.31,11.35,11.15,22416.0,600843,0.00533,0.05504,0.02076,0.12762,0.24422,1.02326,11.176,11.22905,10.55645,10.58033,9.24329
2014-08-01,11.3,11.18,11.44,11.15,26222.0,600843,-0.01149,0.03903,-0.03287,0.09715,0.20215,0.9614,11.26,11.21095,10.57242,10.59561,9.26557
2014-08-04,11.18,11.37,11.4,11.14,22905.0,600843,0.01699,0.00531,-0.00525,0.09538,0.17702,0.99124,11.272,11.2081,10.58839,10.60951,9.28858
2014-08-05,11.4,11.33,11.4,11.23,19829.0,600843,-0.00352,0.00711,-0.06518,0.11516,0.13187,0.94674,11.288,11.17048,10.60726,10.62024,9.31098
2014-08-06,11.26,11.3,11.35,11.11,28578.0,600843,-0.00265,0.00444,-0.0448,0.19073,0.11771,0.94828,11.298,11.14524,10.63645,10.62992,9.33333
2014-08-07,11.29,11.24,11.35,11.22,23140.0,600843,-0.00531,-0.00619,0.00447,0.15046,0.12176,0.92466,11.284,11.14762,10.66016,10.63984,9.35528
2014-08-08,11.21,11.27,11.33,11.18,16035.0,600843,0.00267,0.00805,0.01807,0.12475,0.15353,0.90694,11.302,11.15714,10.68032,10.65203,9.37707
2014-08-11,11.23,11.43,11.45,11.23,30364.0,600843,0.0142,0.00528,0.0151,0.143,0.11295,0.94719,11.314,11.16524,10.70339,10.66146,9.39967
2014-08-12,11.34,11.64,11.72,11.34,43906.0,600843,0.01837,0.02736,0.01217,0.19018,0.14342,0.99657,11.376,11.1719,10.73339,10.67333,9.42329
2014-08-13,11.62,11.54,11.64,11.35,30855.0,600843,-0.00859,0.02124,0.03036,0.1848,0.1336,0.98966,11.424,11.1881,10.76242,10.68439,9.44663
2014-08-14,11.52,11.38,11.7,11.36,38193.0,600843,-0.01386,0.01246,0.00708,0.17684,0.15416,0.89667,11.452,11.1919,10.79,10.69675,9.4685
2014-08-15,11.38,11.42,11.5,11.3,30226.0,600843,0.00351,0.01331,0.02422,0.18588,0.15237,0.90017,11.482,11.20476,10.81887,10.70902,9.49049
2014-08-18,11.43,11.49,11.49,11.35,25570.0,600843,0.00613,0.00525,0.037,0.18454,0.19439,0.78972,11.494,11.22429,10.84774,10.72423,9.5111
2014-08-19,11.49,11.43,11.63,11.38,31297.0,600843,-0.00522,-0.01804,0.04862,0.16514,0.19436,0.77484,11.452,11.24952,10.87387,10.73935,9.53138
2014-08-20,11.43,11.7,11.72,11.41,38443.0,600843,0.02362,0.01386,0.06655,0.18063,0.21875,0.93388,11.484,11.28429,10.90274,10.75642,9.55435
2014-08-21,11.75,11.56,11.75,11.45,28026.0,600843,-0.01197,0.01582,0.08545,0.14683,0.0947,0.86753,11.52,11.32762,10.92661,10.76455,9.57618
2014-08-22,11.56,11.92,12.02,11.52,56869.0,600843,0.03114,0.04378,0.11194,0.19439,0.02847,0.94771,11.62,11.38476,10.9579,10.76724,9.59976
2014-08-25,11.88,11.97,12.11,11.72,48914.0,600843,0.00419,0.04178,0.11245,0.18986,0.08326,0.9623,11.716,11.44238,10.98871,10.77472,9.62362
2014-08-26,11.98,11.46,12.04,11.43,38882.0,600843,-0.04261,0.00262,0.01326,0.10086,0.05817,0.86039,11.722,11.44952,11.00565,10.77984,9.64516
2014-08-27,11.37,11.36,11.54,11.34,25934.0,600843,-0.00873,-0.02906,0.00978,0.10184,-0.02153,0.85016,11.654,11.45476,11.02258,10.7778,9.66638
2014-08-28,11.36,11.21,11.42,11.0,33294.0,600843,-0.0132,-0.03028,-0.00356,0.10771,0.01173,0.72994,11.584,11.45286,11.04016,10.77886,9.68561
2014-08-29,11.19,11.3,11.32,11.13,11488.0,600843,0.00803,-0.05201,-0.00088,0.15306,0.05019,0.67905,11.46,11.45238,11.06435,10.78325,9.70419
2014-09-01,11.3,11.38,11.48,11.25,19067.0,600843,0.00708,-0.04929,0.01789,0.15182,0.09318,0.66131,11.342,11.4619,11.08855,10.79114,9.7226
2014-09-02,11.46,11.51,11.53,11.39,26357.0,600843,0.01142,0.00436,0.01231,0.16853,0.08177,0.70015,11.352,11.46857,11.11532,10.79821,9.74187
2014-09-03,11.53,11.57,11.64,11.4,26287.0,600843,0.00521,0.01849,0.02118,0.19525,0.18424,0.64815,11.394,11.48,11.14581,10.81285,9.76037
2014-09-04,11.59,11.74,11.88,11.51,38093.0,600843,0.01469,0.04728,0.03894,0.20041,0.18586,0.78149,11.5,11.50095,11.17742,10.8278,9.7813
2014-09-05,11.75,11.8,11.9,11.64,31475.0,600843,0.00511,0.04425,0.04982,0.09665,0.20654,0.76647,11.6,11.52762,11.19419,10.84423,9.80211
2014-09-09,11.88,11.7,11.88,11.67,29444.0,600843,-0.00847,0.02812,0.03815,0.09346,0.19266,0.59184,11.664,11.5481,11.21032,10.85959,9.8198
2014-09-10,11.7,11.8,11.84,11.53,27170.0,600843,0.00855,0.0252,0.03237,0.08756,0.20778,0.65035,11.722,11.56571,11.22565,10.8761,9.8387
2014-09-11,11.8,11.63,11.92,11.57,34762.0,600843,-0.01441,0.00519,-0.00086,0.08287,0.17594,0.59534,11.734,11.56524,11.24,10.89024,9.85634
2014-09-12,11.62,11.67,11.68,11.44,34189.0,600843,0.00344,-0.00596,0.01127,0.12428,0.15659,0.60966,11.72,11.57143,11.26081,10.90309,9.87431
2014-09-15,11.67,12.13,12.5,11.67,75562.0,600843,0.03942,0.02797,0.06591,0.15634,0.18805,0.57124,11.786,11.60714,11.28726,10.9187,9.89224
2014-09-16,12.11,11.83,12.39,11.7,75561.0,600843,-0.02473,0.01111,0.0359,0.12346,0.22591,0.3934,11.812,11.62667,11.30823,10.93642,9.90581
2014-09-17,11.78,11.74,11.89,11.48,28851.0,600843,-0.00761,-0.00508,0.02176,0.12452,0.18946,0.42996,11.8,11.63857,11.32919,10.95163,9.92016
2014-09-18,11.65,11.74,11.8,11.6,24899.0,600843,0.0,0.00946,0.02712,0.10964,0.19309,0.51876,11.822,11.65333,11.3479,10.96707,9.93646
2014-09-19,11.7,12.09,12.2,11.66,49674.0,600843,0.02981,0.03599,0.03333,0.12465,0.11738,0.55,11.906,11.6719,11.36952,10.9774,9.9539
2014-09-22,12.01,12.23,12.28,11.92,62123.0,600843,0.01158,0.00824,0.05796,0.1681,0.15705,0.68457,11.926,11.70381,11.3979,10.99089,9.97411
2014-09-23,12.22,12.25,12.34,12.08,50785.0,600843,0.00164,0.0355,0.02768,0.16114,0.14486,0.65765,12.01,11.71952,11.42532,11.0035,9.99386
2014-09-24,12.23,12.35,12.46,12.12,48718.0,600843,0.00816,0.05196,0.03175,0.16071,0.04928,0.63576,12.132,11.73762,11.4529,11.00821,10.01337
2014-09-25,12.68,12.21,12.98,12.19,80604.0,600843,-0.01134,0.04003,0.06545,0.15735,0.06731,0.58778,12.226,11.77333,11.47968,11.01447,10.03175
2014-09-26,12.18,11.98,12.18,11.9,42790.0,600843,-0.01884,-0.0091,0.05458,0.09107,0.00084,0.59097,12.204,11.80286,11.49581,11.01455,10.04984
2014-09-29,12.0,12.19,12.19,11.97,39277.0,600843,0.01753,-0.00327,0.08742,0.10018,0.04635,0.76667,12.196,11.84952,11.51371,11.01894,10.07134
2014-09-30,12.18,12.19,12.25,12.12,35165.0,600843,0.0,-0.0049,0.07876,0.0545,0.00082,0.80325,12.184,11.8919,11.52387,11.01902,10.09341
2014-10-08,12.19,12.34,12.49,12.19,44040.0,600843,0.01231,-0.00081,0.08436,0.07962,0.03177,0.7781,12.182,11.93762,11.53855,11.02211,10.11537
2014-10-09,12.34,12.2,12.42,12.1,37760.0,600843,-0.01135,-0.00082,0.05995,0.0066,0.01921,0.73789,12.18,11.97048,11.53984,11.02398,10.13642
2014-10-10,12.18,11.94,12.2,11.86,45043.0,600843,-0.02131,-0.00334,0.03198,0.0093,-0.00995,0.67461,12.172,11.9881,11.54161,11.02301,10.15598
2014-10-13,11.84,12.49,12.5,11.73,73653.0,600843,0.04606,0.02461,0.06388,0.11618,-0.00952,0.77667,12.232,12.02381,11.56258,11.02203,10.17817
2014-10-14,12.5,12.32,12.58,12.23,42650.0,600843,-0.01361,0.01066,0.04407,0.11292,0.01902,0.61892,12.258,12.04857,11.58274,11.0239,10.19732
2014-10-15,12.35,12.73,12.77,12.26,70052.0,600843,0.03328,0.0316,0.08803,0.13055,0.0834,0.63835,12.336,12.09762,11.60645,11.03187,10.21748
2014-10-16,12.62,12.41,12.88,12.36,51107.0,600843,-0.02514,0.01721,0.05169,0.07913,0.06159,0.60751,12.378,12.12667,11.62113,11.03772,10.23654
2014-10-17,12.28,12.18,12.4,11.9,37655.0,600843,-0.01853,0.0201,0.04729,0.0875,0.03571,0.59633,12.426,12.15286,11.63694,11.04114,10.25504
2014-10-20,12.2,12.67,12.68,12.04,38793.0,600843,0.04023,0.01441,0.08569,0.12124,0.08106,0.63273,12.462,12.20048,11.65903,11.04886,10.275
2014-10-21,12.7,12.54,12.82,12.52,37307.0,600843,-0.01026,0.01786,0.0338,0.12466,0.06002,0.62857,12.506,12.22,11.68145,11.05463,10.29467
2014-10-22,12.59,12.79,12.83,12.35,48793.0,600843,0.01994,0.00471,0.08115,0.15433,0.19088,0.60678,12.518,12.26571,11.70903,11.0713,10.31431
2014-10-23,12.83,13.26,13.46,12.66,130070.0,600843,0.03675,0.06849,0.12947,0.21651,0.21763,0.71539,12.688,12.3381,11.7471,11.09057,10.33679
2014-10-24,13.12,13.64,13.8,12.92,128658.0,600843,0.02866,0.11987,0.16184,0.24339,0.27715,0.84824,12.98,12.42857,11.79016,11.11463,10.36224
2014-10-27,13.72,12.71,13.82,12.55,112524.0,600843,-0.06818,0.00316,0.05128,0.19343,0.25345,0.73871,12.988,12.4581,11.82339,11.13553,10.38419
2014-10-28,12.52,13.98,13.98,12.48,151779.0,600843,0.09992,0.11483,0.14309,0.3041,0.41785,0.8841,13.276,12.54143,11.87597,11.16902,10.41085
2014-10-29,13.82,13.92,14.56,13.79,219308.0,600843,-0.00429,0.08835,0.13633,0.29368,0.49356,0.90947,13.502,12.62095,11.92694,11.20642,10.4378
2014-10-30,13.79,13.81,14.22,13.62,118183.0,600843,-0.0079,0.04148,0.11822,0.22104,0.42813,0.90746,13.612,12.69048,11.96726,11.24008,10.46451
2014-10-31,13.76,13.65,13.81,13.32,82364.0,600843,-0.01159,0.00073,0.11794,0.21333,0.3872,0.87243,13.614,12.75905,12.00597,11.27106,10.49037
2014-11-03,13.65,13.88,14.1,13.55,88308.0,600843,0.01685,0.09205,0.1586,0.23378,0.38385,0.86309,13.848,12.84952,12.04839,11.30236,10.5165
2014-11-04,13.86,13.41,13.97,13.28,66160.0,600843,-0.03386,-0.04077,0.10008,0.18568,0.316,0.7668,13.734,12.90762,12.08226,11.32854,10.54016
2014-11-05,13.3,13.47,13.59,13.13,42208.0,600843,0.00447,-0.03233,0.105,0.20483,0.29769,0.77704,13.644,12.96857,12.11919,11.35366,10.56411
2014-11-06,13.45,13.6,13.66,13.15,46410.0,600843,0.00965,-0.01521,0.10211,0.19613,0.33858,0.7801,13.602,13.02857,12.15516,11.38163,10.58833
2014-11-07,13.52,13.3,13.99,13.22,66486.0,600843,-0.02206,-0.02564,0.09016,0.17387,0.40148,0.75926,13.532,13.08095,12.18694,11.4126,10.61167
2014-11-10,13.32,13.44,13.54,12.98,50857.0,600843,0.01053,-0.0317,0.12563,0.18938,0.37564,0.78013,13.444,13.15238,12.22145,11.44244,10.63561
2014-11-11,13.44,12.6,13.52,12.45,58506.0,600843,-0.0625,-0.0604,0.00881,0.121,0.25749,0.71662,13.282,13.15762,12.24339,11.46341,10.65699
2014-11-12,12.5,12.82,13.03,12.32,47952.0,600843,0.01746,-0.04826,0.04058,0.13753,0.282,0.73948,13.152,13.18143,12.26839,11.48634,10.67915
2014-11-13,12.85,12.39,12.85,12.33,46909.0,600843,-0.03354,-0.08897,-0.02671,0.08399,0.26687,0.67886,12.91,13.16524,12.28387,11.50756,10.69951
2014-11-14,12.22,12.28,12.35,12.03,29769.0,600843,-0.00888,-0.07669,-0.01048,0.05498,0.26078,0.74432,12.706,13.15905,12.29419,11.52821,10.72081
2014-11-17,12.31,12.44,12.47,12.18,26629.0,600843,0.01303,-0.0744,0.02135,0.07799,0.28645,0.76204,12.506,13.17143,12.30871,11.55073,10.74268
2014-11-18,12.48,12.14,12.48,12.08,50343.0,600843,-0.02412,-0.03651,-0.04183,0.06678,0.26064,0.66074,12.414,13.14619,12.32097,11.57114,10.76232
2014-11-19,12.16,12.48,12.49,12.13,36530.0,600843,0.02801,-0.02652,-0.00478,0.09282,0.2866,0.64211,12.346,13.14333,12.33806,11.59374,10.78215
2014-11-20,12.49,12.49,12.59,12.4,31162.0,600843,0.0008,0.00807,-0.02346,0.08703,0.27319,0.63482,12.366,13.12905,12.35419,11.61553,10.80187
2014-11-21,12.45,12.48,12.58,12.36,27258.0,600843,-0.0008,0.01629,-0.05882,0.09186,0.25933,0.60618,12.406,13.0919,12.37113,11.63642,10.82102
2014-11-24,12.55,12.55,12.77,12.43,40852.0,600843,0.00561,0.00884,-0.07991,0.07265,0.24504,0.58861,12.428,13.04,12.38484,11.6565,10.83992
2014-11-25,12.54,12.99,13.0,12.53,62363.0,600843,0.03506,0.07002,0.02203,0.1237,0.3016,0.66967,12.598,13.05333,12.4079,11.68098,10.8611
2014-11-26,13.02,12.89,13.1,12.78,46366.0,600843,-0.0077,0.03285,-0.07797,0.08138,0.28131,0.57579,12.68,13.00143,12.42355,11.70398,10.88024
2014-11-27,12.98,12.81,13.05,12.7,39394.0,600843,-0.00621,0.02562,-0.07974,0.07018,0.23055,0.56793,12.744,12.94857,12.4371,11.7235,10.89911
2014-11-28,12.91,13.12,13.22,12.83,71399.0,600843,0.0242,0.05128,-0.04996,0.14485,0.27255,0.62577,12.872,12.91571,12.46387,11.74634,10.91963
2014-12-01,13.21,12.69,13.23,12.67,47696.0,600843,-0.03277,0.01116,-0.07033,0.11708,0.25395,0.56089,12.9,12.87,12.48532,11.76724,10.93817
2014-12-02,12.69,12.66,12.87,12.57,36599.0,600843,-0.00236,-0.0254,-0.0879,0.12935,0.29184,0.55911,12.834,12.8119,12.50871,11.79049,10.95663
2014-12-03,12.62,12.77,12.88,12.6,43097.0,600843,0.00869,-0.00931,-0.04773,0.13009,0.29251,0.68915,12.81,12.78143,12.53242,11.81398,10.9778
2014-12-04,12.79,12.93,12.95,12.71,49482.0,600843,0.01253,0.00937,-0.04009,0.1362,0.31269,0.65134,12.834,12.75571,12.55742,11.83902,10.99854
2014-12-05,12.94,12.17,12.94,12.0,68133.0,600843,-0.05878,-0.07241,-0.10515,0.05734,0.25723,0.48596,12.644,12.68762,12.56806,11.85927,11.01472
2014-12-08,12.17,12.15,12.38,12.08,40974.0,600843,-0.00164,-0.04255,-0.08647,0.05013,0.24233,0.40138,12.536,12.63286,12.57742,11.87854,11.02886
2014-12-09,12.1,11.32,12.13,11.3,76238.0,600843,-0.06831,-0.10585,-0.15774,-0.03578,0.05204,0.26906,12.268,12.5319,12.57065,11.88309,11.03862
2014-12-10,11.18,11.61,11.68,11.18,29928.0,600843,0.02562,-0.09084,-0.07857,-0.0161,0.08505,0.18349,12.036,12.48476,12.56758,11.89049,11.04593
2014-12-11,11.56,11.64,11.65,11.38,32639.0,600843,0.00258,-0.09977,-0.09204,-0.00513,0.07281,0.07878,11.778,12.42857,12.56661,11.89691,11.04939
2014-12-12,11.65,11.79,11.88,11.58,32145.0,600843,0.01289,-0.03122,-0.04843,-0.00085,0.09777,-0.00674,11.702,12.4,12.56645,11.90545,11.04907
2014-12-15,11.71,11.91,11.95,11.71,28940.0,600843,0.01018,-0.01975,-0.03013,0.02408,0.1474,-0.02217,11.654,12.38238,12.57097,11.91789,11.04797
2014-12-16,11.92,12.05,12.07,11.72,41387.0,600843,0.01175,0.06449,-0.03135,0.03256,0.14871,0.02205,11.8,12.36381,12.5771,11.93057,11.04902
2014-12-17,11.98,11.78,11.99,11.7,34609.0,600843,-0.02241,0.01464,-0.02965,-0.02885,0.11871,0.068,11.834,12.34667,12.57145,11.94073,11.05207
2014-12-18,11.8,11.79,11.95,11.55,35048.0,600843,0.00085,0.01289,-0.05529,-0.00338,0.12931,0.11017,11.864,12.31381,12.57081,11.95171,11.05683
2014-12-19,11.77,11.5,11.79,11.4,25709.0,600843,-0.0246,-0.0246,-0.07926,-0.02044,0.08696,0.11111,11.806,12.26667,12.56694,11.95919,11.0615
2014-12-22,11.51,11.56,11.63,10.7,43387.0,600843,0.00522,-0.02939,-0.07372,-0.01533,0.07535,0.1094,11.736,12.22286,12.56403,11.96577,11.06614
2014-12-23,11.46,12.0,12.09,11.3,73693.0,600843,0.03806,-0.00415,-0.04382,-0.00744,0.14613,0.19284,11.726,12.19667,12.56258,11.97821,11.07402
2014-12-24,12.0,12.45,12.5,12.0,84880.0,600843,0.0375,0.05688,-0.04157,0.01799,0.18009,0.2266,11.86,12.17095,12.56613,11.99366,11.08337
2014-12-25,12.68,12.88,12.95,12.3,126891.0,600843,0.03454,0.09245,-0.00078,0.05143,0.21053,0.30233,12.078,12.17048,12.57629,12.01187,11.09553
2014-12-26,13.1,12.89,13.1,12.58,118338.0,600843,0.00078,0.12087,0.00625,0.04372,0.2218,0.27372,12.356,12.17429,12.585,12.03089,11.10679
2014-12-29,12.89,12.89,12.95,12.36,78463.0,600843,0.0,0.11505,-0.01753,0.05569,0.17395,0.33437,12.622,12.16333,12.59597,12.04642,11.11992
2014-12-30,12.66,13.06,13.19,12.65,95615.0,600843,0.01319,0.08833,0.02916,0.09015,0.1787,0.306,12.834,12.18095,12.61339,12.06252,11.13236
2014-12-31,13.06,13.3,13.38,12.9,107818.0,600843,0.01838,0.06827,0.05055,0.09106,0.15052,0.3627,13.004,12.21143,12.63129,12.07667,11.14675
2015-01-05,13.26,13.16,13.28,12.92,77021.0,600843,-0.01053,0.02174,0.03054,0.07957,0.15136,0.28516,13.06,12.23,12.64694,12.09073,11.15862
2015-01-06,13.05,13.13,13.26,12.81,71984.0,600843,-0.00228,0.01862,0.01547,0.06402,0.08333,0.28474,13.108,12.23952,12.65968,12.09894,11.17045
2015-01-07,13.05,13.4,13.47,12.9,154326.0,600843,0.02056,0.03957,0.10107,0.09836,0.13271,0.37295,13.21,12.2981,12.67903,12.11171,11.18524
2015-01-08,13.28,13.3,13.38,13.04,78938.0,600843,-0.00746,0.01838,0.09465,0.1139,0.18856,0.51308,13.258,12.35286,12.70097,12.12886,11.20358
2015-01-09,13.29,13.59,13.8,13.17,228716.0,600843,0.0218,0.0218,0.20053,0.08807,0.22764,0.54432,13.316,12.46095,12.71871,12.14935,11.22305
2015-01-12,13.5,14.01,14.11,13.22,271891.0,600843,0.03091,0.06459,0.20672,0.13718,0.24423,0.58484,13.486,12.57524,12.74597,12.17171,11.24407
2015-01-13,13.99,14.63,14.7,13.71,235760.0,600843,0.04425,0.11424,0.25687,0.14925,0.27217,0.68161,13.786,12.71762,12.77661,12.19715,11.26817
2015-01-14,14.2,14.52,14.87,13.61,288959.0,600843,-0.00752,0.08358,0.23155,0.17002,0.29643,0.69825,14.01,12.84762,12.81065,12.22415,11.29244
2015-01-15,14.5,14.12,14.58,13.96,175026.0,600843,-0.02755,0.06165,0.18556,0.15928,0.24956,0.69305,14.174,12.95286,12.84194,12.24707,11.31593
2015-01-16,14.11,14.19,14.3,13.79,129282.0,600843,0.00496,0.04415,0.17759,0.11997,0.27265,0.64426,14.294,13.05476,12.86645,12.27179,11.33854
2015-01-19,13.85,14.11,14.25,13.4,183370.0,600843,-0.00564,0.00714,0.19779,0.1252,0.27347,0.63689,14.314,13.16571,12.89177,12.29642,11.36085
2015-01-20,14.13,13.49,14.69,13.28,267152.0,600843,-0.04394,-0.07792,0.14419,0.05473,0.23761,0.51744,14.086,13.24667,12.90306,12.31748,11.37955
2015-01-21,13.01,13.24,13.38,12.86,214237.0,600843,-0.01853,-0.08815,0.1513,-0.00151,0.20693,0.56132,13.83,13.32952,12.90274,12.33593,11.3989
2015-01-22,13.05,13.18,13.19,12.97,115611.0,600843,-0.00453,-0.06657,0.14014,-0.03372,0.23756,0.54877,13.642,13.40667,12.89532,12.3565,11.41789
2015-01-23,13.18,13.18,13.32,13.09,100408.0,600843,0.0,-0.07118,0.09833,0.03698,0.22948,0.54152,13.44,13.46286,12.9029,12.3765,11.43671
2015-01-26,13.2,13.49,13.53,13.15,110275.0,600843,0.02352,-0.04394,0.08353,-0.03505,0.25372,0.51573,13.316,13.51238,12.895,12.3987,11.45537
2015-01-27,13.5,13.31,13.57,13.1,83356.0,600843,-0.01334,-0.01334,0.03339,-0.04382,0.17683,0.45624,13.28,13.53286,12.88516,12.41496,11.47232
2015-01-28,13.28,13.21,13.34,13.15,46709.0,600843,-0.00751,-0.00227,0.02483,-0.04345,0.17422,0.44846,13.274,13.5481,12.87548,12.43089,11.48894
2015-01-29,13.15,13.31,13.39,13.1,51211.0,600843,0.00757,0.00986,0.03258,-0.02491,0.18311,0.42049,13.3,13.5681,12.87,12.44764,11.50496
2015-01-30,13.31,12.91,13.43,12.87,54740.0,600843,-0.03005,-0.02049,-0.01149,-0.06988,0.14147,0.42024,13.246,13.56095,12.85435,12.46065,11.52049
2015-02-02,12.67,12.79,12.89,12.53,30891.0,600843,-0.0093,-0.05189,-0.03835,-0.04623,0.14401,0.37527,13.106,13.53667,12.84435,12.47374,11.53467
2015-02-03,12.8,13.0,13.04,12.79,32598.0,600843,0.01642,-0.02329,-0.01216,-0.03489,0.14336,0.34576,13.044,13.52905,12.83677,12.48699,11.54825
2015-02-04,13.0,12.87,13.09,12.81,32801.0,600843,-0.01,-0.02574,-0.0198,-0.05368,0.13592,0.28571,12.976,13.51667,12.825,12.49951,11.55988
2015-02-05,12.95,12.6,12.98,12.6,33090.0,600843,-0.02098,-0.05334,-0.0597,-0.05263,0.11504,0.24629,12.834,13.47857,12.81371,12.51008,11.57
2015-02-06,12.61,12.17,12.69,12.13,28218.0,600843,-0.03413,-0.05732,-0.08496,-0.09449,0.08274,0.21457,12.686,13.42476,12.79323,12.51764,11.57874
2015-02-09,12.09,12.21,12.28,12.09,16322.0,600843,0.00329,-0.04535,-0.10155,-0.03095,0.08341,0.24974,12.57,13.35905,12.78694,12.52528,11.58866
2015-02-10,12.22,12.41,12.42,12.21,16333.0,600843,0.01638,-0.04538,-0.1142,-0.03198,0.08574,0.20837,12.452,13.28286,12.78032,12.53325,11.59736
2015-02-11,12.48,12.35,12.48,12.3,16380.0,600843,-0.00483,-0.0404,-0.15584,-0.00323,0.061,0.21316,12.348,13.17429,12.77968,12.53902,11.60618
2015-02-12,12.36,12.42,12.45,12.35,13163.0,600843,0.00567,-0.01429,-0.14463,0.0114,0.07626,0.22004,12.312,13.07429,12.78194,12.54618,11.61528
2015-02-13,12.5,12.69,12.71,12.48,24301.0,600843,0.02174,0.04273,-0.10127,0.0201,0.11511,0.28702,12.416,13.00619,12.78597,12.55683,11.62679
2015-02-16,12.7,12.82,12.84,12.69,20679.0,600843,0.01024,0.04996,-0.09655,0.05601,0.12259,0.29364,12.538,12.94095,12.79694,12.56821,11.63862
2015-02-17,12.89,12.88,12.95,12.8,22021.0,600843,0.00468,0.03787,-0.08717,0.03205,0.12097,0.33888,12.632,12.88238,12.80339,12.57951,11.65187
2015-02-25,12.89,12.95,12.96,12.79,22010.0,600843,0.00543,0.04858,-0.04003,0.03683,0.13298,0.35319,12.752,12.85667,12.81081,12.59187,11.66561
2015-02-26,12.96,12.96,12.98,12.89,22529.0,600843,0.00077,0.04348,-0.02115,0.03846,0.10769,0.35,12.86,12.84333,12.81855,12.60211,11.67927
2015-02-27,12.97,12.9,12.97,12.82,35896.0,600843,-0.00463,0.01655,-0.02124,0.02789,0.11592,0.22159,12.902,12.83,12.82419,12.61301,11.68878
2015-03-02,12.92,13.17,13.18,12.85,50508.0,600843,0.02093,0.0273,-0.00076,0.01386,0.10487,0.13632,12.972,12.82952,12.8271,12.62317,11.6952
2015-03-03,13.15,12.93,13.26,12.92,47005.0,600843,-0.01822,0.00388,-0.04151,0.0031,0.0802,0.17014,12.982,12.80286,12.82774,12.63098,11.70285
2015-03-04,12.93,13.42,13.49,12.93,74763.0,600843,0.0379,0.03629,0.00826,0.04762,0.17103,0.23915,13.076,12.8081,12.83758,12.64691,11.71337
2015-03-05,13.42,13.34,13.55,13.22,42307.0,600843,-0.00596,0.02932,0.00984,0.01677,0.1743,0.14901,13.152,12.81429,12.84113,12.66301,11.72041
2015-03-06,13.32,13.02,13.45,12.98,48895.0,600843,-0.02399,0.0093,-0.02179,0.026,0.16146,0.17509,13.176,12.80048,12.84645,12.67772,11.72829
2015-03-09,13.02,13.27,13.39,12.92,40950.0,600843,0.0192,0.00759,0.02789,0.04818,0.17434,0.23327,13.196,12.81762,12.85629,12.69374,11.7385
2015-03-10,13.28,13.4,13.47,13.23,45767.0,600843,0.0098,0.03635,0.04769,0.04933,0.1775,0.28722,13.29,12.84667,12.86645,12.71016,11.75065
2015-03-11,13.4,13.2,13.46,13.15,33613.0,600843,-0.01493,-0.01639,0.01538,0.02088,0.14683,0.2406,13.246,12.85619,12.87081,12.7239,11.76106
2015-03-12,13.23,13.75,13.86,13.22,94794.0,600843,0.04167,0.03073,0.06838,0.12983,0.18842,0.40737,13.328,12.8981,12.89629,12.74163,11.77724
2015-03-13,13.86,13.81,13.96,13.63,66092.0,600843,0.00436,0.06068,0.09603,0.13663,0.17632,0.39495,13.486,12.95571,12.92306,12.75846,11.79313
2015-03-16,13.93,14.18,14.29,13.93,80679.0,600843,0.02679,0.06858,0.16516,0.25265,0.20169,0.4499,13.668,13.05143,12.96919,12.7778,11.81102
2015-03-17,14.18,14.13,14.34,14.0,79074.0,600843,-0.00353,0.05448,0.15725,0.21705,0.20769,0.44037,13.814,13.14286,13.00984,12.79756,11.82858
2015-03-18,14.14,14.19,14.23,14.06,56839.0,600843,0.00425,0.075,0.14343,0.21907,0.20254,0.45241,14.012,13.22762,13.05097,12.81699,11.84654
2015-03-19,14.18,13.97,14.18,13.81,69373.0,600843,-0.0155,0.016,0.13117,0.1849,0.2012,0.41254,14.056,13.30476,13.08613,12.83602,11.86313
2015-03-20,13.97,14.13,14.19,13.94,54099.0,600843,0.01145,0.02317,0.13768,0.1864,0.2108,0.4004,14.12,13.38619,13.12194,12.85602,11.87955
2015-03-23,14.2,14.58,14.59,14.0,124268.0,600843,0.03185,0.02821,0.14894,0.20996,0.20198,0.42801,14.2,13.47619,13.16274,12.87593,11.89732
2015-03-24,14.55,14.92,14.98,14.33,125925.0,600843,0.02332,0.05591,0.16381,0.26655,0.2612,0.54611,14.358,13.57619,13.21339,12.90106,11.91874
2015-03-25,14.98,14.59,15.08,14.45,80378.0,600843,-0.02212,0.02819,0.13276,0.23749,0.24276,0.47822,14.438,13.65762,13.25855,12.92423,11.93793
2015-03-26,14.57,14.14,14.58,14.0,73436.0,600843,-0.03084,0.01217,0.09189,0.22957,0.20443,0.43699,14.472,13.71429,13.30113,12.94374,11.95541
2015-03-27,14.06,14.2,14.25,14.03,46888.72,600843,0.00424,0.00495,0.09568,0.22837,0.17452,0.31238,14.486,13.77333,13.34371,12.96089,11.96915
2015-03-30,14.2,14.37,14.4,14.11,90507.0,600843,0.01197,-0.0144,0.11395,0.1975,0.17498,0.35951,14.444,13.84333,13.38194,12.97829,11.98459
2015-03-31,14.48,14.0,14.97,13.95,223119.0,600843,-0.02575,-0.06166,0.06302,0.1245,0.14286,0.30841,14.26,13.88286,13.40694,12.99252,11.99801
2015-04-01,14.03,14.11,14.19,13.88,123778.0,600843,0.00786,-0.0329,0.09126,0.0955,0.14251,0.19881,14.164,13.93905,13.42677,13.00683,12.00752
2015-04-02,14.13,14.57,14.59,14.05,165376.0,600843,0.0326,0.03041,0.08569,0.13033,0.19328,0.2736,14.25,13.99381,13.45387,13.02602,12.02024
2015-04-03,14.5,14.67,14.74,14.33,183495.0,600843,0.00686,0.0331,0.0997,0.13809,0.22454,0.22556,14.344,14.05714,13.48258,13.04789,12.03122
2015-04-07,14.79,15.64,16.08,14.56,303457.0,600843,0.06612,0.08838,0.20123,0.19755,0.28302,0.34249,14.598,14.1819,13.52419,13.07593,12.04744
2015-04-08,15.58,15.14,15.74,14.8,205008.0,600843,-0.03197,0.08143,0.14092,0.13835,0.242,0.24302,14.826,14.27095,13.55387,13.09992,12.05947
2015-04-09,15.11,16.1,16.27,14.48,259067.0,600843,0.06341,0.14103,0.20149,0.2234,0.3047,0.34615,15.224,14.39952,13.60129,13.13049,12.0763
2015-04-10,16.16,16.19,16.55,15.85,210190.0,600843,0.00559,0.11119,0.22652,0.23305,0.32705,0.35255,15.548,14.5419,13.65065,13.16293,12.09346
2015-04-13,16.11,16.27,16.89,16.0,211925.0,600843,0.00494,0.10907,0.18327,0.21418,0.36265,0.34909,15.868,14.6619,13.69694,13.19813,12.11057
2015-04-14,16.2,16.04,16.61,15.7,184209.0,600843,-0.01414,0.02558,0.16148,0.20602,0.28423,0.27201,15.948,14.7681,13.74113,13.22699,12.12451
2015-04-15,16.01,15.02,16.44,14.97,153469.0,600843,-0.06359,-0.00793,0.05924,0.10522,0.21916,0.24235,15.924,14.8081,13.76419,13.24894,12.13642
2015-04-16,14.86,15.0,15.42,14.55,117467.0,600843,-0.00133,-0.06832,0.06157,0.07066,0.17832,0.2766,15.704,14.84952,13.78016,13.2674,12.14963
2015-04-17,15.25,15.16,15.38,15.08,104009.0,600843,0.01067,-0.06362,0.06836,0.03623,0.2216,0.29683,15.498,14.89571,13.78871,13.28976,12.16374
2015-04-20,15.18,14.51,15.29,14.44,137802.0,600843,-0.04288,-0.10817,0.03865,-0.00069,0.1913,0.23384,15.146,14.92143,13.78855,13.3087,12.17492
2015-04-21,14.51,15.04,15.05,14.45,71589.0,600843,0.03653,-0.06234,0.0644,0.06516,0.18706,0.28328,14.946,14.96476,13.80339,13.32797,12.18841
2015-04-22,15.13,15.5,15.6,15.06,108494.0,600843,0.03059,0.03196,0.0631,0.09232,0.23604,0.31023,15.042,15.00857,13.82452,13.35203,12.20333
2015-04-23,15.7,15.79,15.85,15.34,146495.0,600843,0.01871,0.05267,0.05831,0.11906,0.23456,0.4702,15.2,15.05,13.85161,13.37642,12.22386
2015-04-24,15.51,15.5,15.74,15.18,120191.0,600843,-0.01837,0.02243,0.06237,0.149,0.16893,0.42332,15.268,15.09333,13.88403,13.39463,12.2426
2015-04-27,15.77,15.68,15.95,15.35,139247.0,600843,0.01161,0.08063,0.10891,0.18429,0.14956,0.46816,15.502,15.16667,13.92339,13.41122,12.26293
2015-04-28,15.68,15.15,15.95,14.98,122643.0,600843,-0.0338,0.00731,0.0669,0.14947,0.19197,0.49408,15.524,15.2119,13.95516,13.43106,12.28329
2015-04-29,15.0,15.39,15.65,14.77,85935.0,600843,0.01584,-0.0071,0.07098,0.16768,0.10086,0.56085,15.502,15.26048,13.99081,13.44252,12.30577
2015-04-30,15.46,15.46,15.84,15.4,92788.0,600843,0.00455,-0.0209,0.10429,0.14603,0.11063,0.6588,15.436,15.33,14.02258,13.45504,12.33073
2015-05-04,15.68,15.65,15.7,15.25,84895.0,600843,0.01229,0.00968,0.10914,0.17581,0.13324,0.61841,15.466,15.40333,14.06032,13.47,12.35504
2015-05-05,15.66,16.0,16.88,15.51,260041.0,600843,0.02236,0.02041,0.09815,0.2112,0.17216,0.62602,15.53,15.47143,14.10532,13.48911,12.38008
2015-05-06,15.9,15.47,16.5,15.27,191485.0,600843,-0.03312,0.02112,0.05453,0.16228,0.11455,0.54237,15.594,15.50952,14.14016,13.50203,12.4022
2015-05-07,15.04,14.1,15.04,14.01,121469.0,600843,-0.08856,-0.08382,-0.09847,0.09218,0.05145,0.38371,15.336,15.43619,14.15935,13.50764,12.41809
2015-05-08,14.25,14.53,14.55,14.05,85245.0,600843,0.0305,-0.06016,-0.04029,0.13604,0.07869,0.39981,15.15,15.40714,14.18742,13.51626,12.43496
2015-05-11,14.69,14.99,15.02,14.4,88708.0,600843,0.03166,-0.04217,-0.06894,0.15308,0.10221,0.47539,15.018,15.35429,14.21952,13.52756,12.45459
2015-05-12,15.0,15.16,15.36,14.9,103190.0,600843,0.01134,-0.0525,-0.06362,0.17793,0.13985,0.59747,14.85,15.30524,14.25645,13.54268,12.47764
2015-05-13,15.06,15.34,15.85,15.06,112859.0,600843,0.01187,-0.0084,-0.05716,0.21746,0.14137,0.57011,14.824,15.26095,14.30065,13.55813,12.50028
2015-05-14,15.3,15.23,15.52,15.0,89660.0,600843,-0.00717,0.08014,-0.0505,0.25144,0.20873,0.51996,15.05,15.22238,14.35,13.57951,12.52146
2015-05-15,15.14,14.81,15.19,14.66,98694.0,600843,-0.02758,0.01927,-0.01398,0.21294,0.15523,0.481,15.106,15.21238,14.39194,13.59569,12.54102
2015-05-18,14.81,15.85,15.89,14.68,137678.0,600843,0.07022,0.05737,0.05667,0.2772,0.27926,0.62065,15.278,15.25286,14.44742,13.62382,12.56569
2015-05-19,15.97,16.16,16.6,15.86,162275.0,600843,0.01956,0.06596,0.06596,0.3085,0.31596,0.65914,15.478,15.30048,14.50887,13.65537,12.59179
2015-05-20,16.17,16.16,16.95,16.03,158963.0,600843,0.0,0.05346,0.11371,0.30113,0.29904,0.67115,15.642,15.37905,14.56919,13.68561,12.61817
2015-05-21,16.1,16.46,16.64,15.88,136181.0,600843,0.01856,0.08076,0.09441,0.29708,0.35585,0.70924,15.888,15.44667,14.63,13.72073,12.64593
2015-05-22,16.85,18.11,18.11,16.25,189884.0,600843,0.10024,0.22282,0.16839,0.41264,0.45112,0.86701,16.548,15.57095,14.71532,13.7665,12.68012
2015-05-25,18.38,18.71,19.38,18.22,254391.0,600843,0.03313,0.18044,0.18493,0.45264,0.498,0.90724,17.12,15.71,14.80935,13.81707,12.7163
2015-05-26,18.99,19.03,19.35,18.41,177929.0,600843,0.0171,0.1776,0.22774,0.4695,0.52484,0.92028,17.694,15.8781,14.90742,13.87033,12.75337
2015-05-27,19.02,18.9,19.3,18.59,134312.0,600843,-0.00683,0.16955,0.20536,0.45833,0.50598,0.875,18.242,16.03143,15.00323,13.92195,12.78923
2015-05-28,18.86,17.1,19.79,17.01,207753.0,600843,-0.09524,0.03888,0.12871,0.32558,0.3164,0.71343,18.37,16.12429,15.07097,13.95537,12.81817
2015-05-29,17.02,17.43,17.89,16.3,159831.0,600843,0.0193,-0.03755,0.13255,0.32346,0.35221,0.7326,18.234,16.22143,15.13968,13.99228,12.84813
2015-06-01,17.68,18.68,19.0,17.58,123865.0,600843,0.07172,-0.0016,0.20828,0.4447,0.45824,0.79443,18.228,16.37476,15.23242,14.04,12.88175
2015-06-02,18.6,19.5,19.51,18.6,146898.0,600843,0.0439,0.0247,0.24601,0.45306,0.48628,0.89137,18.322,16.5581,15.33048,14.09187,12.91911
2015-06-03,19.75,19.08,19.98,18.7,153199.0,600843,-0.02154,0.00952,0.1925,0.43028,0.50355,0.88538,18.358,16.70476,15.42306,14.14382,12.95553
2015-06-04,19.3,20.64,20.69,17.5,204792.0,600843,0.08176,0.20702,0.3342,0.58525,0.63033,1.10612,19.066,16.95095,15.54597,14.2087,12.99959
2015-06-05,20.71,21.56,22.65,20.7,210459.0,600843,0.04457,0.23695,0.52908,0.62472,0.68833,1.18219,19.892,17.30619,15.67968,14.28016,13.04707
2015-06-08,21.85,23.13,23.68,21.85,225610.0,600843,0.07282,0.23822,0.59188,0.72612,0.78886,1.34822,20.782,17.71571,15.83661,14.36309,13.10106
2015-06-09,23.15,22.4,24.48,21.81,229498.0,600843,-0.03156,0.14872,0.49433,0.69697,0.84059,1.31405,21.362,18.06857,15.985,14.44626,13.15276
2015-06-10,22.01,23.48,23.5,21.68,180532.0,600843,0.04821,0.23061,0.54881,0.70764,0.93251,1.40082,22.242,18.46476,16.14194,14.53837,13.20846
2015-06-11,23.98,25.83,25.83,23.9,182476.0,600843,0.10009,0.25145,0.68383,0.87038,1.2818,1.40056,23.28,18.96429,16.33581,14.65634,13.26972
2015-06-12,28.41,26.86,28.41,26.6,383484.0,600843,0.03988,0.24583,0.76362,0.89422,1.31352,1.51028,24.34,19.5181,16.54032,14.78033,13.33541
2015-06-15,25.89,24.96,27.0,24.8,217936.0,600843,-0.07074,0.07912,0.68535,0.76645,1.14433,1.30046,24.706,20.00143,16.715,14.88862,13.39276
2015-06-16,24.6,25.13,25.79,23.4,150612.0,600843,0.00681,0.12188,0.58549,0.77097,1.13147,1.33985,25.252,20.44333,16.89145,14.99707,13.45126
2015-06-17,24.89,24.9,25.07,23.8,115881.0,600843,-0.00915,0.06048,0.54084,0.78239,1.09068,1.39884,25.536,20.85952,17.06774,15.10268,13.51028
2015-06-18,25.2,24.59,26.66,24.5,146964.0,600843,-0.01245,-0.04801,0.52166,0.74027,1.04066,1.34414,25.288,21.26095,17.23645,15.20463,13.5676
2015-06-19,23.59,22.13,24.26,22.13,102960.0,600843,-0.10004,-0.1761,0.34447,0.51783,0.87861,1.10161,24.342,21.53095,17.35823,15.28878,13.61476
2015-06-23,21.72,20.48,22.0,19.92,276354.0,600843,-0.07456,-0.17949,0.13087,0.37265,0.73707,0.96169,23.446,21.64381,17.4479,15.35943,13.65557
2015-06-24,20.85,22.53,22.53,20.1,207460.0,600843,0.1001,-0.10346,0.20417,0.54421,0.95913,1.12949,22.926,21.82571,17.57597,15.44911,13.70415
2015-06-25,22.75,22.41,24.48,21.47,261294.0,600843,-0.00533,-0.1,0.17761,0.58487,0.93858,1.08465,22.428,21.98667,17.70935,15.53732,13.75154
2015-06-26,21.33,20.17,21.69,20.17,144507.0,600843,-0.09996,-0.17975,0.0672,0.42042,0.68083,0.92646,21.544,22.04714,17.80565,15.60374,13.79098
2015-06-29,20.79,19.13,21.09,18.17,225549.0,600843,-0.05156,-0.13556,0.11871,0.33125,0.53655,0.81327,20.944,22.14381,17.88242,15.65805,13.82585
2015-06-30,19.28,20.68,20.84,17.22,229602.0,600843,0.08102,0.00977,0.18646,0.47714,0.60559,0.94361,20.984,22.29857,17.99016,15.72146,13.86667
2015-07-01,20.0,18.76,21.35,18.73,186985.0,600843,-0.09284,-0.16733,0.00428,0.32955,0.45539,0.7782,20.23,22.30238,18.06516,15.76919,13.90004
2015-07-02,18.77,16.88,19.29,16.88,161596.0,600843,-0.10021,-0.24676,-0.13436,0.15854,0.30954,0.53734,19.124,22.17762,18.10242,15.80163,13.92402
2015-07-03,15.8,15.19,17.1,15.19,137449.0,600843,-0.10012,-0.2469,-0.20388,0.03545,0.16309,0.37094,18.128,21.99238,18.11081,15.81894,13.94073
2015-07-06,16.68,13.67,16.7,13.67,173522.0,600843,-0.10007,-0.28542,-0.33769,-0.12596,0.02782,0.18253,17.036,21.66048,18.07903,15.82195,13.94931
2015-07-07,12.5,12.3,13.26,12.3,70025.0,600843,-0.10022,-0.40522,-0.4295,-0.18758,-0.06535,0.07612,15.36,21.21952,18.03323,15.81496,13.95285
2015-07-08,11.07,11.07,11.07,11.07,9897.0,600843,-0.1,-0.40991,-0.5214,-0.31242,-0.15689,-0.08663,13.822,20.64524,17.9521,15.79821,13.94858
2015-07-09,9.96,12.18,12.18,9.96,214555.0,600843,0.10027,-0.27844,-0.45625,-0.24768,-0.09104,0.02959,12.882,20.15857,17.88742,15.78829,13.95
2015-07-10,12.63,13.4,13.4,12.62,107439.0,600843,0.10016,-0.11784,-0.4293,-0.1764,0.00752,0.1975,12.524,19.67857,17.84113,15.78911,13.95898
2015-07-13,14.28,14.74,14.74,13.78,190652.0,600843,0.1,0.07827,-0.42935,-0.08105,0.08462,0.33153,12.738,19.15048,17.82016,15.79846,13.9739
2015-07-14,15.0,15.26,16.12,14.65,238075.0,600843,0.03528,0.24065,-0.43187,0.01598,0.08922,0.35524,13.33,18.5981,17.82403,15.80862,13.99016
2015-07-15,14.86,13.73,14.86,13.73,110274.0,600843,-0.10026,0.24029,-0.44992,-0.08467,-0.06152,0.19391,13.862,18.06333,17.80355,15.8013,13.99923
2015-07-16,12.52,13.49,14.31,12.36,172054.0,600843,-0.01748,0.10755,-0.46319,-0.11016,-0.07094,0.20446,14.124,17.50905,17.77661,15.79293,14.00854
2015-07-17,13.41,14.34,14.75,13.41,132929.0,600843,0.06301,0.07015,-0.4241,-0.01172,0.01558,0.26903,14.312,17.00619,17.77387,15.79472,14.02089
2015-07-20,14.35,15.09,15.5,14.15,172293.0,600843,0.0523,0.02374,-0.38634,0.00332,0.06342,0.35336,14.382,16.55381,17.77468,15.80203,14.03691
2015-07-21,14.9,15.24,15.58,14.47,152101.0,600843,0.00994,-0.00131,-0.31134,-0.01677,0.08009,0.37545,14.378,16.22571,17.77048,15.81122,14.05382
2015-07-22,15.07,15.5,15.59,14.6,157158.0,600843,0.01706,0.12891,-0.24316,-0.01837,0.149,0.42202,14.732,15.98857,17.76581,15.82756,14.07252
2015-07-23,15.59,16.75,17.0,15.59,216498.0,600843,0.08065,0.24166,-0.25655,0.08065,0.26511,0.52689,15.384,15.71333,17.78597,15.8561,14.09602
2015-07-24,16.74,16.07,16.92,15.9,193670.0,600843,-0.0406,0.12064,-0.28291,0.02487,0.21927,0.50892,15.73,15.41143,17.79226,15.87959,14.11805
2015-07-27,15.7,14.46,16.58,14.46,164854.0,600843,-0.10019,-0.04175,-0.28309,-0.04554,0.09712,0.34888,15.604,15.13952,17.78113,15.89,14.13325
2015-07-28,13.52,13.26,14.6,13.01,187110.0,600843,-0.08299,-0.12992,-0.30685,-0.1384,-0.01705,0.23234,15.208,14.86,17.74677,15.88813,14.14341
2015-07-29,13.7,14.46,14.49,12.78,128691.0,600843,0.0905,-0.0671,-0.30077,-0.06468,0.0864,0.27851,15.0,14.56381,17.73065,15.89748,14.15622
2015-07-30,14.43,15.47,15.91,14.08,291856.0,600843,0.06985,-0.07642,-0.17537,-0.0115,0.17108,0.37511,14.744,14.40714,17.72774,15.91585,14.17337
2015-07-31,14.98,14.51,15.3,14.0,175453.0,600843,-0.06206,-0.09708,-0.1404,-0.09313,0.09016,0.28978,14.432,14.29429,17.70371,15.92561,14.18663
2015-08-03,14.3,13.08,14.37,13.06,132687.0,600843,-0.09855,-0.09544,-0.13891,-0.15449,0.01317,0.1565,14.156,14.19381,17.66516,15.92699,14.19382
2015-08-04,13.25,14.39,14.39,13.18,136877.0,600843,0.10015,0.08522,0.05267,0.02057,0.1251,0.28712,14.382,14.2281,17.66984,15.94,14.20687
2015-08-05,14.5,14.85,15.33,14.3,193980.0,600843,0.03197,0.02697,0.20732,0.02202,0.14231,0.30607,14.46,14.34952,17.675,15.95504,14.22102
2015-08-06,14.45,14.77,15.14,14.12,123901.0,600843,-0.00539,-0.04525,0.33424,-0.01468,0.14763,0.30362,14.32,14.52571,17.67145,15.97049,14.235
2015-08-07,15.0,15.36,15.5,14.93,161561.0,600843,0.03995,0.05858,0.26108,0.01319,0.21905,0.35929,14.49,14.67714,17.67468,15.99293,14.2515
2015-08-10,16.08,16.79,16.89,15.81,193144.0,600843,0.0931,0.28364,0.25299,0.09452,0.37962,0.49377,15.232,14.83857,17.69806,16.03049,14.27407
2015-08-11,16.6,16.78,17.6,16.51,218618.0,600843,-0.0006,0.16609,0.1384,0.10177,0.37428,0.48891,15.71,14.93571,17.72306,16.06764,14.29646
2015-08-12,16.61,17.88,18.46,16.61,418603.0,600843,0.06555,0.20404,0.17169,0.20729,0.44077,0.5643,16.316,15.06048,17.77258,16.11211,14.32268
2015-08-13,17.53,19.67,19.67,17.35,464448.0,600843,0.10011,0.33175,0.43263,0.24101,0.59271,0.68986,17.296,15.34333,17.83419,16.17163,14.35533
2015-08-14,20.0,19.31,21.2,18.93,461737.0,600843,-0.0183,0.25716,0.43143,0.19493,0.55475,0.67331,18.086,15.62048,17.885,16.22764,14.38691
2015-08-17,19.29,20.22,20.45,19.0,264673.0,600843,0.04713,0.20429,0.41004,0.25124,0.59338,0.7768,18.772,15.90048,17.95048,16.28886,14.42285
2015-08-18,20.1,18.2,20.14,18.2,242521.0,600843,-0.0999,0.08462,0.2061,0.10571,0.41966,0.5937,19.056,16.04857,17.97855,16.3326,14.45041
2015-08-19,16.75,18.64,19.39,16.38,243033.0,600843,0.02418,0.04251,0.2231,0.02927,0.4472,0.62228,19.208,16.21048,17.9871,16.37943,14.47947
2015-08-20,18.01,16.78,18.34,16.78,146671.0,600843,-0.09979,-0.14692,0.08258,-0.10315,0.29575,0.46807,18.63,16.27143,17.95597,16.41057,14.50122
2015-08-21,16.0,15.25,16.78,15.1,179121.0,600843,-0.09118,-0.21025,-0.08955,-0.19863,0.1767,0.30342,17.818,16.2,17.895,16.42919,14.51565
2015-08-24,14.1,13.73,14.7,13.73,84084.0,600843,-0.09967,-0.32097,-0.14561,-0.27354,0.06434,0.18772,16.52,16.08857,17.81161,16.43593,14.52447
2015-08-25,12.36,12.36,12.8,12.36,111822.0,600843,-0.09978,-0.32088,-0.14523,-0.27719,-0.0615,0.03691,15.352,15.98857,17.73516,16.42935,14.52626
2015-08-26,12.4,11.3,13.22,11.21,170165.0,600843,-0.08576,-0.39378,-0.14781,-0.35169,-0.12606,-0.05597,13.884,15.89524,17.63629,16.4161,14.52354
2015-08-27,11.99,12.36,12.4,10.96,156914.0,600843,0.09381,-0.26341,-0.14523,-0.33833,-0.07899,0.07853,13.0,15.79524,17.53435,16.40748,14.5272
2015-08-28,12.91,13.58,13.6,12.46,175822.0,600843,0.09871,-0.10951,-0.12217,-0.30359,0.01799,0.19542,12.666,15.70524,17.43887,16.40943,14.53622
2015-08-31,13.5,12.78,13.5,12.68,126328.0,600843,-0.05891,-0.06919,-0.11923,-0.33019,-0.01843,0.14005,12.476,15.62286,17.33726,16.40748,14.5426
2015-09-01,12.67,11.5,12.67,11.5,115543.0,600843,-0.10016,-0.06958,-0.1208,-0.44283,-0.13338,0.0177,12.304,15.54762,17.18984,16.39309,14.54341
2015-09-02,10.7,10.8,12.17,10.5,117721.0,600843,-0.06087,-0.04425,-0.24948,-0.49907,-0.19403,-0.05097,12.204,15.37667,17.01629,16.37195,14.54106
2015-09-07,11.15,11.24,11.68,11.02,85646.0,600843,0.04074,-0.09061,-0.2431,-0.51405,-0.14848,-0.02346,11.98,15.20476,16.82452,16.35602,14.53996
2015-09-08,11.2,12.36,12.36,11.2,112524.0,600843,0.09964,-0.08984,-0.16317,-0.44821,-0.10109,0.06828,11.736,15.09,16.66258,16.34472,14.54317
2015-09-09,12.79,13.25,13.58,12.61,189444.0,600843,0.07201,0.03678,-0.13737,-0.43569,-0.04055,0.12862,11.83,14.98952,16.49758,16.34016,14.54931
2015-09-10,12.63,13.22,13.8,12.63,157813.0,600843,-0.00226,0.14957,-0.21263,-0.48819,-0.0677,0.12034,12.174,14.81952,16.29419,16.33236,14.55508
2015-09-11,13.09,14.29,14.53,13.0,175382.0,600843,0.08094,0.32315,-0.14839,-0.46798,0.01132,0.22137,12.872,14.70095,16.09145,16.33366,14.56561
2015-09-14,14.33,12.86,14.46,12.86,184053.0,600843,-0.10007,0.14413,-0.28076,-0.48478,-0.09373,0.08983,13.196,14.4619,15.89629,16.32285,14.56992
2015-09-15,12.2,11.83,12.8,11.6,122347.0,600843,-0.08009,-0.04288,-0.39858,-0.52925,-0.15319,0.0172,13.09,14.08857,15.68177,16.30545,14.57073
2015-09-16,11.99,13.01,13.01,11.99,114406.0,600843,0.09975,-0.01811,-0.32626,-0.47751,-0.07926,0.11482,13.042,13.78857,15.49,16.29634,14.57618
2015-09-17,13.2,12.62,13.8,12.59,146368.0,600843,-0.02998,-0.04539,-0.37587,-0.48678,-0.13443,0.0404,12.922,13.42667,15.29694,16.28041,14.57817
2015-09-18,12.82,13.03,13.2,12.65,95599.0,600843,0.03249,-0.08817,-0.28407,-0.41121,-0.12668,0.10144,12.67,13.18048,15.15016,16.26504,14.58305
2015-09-21,13.07,13.63,13.65,12.81,106628.0,600843,0.04605,0.05988,-0.26878,-0.33447,-0.0658,0.16099,12.824,12.9419,15.03968,16.25724,14.59073
2015-09-22,13.68,13.82,14.0,13.15,152128.0,600843,0.01394,0.16822,-0.1764,-0.3866,-0.02263,0.17717,13.222,12.80095,14.89919,16.25463,14.59919
2015-09-23,14.04,14.18,14.9,13.8,259449.0,600843,0.02605,0.08993,-0.07016,-0.36725,-0.00141,0.17287,13.456,12.75,14.76645,16.25447,14.60768
2015-09-24,13.9,14.13,14.3,13.78,141201.0,600843,-0.00353,0.11965,0.02913,-0.29945,-0.0167,0.15536,13.758,12.76905,14.66903,16.25252,14.61541
2015-09-25,14.0,13.18,14.24,13.01,119442.0,600843,-0.06723,0.01151,0.06634,-0.31103,-0.05857,0.07592,13.788,12.8081,14.57306,16.24585,14.61919
2015-09-28,13.2,13.42,13.44,12.75,63413.0,600843,0.01821,-0.01541,0.18761,-0.35106,-0.0489,0.08664,13.746,12.90905,14.45597,16.24024,14.62354
2015-09-29,13.01,13.12,13.35,12.95,62055.0,600843,-0.02235,-0.05065,0.06149,-0.30064,-0.09952,0.07453,13.606,12.94524,14.365,16.22846,14.62724
2015-09-30,13.23,13.11,13.34,12.97,41048.0,600843,-0.00076,-0.07546,-0.03461,-0.22334,-0.10634,0.09432,13.392,12.92286,14.30419,16.21577,14.63183
2015-10-08,13.53,13.87,13.96,13.38,100420.0,600843,0.05797,-0.0184,0.08529,-0.0869,-0.11317,0.13782,13.34,12.97476,14.2829,16.20138,14.63866
2015-10-09,14.51,14.87,15.26,14.22,254130.0,600843,0.0721,0.12822,0.29304,0.08778,-0.01783,0.21985,13.678,13.13524,14.30226,16.19919,14.64955
2015-10-12,14.85,15.42,16.09,14.65,245633.0,600843,0.03699,0.14903,0.42778,0.25366,-0.04224,0.24959,14.078,13.35524,14.35258,16.19366,14.66207
2015-10-13,15.25,15.54,15.65,15.07,147525.0,600843,0.00778,0.18445,0.38256,0.40379,-0.04015,0.27377,14.562,13.56,14.42468,16.18837,14.67565
2015-10-14,15.52,15.03,15.53,14.96,129199.0,600843,-0.03282,0.14645,0.21602,0.23399,-0.07621,0.25879,14.946,13.68714,14.47065,16.17829,14.68821
2015-10-15,15.16,15.36,15.5,15.0,169878.0,600843,0.02196,0.10743,0.15925,0.14627,-0.04239,0.22978,15.244,13.78762,14.50226,16.17276,14.69988
2015-10-16,15.39,16.09,16.36,15.17,237114.0,600843,0.04753,0.08204,0.2171,0.09159,0.07124,0.30601,15.488,13.92429,14.52403,16.18146,14.7152
2015-10-19,16.1,15.52,16.22,15.25,168396.0,600843,-0.03543,0.00649,0.08607,0.01704,0.03467,0.21917,15.508,13.98286,14.52823,16.18569,14.72654
2015-10-20,15.51,15.75,15.96,15.46,112120.0,600843,0.01482,0.01351,0.22473,0.14712,0.03892,0.26914,15.55,14.12048,14.56081,16.19049,14.74012
2015-10-21,15.7,14.18,15.98,14.18,154483.0,600843,-0.09968,-0.05655,0.19865,0.05115,-0.02274,0.1642,15.38,14.23238,14.57194,16.1878,14.74825
2015-10-22,14.49,15.32,15.38,14.0,137656.0,600843,0.08039,-0.0026,0.17756,0.06834,0.01862,0.20916,15.372,14.34238,14.58774,16.19008,14.75902
2015-10-23,15.19,15.73,16.01,15.07,171745.0,600843,0.02676,-0.02237,0.24643,0.04241,0.01484,0.25439,15.3,14.49048,14.59806,16.19195,14.77199
2015-10-26,16.01,16.72,17.25,15.65,227077.0,600843,0.06294,0.07732,0.28319,0.09711,0.0589,0.30727,15.54,14.66619,14.62194,16.19951,14.78797
2015-10-27,16.45,16.8,16.96,15.57,177758.0,600843,0.00478,0.06667,0.23258,0.08387,0.08387,0.26697,15.75,14.81714,14.6429,16.21008,14.80236
2015-10-28,16.5,16.69,17.29,16.14,173949.0,600843,-0.00655,0.17701,0.20767,-0.00358,0.06441,0.22361,16.252,14.95381,14.64194,16.21829,14.81476
2015-10-29,16.69,17.4,17.68,16.51,214511.0,600843,0.04254,0.13577,0.22708,0.08276,0.14851,0.369,16.668,15.10714,14.66339,16.23659,14.83382
2015-10-30,17.27,16.58,17.27,16.54,152069.0,600843,-0.04713,0.05404,0.17339,0.14661,0.07732,0.18598,16.838,15.22381,14.69758,16.24626,14.84439
2015-11-02,16.29,15.62,16.57,15.5,130007.0,600843,-0.0579,-0.06579,0.18513,0.17798,0.01035,0.12213,16.618,15.34,14.73565,16.24756,14.8513
2015-11-03,15.3,15.89,16.29,15.21,123091.0,600843,0.01729,-0.05417,0.18405,0.09889,0.01534,0.15062,16.436,15.45762,14.75871,16.24951,14.85976
2015-11-04,15.97,16.79,16.84,15.9,149979.0,600843,0.05664,0.00599,0.27973,0.08533,0.04937,0.23004,16.456,15.63238,14.78,16.25593,14.87252
2015-11-05,16.8,16.55,17.03,16.35,136684.0,600843,-0.01429,-0.04885,0.2624,0.14059,0.06981,0.19236,16.286,15.79619,14.8129,16.26472,14.88337
2015-11-06,16.51,16.7,16.94,16.47,123243.0,600843,0.00906,0.00724,0.20404,0.27676,0.1844,0.24534,16.31,15.93095,14.87129,16.28585,14.89675
2015-11-09,16.6,16.91,17.22,16.15,160317.0,600843,0.01257,0.08259,0.13719,0.17512,0.1638,0.25538,16.568,16.0281,14.91194,16.3052,14.91073
2015-11-10,16.92,16.78,17.19,16.44,123669.0,600843,-0.00769,0.05601,0.0882,0.12997,0.11941,0.23382,16.746,16.09286,14.94306,16.31976,14.92366
2015-11-11,16.71,16.94,16.96,16.62,116699.0,600843,0.00954,0.00893,0.09009,0.14692,0.11741,0.27368,16.776,16.15952,14.97806,16.33423,14.93846
2015-11-12,17.1,16.7,17.17,16.5,105809.0,600843,-0.01417,0.00906,0.11111,0.08724,0.08866,0.24256,16.806,16.23905,14.99968,16.34528,14.95171
2015-11-13,16.41,16.88,17.07,16.35,143494.0,600843,0.01078,0.01078,0.09896,0.00536,0.10834,0.33968,16.842,16.31143,15.00113,16.3587,14.96911
2015-11-16,16.5,17.95,18.28,16.5,209558.0,600843,0.06339,0.0615,0.1156,0.06973,0.21202,0.40016,17.05,16.4,15.02,16.38423,14.98996
2015-11-17,18.03,17.36,18.14,17.24,186680.0,600843,-0.03287,0.03456,0.11856,-0.02908,0.09527,0.40113,17.166,16.48762,15.01161,16.3965,15.01016
2015-11-18,17.37,17.54,18.0,17.37,134534.0,600843,0.01037,0.03542,0.11365,-0.10829,0.0854,0.42834,17.286,16.57286,14.97726,16.40772,15.03154
2015-11-19,17.55,17.88,17.95,17.2,134201.0,600843,0.01938,0.07066,0.26093,-0.07405,0.10644,0.4373,17.522,16.74905,14.95419,16.42171,15.05366
2015-11-20,18.0,17.73,18.1,17.54,106071.0,600843,-0.00839,0.05036,0.15731,-0.12315,0.07716,0.46046,17.692,16.86381,14.91403,16.43203,15.07638
2015-11-23,17.73,17.16,17.79,17.08,116810.0,600843,-0.03215,-0.04401,0.09091,-0.05714,-0.05246,0.375,17.534,16.9319,14.89726,16.42431,15.09541
2015-11-24,17.38,17.13,17.38,16.85,91779.0,600843,-0.00175,-0.01325,0.02452,-0.08101,-0.08445,0.3715,17.488,16.95143,14.8729,16.41146,15.11427
2015-11-25,17.0,17.48,17.6,16.99,106468.0,600843,0.02043,-0.00342,0.04048,0.04172,-0.08145,0.40064,17.476,16.98381,14.88419,16.39886,15.13459
2015-11-26,17.41,16.91,17.48,16.88,104919.0,600843,-0.03261,-0.05425,0.01318,0.10885,-0.10529,0.34741,17.282,16.99429,14.91097,16.38268,15.15232
2015-11-27,16.81,15.52,16.89,15.24,125896.0,600843,-0.0822,-0.12465,-0.10805,0.13037,-0.0924,0.19477,16.84,16.90476,14.93984,16.36984,15.1626
2015-11-30,15.45,15.28,15.73,14.5,82893.0,600843,-0.01546,-0.10956,-0.07841,0.23625,-0.12335,0.18542,16.464,16.84286,14.98694,16.35236,15.17232
2015-12-01,15.16,15.68,15.95,15.16,68550.0,600843,0.02618,-0.08465,0.00384,0.38761,-0.1606,0.22404,16.174,16.84571,15.05758,16.32797,15.18398
2015-12-02,15.61,15.45,15.79,14.9,49923.0,600843,-0.01467,-0.11613,-0.02769,0.25,-0.20769,0.17759,15.768,16.82476,15.10742,16.29504,15.19346
2015-12-03,15.5,15.8,15.82,15.39,46010.0,600843,0.02265,-0.06564,-0.05896,0.16348,-0.17191,0.24507,15.546,16.77762,15.14323,16.26837,15.2061
2015-12-04,15.71,15.59,15.9,15.41,46781.0,600843,-0.01329,0.00451,-0.05801,0.21987,-0.24467,0.23144,15.56,16.7319,15.18855,16.22732,15.21801
2015-12-07,15.63,15.78,15.88,15.52,43489.0,600843,0.01219,0.03272,-0.05509,0.37217,-0.26809,0.23571,15.66,16.6881,15.25758,16.18033,15.23024
2015-12-08,15.6,15.21,15.69,15.15,51563.0,600843,-0.03612,-0.02997,-0.10053,0.40833,-0.34241,0.17633,15.566,16.60714,15.32871,16.11593,15.23951
2015-12-09,15.02,14.86,15.2,14.82,42230.0,600843,-0.02301,-0.03819,-0.11442,0.32206,-0.33661,0.22104,15.448,16.51571,15.3871,16.05463,15.25045
2015-12-10,14.92,14.95,15.3,14.85,42500.0,600843,0.00606,-0.0538,-0.11747,0.20955,-0.36329,0.23045,15.278,16.42095,15.42887,15.98528,15.26183
2015-12-11,14.86,14.67,14.95,14.62,37546.0,600843,-0.01873,-0.05901,-0.12156,0.10717,-0.43206,0.29594,15.094,16.32429,15.45177,15.89455,15.27545
2015-12-14,14.55,14.94,14.96,14.4,43758.0,600843,0.0184,-0.05323,-0.11493,0.13011,-0.44378,0.28682,14.926,16.2319,15.47952,15.79764,15.28898
2015-12-15,14.94,14.96,15.15,14.92,34177.0,600843,0.00134,-0.01644,-0.16657,0.04689,-0.40064,0.28522,14.876,16.08952,15.49032,15.71634,15.30248
2015-12-16,15.04,15.15,15.5,15.04,48767.0,600843,0.0127,0.01952,-0.1273,0.17807,-0.39713,0.28499,14.934,15.98429,15.52726,15.6352,15.31614
2015-12-17,15.35,15.57,15.6,15.25,60236.0,600843,0.02772,0.04147,-0.11231,0.31615,-0.3747,0.3073,15.058,15.89048,15.58758,15.55935,15.33102
2015-12-18,15.55,15.45,15.75,15.34,42089.0,600843,-0.00771,0.05317,-0.13591,0.18755,-0.3717,0.28216,15.214,15.77476,15.62694,15.48504,15.34484
2015-12-21,15.59,15.76,16.0,15.51,67381.0,600843,0.02006,0.05489,-0.11111,0.24881,-0.28784,0.33786,15.378,15.68095,15.67758,15.43325,15.36102
2015-12-22,15.73,15.82,15.93,15.58,49616.0,600843,0.00381,0.05749,-0.07809,0.21412,-0.22754,0.34182,15.55,15.61714,15.72258,15.39537,15.3774
2015-12-23,15.76,15.7,15.97,15.58,58439.0,600843,-0.00759,0.0363,-0.08348,0.15187,-0.30315,0.36522,15.66,15.54905,15.75597,15.33984,15.39447
2015-12-24,15.55,15.64,15.75,15.34,34089.0,600843,-0.00382,0.0045,-0.10526,0.13169,-0.3021,0.35294,15.674,15.46143,15.78532,15.2848,15.41106
2015-12-25,15.59,15.7,15.79,15.59,29113.0,600843,0.00384,0.01618,-0.07156,0.10719,-0.22162,0.30833,15.724,15.40381,15.80984,15.24846,15.4261
2015-12-28,15.81,16.22,16.97,15.75,155876.0,600843,0.03312,0.02919,0.0451,0.14791,-0.15212,0.30281,15.816,15.43714,15.84355,15.2248,15.44142
2015-12-29,16.19,17.21,17.3,16.02,221591.0,600843,0.06104,0.08786,0.12631,0.30577,-0.16779,0.33618,16.094,15.52905,15.90855,15.19659,15.45902
2015-12-30,17.15,17.2,17.47,16.88,144438.0,600843,-0.00058,0.09554,0.09694,0.28167,-0.08316,0.33437,16.394,15.60143,15.96952,15.1839,15.47654
2015-12-31,17.2,16.77,17.2,16.58,99993.0,600843,-0.025,0.07225,0.08544,0.2782,-0.00652,0.30101,16.62,15.66429,16.02839,15.18301,15.49232
2016-01-04,16.7,15.26,17.02,15.1,75713.0,600843,-0.09004,-0.02803,-0.03418,0.164,0.00461,0.16845,16.532,15.63857,16.06306,15.18358,15.50126
2016-01-05,14.0,14.51,15.16,13.9,106659.0,600843,-0.04915,-0.10543,-0.06928,0.04614,0.06145,0.09098,16.19,15.58714,16.07339,15.19041,15.50618
2016-01-06,14.3,14.94,15.15,14.3,75671.0,600843,0.02963,-0.1319,-0.05323,0.00471,0.21463,0.13526,15.736,15.54714,16.07452,15.21187,15.51341
2016-01-07,14.69,13.45,14.7,13.45,16889.0,600843,-0.09973,-0.21802,-0.11571,-0.12776,0.215,0.02437,14.986,15.46333,16.04274,15.23122,15.51472
2016-01-08,13.71,13.29,13.94,12.38,88410.0,600843,-0.0119,-0.20751,-0.10565,-0.14479,0.09113,-0.00821,14.29,15.38857,16.00645,15.24024,15.51427
2016-01-11,13.18,11.96,13.18,11.96,84678.0,600843,-0.10008,-0.21625,-0.2,-0.20426,-0.10746,-0.10075,13.63,15.24619,15.95694,15.22854,15.50882
2016-01-12,12.03,11.98,12.2,11.37,60302.0,600843,0.00167,-0.17436,-0.18337,-0.22005,-0.18725,-0.11847,13.124,15.1181,15.90242,15.2061,15.50228
2016-01-13,12.1,11.4,12.27,11.39,43034.0,600843,-0.04841,-0.23695,-0.23695,-0.29149,-0.25295,-0.1863,12.416,14.94952,15.82677,15.17472,15.49167
2016-01-14,11.01,11.78,11.88,10.96,54260.0,600843,0.03333,-0.12416,-0.21257,-0.24098,-0.14202,-0.19481,12.082,14.7981,15.76645,15.15886,15.48008
2016-01-15,11.8,11.56,12.15,11.3,51060.0,600843,-0.01868,-0.13017,-0.23696,-0.26603,-0.14307,-0.20386,11.736,14.62714,15.69887,15.14317,15.46805
2016-01-18,11.11,11.88,12.04,11.11,49600.0,600843,0.02768,-0.00669,-0.23699,-0.1622,-0.17155,-0.15864,11.72,14.45143,15.66177,15.12317,15.45894
2016-01-19,11.96,12.43,12.43,11.86,69250.0,600843,0.0463,0.03756,-0.19547,-0.18864,-0.17628,-0.12403,11.81,14.30762,15.61516,15.10154,15.45179
2016-01-20,12.31,12.29,12.7,12.18,55693.0,600843,-0.01126,0.07807,-0.22018,-0.21869,-0.19357,-0.12899,11.988,14.14238,15.55968,15.07756,15.44439
2016-01-21,12.05,11.56,12.42,11.55,49201.0,600843,-0.0594,-0.01868,-0.26928,-0.30861,-0.25419,-0.14307,11.944,13.93952,15.47645,15.04553,15.43654
2016-01-22,11.75,12.72,12.72,11.35,75452.0,600843,0.10035,0.10035,-0.18981,-0.24286,-0.2406,-0.03927,12.176,13.79762,15.41065,15.01276,15.43443
2016-01-25,13.19,13.61,13.78,13.06,171629.0,600843,0.06997,0.14562,-0.1298,-0.18454,-0.15308,0.03263,12.522,13.70095,15.36097,14.99276,15.43618
2016-01-26,13.25,12.26,13.3,12.25,127159.0,600843,-0.09919,-0.01368,-0.21911,-0.2954,-0.15214,-0.0698,12.488,13.53714,15.27806,14.97488,15.43244
2016-01-27,12.09,12.81,12.88,11.03,121417.0,600843,0.04486,0.04231,-0.21023,-0.22738,-0.03394,-0.05041,12.592,13.37476,15.21726,14.97122,15.42967
2016-01-28,12.35,12.72,13.45,12.2,186710.0,600843,-0.00703,0.10035,-0.26089,-0.18566,-0.12033,-0.04433,12.824,13.16095,15.17048,14.95707,15.42728
2016-01-29,12.61,13.22,13.5,12.61,142930.0,600843,0.03931,0.03931,-0.2314,-0.16803,-0.14544,0.00076,12.924,12.97143,15.12742,14.93878,15.42732
2016-02-01,13.15,12.32,13.16,12.1,99465.0,600843,-0.06808,-0.09478,-0.26535,-0.26623,-0.15093,-0.07438,12.666,12.75952,15.05532,14.92098,15.42329
2016-02-02,12.1,13.1,13.14,12.1,100234.0,600843,0.06331,0.06852,-0.14155,-0.20846,0.00153,0.01472,12.834,12.65667,14.99968,14.92114,15.42407
2016-02-03,12.8,13.36,13.56,12.46,136038.0,600843,0.01985,0.04294,-0.07926,-0.2,-0.07158,0.04457,12.944,12.6019,14.94581,14.91276,15.42638
2016-02-04,13.6,13.44,13.8,13.18,125489.0,600843,0.00599,0.0566,-0.1004,-0.2052,-0.09495,0.03385,13.088,12.53048,14.88984,14.9013,15.42817
2016-02-05,13.33,13.01,13.5,12.92,75237.0,600843,-0.03199,-0.01589,-0.03271,-0.22467,-0.11916,0.01088,13.046,12.50952,14.82903,14.88699,15.42874
2016-02-15,12.41,12.78,13.02,12.39,53977.0,600843,-0.01768,0.03734,-0.03837,-0.24557,-0.16797,0.01429,13.138,12.48524,14.76194,14.86602,15.42947
2016-02-16,12.89,13.23,13.36,12.8,85479.0,600843,0.03521,0.00992,0.10619,-0.20778,-0.21203,0.0871,13.164,12.54571,14.70597,14.83707,15.43378
2016-02-17,13.21,13.71,13.99,13.14,135364.0,600843,0.03628,0.0262,0.14441,-0.1878,-0.18296,0.12285,13.234,12.6281,14.65484,14.81211,15.43988
2016-07-26,15.08,14.7,15.08,14.37,255828.0,600843,0.07221,0.09375,0.28947,-0.18106,-0.17785,0.18453,13.486,12.78524,14.60242,14.78626,15.44919
2016-07-27,14.68,16.17,16.17,14.43,457023.0,600843,0.1,0.24289,0.37267,-0.06855,-0.17794,0.30931,14.118,12.99429,14.58323,14.7578,15.46472
2016-07-28,15.69,15.95,16.54,15.31,412187.0,600843,-0.01361,0.24804,0.37976,-0.09065,-0.174,0.28422,14.752,13.20333,14.55758,14.73049,15.47907
2016-07-29,15.9,15.68,15.98,15.49,207939.0,600843,-0.01693,0.18519,0.31987,-0.12304,-0.22453,0.23562,15.242,13.38429,14.5221,14.69358,15.49122
2016-08-01,15.58,15.11,16.46,14.85,227008.0,600843,-0.03635,0.10212,0.21561,-0.14777,-0.16978,0.17863,15.522,13.5119,14.47984,14.66846,15.50053
2016-08-02,14.74,16.62,16.62,14.74,359395.0,600843,0.09993,0.13061,0.35232,-0.03147,-0.10837,0.29037,15.906,13.7181,14.47113,14.65203,15.51573
2016-08-03,16.95,17.36,18.09,16.49,467246.0,600843,0.04452,0.07359,0.50173,0.01343,0.03456,0.34054,16.144,13.99429,14.47484,14.65675,15.53366
2016-08-04,17.1,17.05,17.36,16.9,284703.0,600843,-0.01786,0.06897,0.34041,-0.0246,0.11803,0.31559,16.364,14.20048,14.4679,14.67138,15.55028
2016-08-05,16.81,16.97,17.2,16.65,205081.0,600843,-0.00469,0.08227,0.24688,0.00355,0.23598,0.3155,16.622,14.36048,14.46887,14.69772,15.56683
2016-08-08,16.76,17.03,17.25,16.74,166851.0,600843,0.00354,0.12707,0.38907,0.09729,0.37783,0.29309,17.006,14.58762,14.49323,14.73569,15.58252
2016-08-09,16.92,17.18,17.27,16.28,256886.0,600843,0.00881,0.03369,0.34114,0.12435,0.52035,0.32869,17.118,14.79571,14.52387,14.7835,15.5998
2016-08-10,16.9,16.35,16.94,16.31,158858.0,600843,-0.04831,-0.05818,0.28538,0.04273,0.32282,0.21833,16.916,14.96857,14.53468,14.81593,15.61171
2016-08-11,16.18,16.06,16.75,16.02,119292.0,600843,-0.01774,-0.05806,0.21483,0.03948,0.18262,0.2039,16.718,15.10381,14.54452,14.8361,15.62276
2016-08-12,15.98,16.18,16.29,15.62,122494.0,600843,0.00747,-0.04655,0.31331,0.02405,0.26604,0.2427,16.56,15.28762,14.55065,14.86374,15.63561
2016-08-15,16.13,16.72,16.73,15.9,157342.0,600843,0.03337,-0.0182,0.27634,0.07248,0.45391,0.25998,16.498,15.46,14.56887,14.90618,15.64963
2016-08-16,16.6,16.72,16.99,16.51,153524.0,600843,0.0,-0.02678,0.2515,0.05957,0.54815,0.24776,16.406,15.62,14.58403,14.95431,15.66313
2016-08-17,16.72,16.7,17.15,16.48,137648.0,600843,-0.0012,0.02141,0.24256,0.09796,0.48577,0.26515,16.476,15.77524,14.60806,14.9987,15.67736
2016-08-18,16.59,16.51,16.74,16.22,122934.0,600843,-0.01138,0.02802,0.26902,0.11104,0.33576,0.20073,16.566,15.9419,14.63468,15.03244,15.68858
2016-08-19,16.4,15.87,16.47,15.8,116012.0,600843,-0.03876,-0.01916,0.24178,0.06154,0.19774,0.14917,16.504,16.08905,14.64952,15.05374,15.69695
2016-08-22,15.88,15.71,16.17,15.68,68681.0,600843,-0.01008,-0.06041,0.18745,0.07089,0.18835,0.1079,16.302,16.20714,14.66629,15.07398,15.70317
2016-08-23,15.7,15.8,15.86,15.56,52249.0,600843,0.00573,-0.05502,0.15244,0.05756,0.10567,0.11819,16.118,16.30667,14.68016,15.08626,15.70996
2016-08-24,15.9,15.54,15.9,15.52,50443.0,600843,-0.01646,-0.06946,0.05714,0.03877,0.2084,0.09514,15.886,16.34667,14.68952,15.10805,15.71545
2016-08-25,15.4,16.06,16.18,15.35,111396.0,600843,0.03346,-0.02726,-0.0068,0.06007,0.35757,0.14961,15.796,16.34143,14.70419,15.14244,15.72394
2016-08-26,16.06,16.06,16.29,15.81,97099.0,600843,0.0,0.01197,0.0069,0.03147,0.23444,0.13659,15.834,16.34667,14.7121,15.16724,15.73179
2016-08-29,15.83,16.18,16.35,15.72,83987.0,600843,0.00747,0.02992,0.03189,0.04725,0.28209,0.10974,15.928,16.37048,14.72387,15.19618,15.73829
2016-08-30,16.09,15.86,16.27,15.8,73865.0,600843,-0.01978,0.0038,0.04964,0.00635,0.21719,0.063,15.94,16.40619,14.72548,15.21919,15.74211
2016-08-31,15.83,15.63,15.92,15.56,63111.0,600843,-0.0145,0.00579,-0.05957,-0.01201,0.14674,0.07128,15.958,16.35905,14.72242,15.23545,15.74634
2016-09-01,15.58,15.43,15.79,15.42,52021.0,600843,-0.0128,-0.03923,-0.11118,-0.0172,0.1165,0.09123,15.832,16.26714,14.71806,15.24854,15.75159
2016-09-02,15.38,15.47,15.66,15.37,48168.0,600843,0.00259,-0.03674,-0.09267,-0.01087,0.09097,0.08944,15.714,16.1919,14.71532,15.25902,15.75675
2016-09-05,15.47,15.48,15.61,15.44,38871.0,600843,0.00065,-0.04326,-0.0878,-0.01401,0.09554,0.07724,15.574,16.12095,14.71177,15.27,15.76126
2016-09-06,15.42,15.49,15.55,15.04,59800.0,600843,0.00065,-0.02333,-0.09043,-0.04501,0.17527,0.10643,15.5,16.04762,14.7,15.28878,15.76732
2016-09-07,15.5,15.37,15.53,15.36,43366.0,600843,-0.00775,-0.01663,-0.10536,-0.10691,0.14531,0.0893,15.448,15.96143,14.67032,15.30463,15.77244
2016-09-08,15.38,15.27,15.48,15.2,34900.0,600843,-0.00651,-0.01037,-0.06606,-0.11221,0.16387,0.04804,15.416,15.91,14.63919,15.32211,15.77528
2016-09-09,15.33,15.12,15.49,15.1,40436.0,600843,-0.00982,-0.02262,-0.05853,-0.09839,0.15332,0.03067,15.346,15.86524,14.61258,15.33846,15.77711
2016-09-12,14.82,14.16,14.85,13.96,79966.0,600843,-0.06349,-0.08527,-0.12485,-0.07208,0.02091,-0.09463,15.082,15.76905,14.59484,15.34081,15.7711
2016-09-13,14.21,14.21,14.29,14.03,33250.0,600843,0.00353,-0.08263,-0.15012,-0.02068,-0.04438,-0.06143,14.826,15.64952,14.59,15.33545,15.76732
2016-09-14,14.15,14.07,14.16,13.98,26847.0,600843,-0.00985,-0.08458,-0.15849,-0.05823,-0.08755,-0.12609,14.566,15.52333,14.57597,15.32447,15.75907
2016-09-19,14.17,14.21,14.23,14.1,25383.0,600843,0.00995,-0.06942,-0.1491,0.05651,-0.08559,-0.1223,14.354,15.40476,14.58823,15.31366,15.75102
2016-09-20,14.21,14.26,14.31,14.13,25407.0,600843,0.00352,-0.05688,-0.13628,0.07299,-0.05123,-0.12354,14.182,15.29762,14.60387,15.3074,15.74285
2016-09-21,14.26,14.49,14.61,14.24,39076.0,600843,0.01613,0.02331,-0.08696,0.21154,-0.05664,-0.09663,14.248,15.2319,14.64468,15.30033,15.73654
2016-09-22,14.62,14.39,14.67,14.32,26502.0,600843,-0.0069,0.01267,-0.08402,0.20117,-0.10566,-0.04194,14.284,15.16905,14.68355,15.2865,15.73398
2016-09-23,14.49,14.36,14.49,14.32,19593.0,600843,-0.00208,0.02061,-0.09114,0.25965,-0.07474,-0.04267,14.342,15.10048,14.73129,15.27707,15.73138
2016-09-26,14.31,13.92,14.42,13.91,36838.0,600843,-0.03064,-0.02041,-0.10425,0.18166,-0.11619,-0.08179,14.284,15.02333,14.76581,15.2622,15.72634
2016-09-27,13.97,14.09,14.12,13.93,28428.0,600843,0.01221,-0.01192,-0.12267,0.21886,-0.00635,-0.02895,14.25,14.92952,14.80661,15.26146,15.72463
2016-09-28,14.01,13.91,14.09,13.9,29971.0,600843,-0.01278,-0.04003,-0.13387,0.17088,-0.09204,-0.07513,14.134,14.82714,14.83935,15.25,15.72004
2016-09-29,13.91,14.84,15.2,13.91,105177.0,600843,0.06686,0.03127,-0.08282,0.19389,-0.05658,-0.04258,14.224,14.76333,14.87823,15.24276,15.71736
2016-09-30,14.82,14.85,14.94,14.63,76048.0,600843,0.00067,0.03412,-0.06368,0.2083,-0.11184,-0.05953,14.322,14.71524,14.91952,15.22756,15.71354
2016-10-10,15.23,15.2,15.39,14.86,73074.0,600843,0.02357,0.09195,-0.02751,0.31488,-0.09524,-0.01935,14.578,14.69476,14.97823,15.21455,15.71232
2016-10-11,15.08,15.94,16.17,15.0,153700.0,600843,0.04868,0.1313,0.03305,0.25314,-0.04494,0.01658,14.948,14.71905,15.03016,15.20846,15.71337
2016-10-12,15.72,15.77,15.89,15.6,78011.0,600843,-0.01066,0.13372,0.01939,0.15871,-0.09368,0.04092,15.32,14.73333,15.065,15.1952,15.71589
2016-10-13,15.68,15.54,15.84,15.51,57763.0,600843,-0.01458,0.04717,0.00388,0.26754,-0.06273,0.00975,15.46,14.73619,15.1179,15.18675,15.7165
2016-10-14,15.52,15.76,16.14,15.42,85025.0,600843,0.01416,0.06128,0.01743,0.23029,0.00896,0.0194,15.642,14.74905,15.16548,15.18789,15.71772
2016-10-17,15.78,15.88,16.22,15.7,127575.0,600843,0.00761,0.04474,0.03318,0.24843,-0.00063,0.0147,15.778,14.77333,15.21645,15.1878,15.71866
2016-10-18,15.79,16.04,16.05,15.62,73248.0,600843,0.01008,0.00627,0.05043,0.21331,-0.04467,0.0025,15.798,14.81,15.26194,15.18171,15.71882
2016-10-19,16.07,15.95,16.07,15.85,46678.0,600843,-0.00561,0.01141,0.05489,0.29464,-0.03625,0.03103,15.834,14.84952,15.32048,15.17683,15.72077
2016-10-20,15.97,15.7,16.0,15.61,47898.0,600843,-0.01567,0.0103,0.10876,0.19847,-0.05988,0.11348,15.866,14.92286,15.36242,15.1687,15.72728
2016-10-21,15.7,15.59,15.78,15.4,41006.0,600843,-0.00701,-0.01079,0.09711,0.16692,-0.07806,0.07295,15.832,14.98857,15.39839,15.15797,15.73159
2016-10-24,15.51,15.67,15.79,15.5,34439.0,600843,0.00513,-0.01322,0.11372,0.16592,-0.06615,0.04536,15.79,15.06476,15.43435,15.14894,15.73435
2016-10-25,15.67,16.17,16.19,15.63,86447.0,600843,0.03191,0.0081,0.13793,0.24289,-0.04545,0.06662,15.816,15.1581,15.48532,15.14268,15.73846
2016-10-26,16.27,15.88,16.3,15.81,65975.0,600843,-0.01793,-0.00439,0.1136,0.24257,-0.0491,0.0352,15.802,15.23524,15.53532,15.13602,15.74065
2016-10-27,15.99,15.93,16.05,15.81,48197.0,600843,0.00315,0.01465,0.09938,0.20408,-0.05628,0.04596,15.848,15.30381,15.57887,15.12829,15.7435
2016-10-28,15.88,15.53,15.95,15.52,46615.0,600843,-0.02511,-0.00385,0.07922,0.13275,-0.13482,0.04862,15.836,15.3581,15.60823,15.10862,15.74642
2016-10-31,15.48,15.09,15.49,15.02,60979.0,600843,-0.02833,-0.03701,0.05084,0.02653,-0.13076,-0.04795,15.72,15.39286,15.61452,15.09016,15.74333
2016-11-01,15.13,15.24,15.29,15.06,49728.0,600843,0.00994,-0.05751,0.09483,-0.05751,-0.13113,-0.05693,15.534,15.45571,15.59952,15.07146,15.73959
2016-11-02,15.19,16.76,16.76,15.12,301128.0,600843,0.09974,0.05542,0.1895,0.05078,-0.06264,0.03713,15.71,15.58286,15.61258,15.06236,15.74203
2016-11-03,16.8,16.79,17.77,16.69,421138.0,600843,0.00179,0.05399,0.20705,0.07079,-0.05302,0.02005,15.882,15.72,15.63048,15.05472,15.74337
2016-11-04,16.53,16.99,17.42,16.3,241662.0,600843,0.01191,0.09401,0.14488,0.12442,-0.00991,-0.06184,16.174,15.82238,15.66081,15.05333,15.73882
2016-11-07,16.58,16.61,16.85,16.2,157646.0,600843,-0.02237,0.10073,0.11852,-0.0006,-0.03036,-0.11224,16.478,15.90619,15.66065,15.04911,15.73028
2016-11-08,16.6,18.27,18.27,16.47,419166.0,600843,0.09994,0.19882,0.20197,0.05242,0.04519,-0.03994,17.084,16.05238,15.67532,15.05553,15.7272
2016-11-09,18.06,17.97,18.66,17.46,392657.0,600843,-0.01642,0.0722,0.12735,0.05396,0.06268,-0.04921,17.326,16.14905,15.69016,15.06415,15.72341
2016-11-10,18.17,18.41,18.96,17.82,315006.0,600843,0.02449,0.09649,0.16741,0.08486,0.18621,0.07661,17.65,16.27476,15.71339,15.08764,15.72874
2016-11-11,18.25,18.0,18.29,17.83,212080.0,600843,-0.02227,0.05945,0.1583,0.05696,0.17801,0.0327,17.852,16.3919,15.72903,15.10976,15.73106
2016-11-14,17.83,17.82,17.9,17.46,150422.0,600843,-0.01,0.07285,0.13071,0.03725,0.13648,-0.04604,18.094,16.49,15.73935,15.12715,15.72756
2016-11-15,17.7,18.43,19.59,17.7,340251.0,600843,0.03423,0.00876,0.16058,0.12722,0.19288,-0.05487,18.126,16.61143,15.7729,15.15138,15.72321
2016-11-16,18.16,19.15,19.86,17.8,381945.0,600843,0.03907,0.06566,0.19389,0.1924,0.21203,0.00367,18.362,16.75952,15.82274,15.17862,15.7235
2016-11-17,18.98,18.58,18.99,18.36,208167.0,600843,-0.02977,0.00923,0.16489,0.14833,0.19179,-0.09981,18.396,16.88476,15.86145,15.20293,15.71512
2016-11-18,18.6,18.71,19.15,18.19,216078.0,600843,0.007,0.03944,0.19172,0.11902,0.18568,-0.13219,18.538,17.0281,15.89355,15.22675,15.70354
2016-11-21,18.5,18.46,19.16,18.39,213427.0,600843,-0.01336,0.03591,0.18409,0.10407,0.21368,-0.2019,18.666,17.16476,15.92161,15.25317,15.68455
2016-11-22,18.18,18.18,18.4,17.92,194062.0,600843,-0.01517,-0.01356,0.16018,0.08862,0.22342,-0.18839,18.616,17.28429,15.94548,15.28016,15.6674
2016-11-23,18.15,17.68,18.22,17.65,119043.0,600843,-0.0275,-0.07676,0.09338,0.07087,0.18261,-0.24702,18.322,17.35619,15.96435,15.30236,15.64382
2016-11-24,17.68,17.85,18.17,17.6,123003.0,600843,0.00962,-0.03929,0.12406,0.12476,0.21677,-0.30894,18.176,17.45,15.99629,15.32821,15.61138
2016-11-25,17.81,17.58,17.81,17.09,102620.0,600843,-0.01513,-0.0604,0.10358,0.11903,0.17671,-0.3455,17.95,17.52857,16.02645,15.34967,15.57366
2016-11-28,17.51,17.44,17.98,17.38,71918.0,600843,-0.00796,-0.05525,0.12299,0.1038,0.16578,-0.30128,17.746,17.61952,16.0529,15.36984,15.54309
2016-11-29,17.38,16.67,17.4,16.6,102454.0,600843,-0.04415,-0.08306,0.10471,0.07272,0.10033,-0.33665,17.444,17.69476,16.07113,15.3822,15.5087
2016-11-30,16.65,16.79,16.96,16.55,60549.0,600843,0.0072,-0.05034,0.10171,0.04545,0.07836,-0.3257,17.266,17.76857,16.0829,15.39211,15.47573
2016-12-01,16.6,16.82,16.97,16.59,50824.0,600843,0.00179,-0.0577,0.00358,0.04732,0.08867,-0.31598,17.06,17.77143,16.09516,15.40325,15.44415
2016-12-02,16.76,16.42,16.97,16.4,62435.0,600843,-0.02378,-0.06598,-0.02204,0.01483,0.04188,-0.25802,16.828,17.75381,16.09903,15.40862,15.42093
2016-12-05,16.23,16.54,16.65,16.15,42261.0,600843,0.00731,-0.05161,-0.02649,0.04288,0.04551,-0.19238,16.648,17.73238,16.11,15.41447,15.40492
2016-12-06,16.64,17.34,17.53,16.6,128136.0,600843,0.04837,0.04019,0.04395,0.1094,0.10446,-0.23036,16.782,17.76714,16.13758,15.4278,15.38382
2016-12-07,17.15,17.36,17.37,16.98,70698.0,600843,0.00115,0.03395,-0.04981,0.12508,0.10997,-0.22535,16.896,17.72381,16.16871,15.44179,15.36329
2016-12-08,17.42,17.63,17.95,17.11,126854.0,600843,0.01555,0.04816,-0.01892,0.13963,0.12293,-0.12593,17.058,17.70762,16.20355,15.45748,15.35297
2016-12-09,17.45,17.39,17.96,17.38,127575.0,600843,-0.01361,0.05907,-0.0554,0.12339,0.07213,-0.09096,17.252,17.65905,16.23435,15.46699,15.34589
2016-12-12,17.28,16.39,17.65,16.27,114922.0,600843,-0.0575,-0.00907,-0.08944,0.0581,-0.04765,-0.20745,17.222,17.58238,16.24887,15.46033,15.32846
2016-12-13,16.29,17.06,17.2,16.16,104592.0,600843,0.04088,-0.01615,-0.04265,0.10995,-0.00814,-0.09062,17.166,17.54619,16.27613,15.45919,15.32154
2016-12-14,17.0,17.9,18.71,16.85,242493.0,600843,0.04924,0.03111,-0.02876,0.17223,0.06738,0.06043,17.274,17.52095,16.31855,15.46837,15.32569
2016-12-15,17.97,18.91,19.36,17.97,343139.0,600843,0.05642,0.0726,-0.01253,0.25066,0.23919,0.2449,17.53,17.50952,16.37968,15.49805,15.34081
2016-12-16,18.85,18.43,19.8,18.33,304063.0,600843,-0.02538,0.0598,-0.00807,0.30155,0.27016,0.34821,17.738,17.50238,16.44855,15.52992,15.36016
2016-12-19,18.31,19.38,19.98,18.17,357589.0,600843,0.05155,0.18243,0.03581,0.36383,0.29719,0.57561,18.336,17.53429,16.53194,15.56602,15.38894
2016-12-20,18.95,18.25,19.06,18.04,232663.0,600843,-0.05831,0.06975,-0.01138,0.29709,0.35688,0.6486,18.574,17.52429,16.59935,15.60504,15.41813
2016-12-21,18.3,18.91,18.95,17.98,198426.0,600843,0.03616,0.05642,0.04015,0.33075,0.42287,0.55255,18.776,17.55905,16.67516,15.65073,15.44549
2016-12-22,18.68,19.12,19.7,18.61,274164.0,600843,0.01111,0.01111,0.08145,0.34081,0.59866,0.42687,18.818,17.62762,16.75355,15.70894,15.46874
2016-12-23,18.9,18.45,18.91,18.3,158488.0,600843,-0.03504,0.00109,0.03361,0.27329,0.54007,0.2517,18.822,17.65619,16.81742,15.76154,15.48382
2016-12-26,18.22,19.69,19.76,18.01,305128.0,600843,0.06721,0.016,0.12002,0.36831,0.72719,0.2903,18.884,17.75667,16.9029,15.82894,15.50183
2016-12-27,19.6,20.19,20.48,19.4,406894.0,600843,0.02539,0.1063,0.15768,0.40599,0.71392,0.4705,19.272,17.88762,16.99694,15.89732,15.52809
2016-12-28,19.85,19.67,19.96,19.45,198935.0,600843,-0.02576,0.04019,0.17996,0.41307,0.70156,0.45812,19.424,18.03048,17.08968,15.96325,15.55321
2016-12-29,19.72,19.37,19.72,19.0,151843.0,600843,-0.01525,0.01308,0.15366,0.37473,0.63047,0.35077,19.474,18.15333,17.17484,16.02415,15.57366
2016-12-30,19.3,18.82,19.87,18.76,179371.0,600843,-0.02839,0.02005,0.11891,0.35298,0.51408,0.24718,19.548,18.24857,17.25403,16.0761,15.58882
2017-01-03,18.75,19.21,19.35,18.51,135063.0,600843,0.02072,-0.02438,0.16991,0.29447,0.56306,0.2605,19.452,18.38143,17.32452,16.13236,15.60496
2017-01-04,19.1,19.58,19.63,18.7,176006.0,600843,0.01926,-0.03021,0.1838,0.31852,0.69377,0.26323,19.33,18.52619,17.40081,16.19756,15.62154
2017-01-05,19.6,19.49,19.66,19.15,177509.0,600843,-0.0046,-0.00915,0.12399,0.28224,0.53223,0.16358,19.294,18.62857,17.47,16.2526,15.63268
2017-01-06,19.3,19.92,20.2,19.01,260026.0,600843,0.02206,0.02839,0.14747,0.24969,0.46363,0.23958,19.404,18.75048,17.53419,16.3039,15.64833
2017-01-09,19.72,20.3,20.41,19.62,225606.0,600843,0.01908,0.07864,0.15145,0.28725,0.65579,0.40387,19.7,18.87762,17.60726,16.36927,15.67207
2017-01-10,20.3,19.12,20.32,19.1,203043.0,600843,-0.05813,-0.00469,0.09948,0.23037,0.49258,0.44193,19.682,18.96,17.665,16.42057,15.69589
2017-01-11,18.85,18.08,18.88,18.05,179596.0,600843,-0.05439,-0.07661,0.10311,0.14721,0.42138,0.25035,19.382,19.04048,17.70242,16.46415,15.71061
2017-01-12,17.95,18.24,18.71,17.8,116058.0,600843,0.00885,-0.06414,0.06917,0.14861,0.37973,0.17906,19.132,19.09667,17.74048,16.50496,15.72187
2017-01-13,18.2,17.63,18.45,17.6,102945.0,600843,-0.03344,-0.11496,-0.01508,0.09913,0.43101,0.21502,18.674,19.08381,17.76613,16.54813,15.73455
